threat_id,timestamp,threat_name,threat_category,indicator_type,indicator_value,source_name,confidence_score,severity,risk_score,status,first_seen,last_seen,country_or_region_optional,description,mitre_tactic_optional,mitre_technique_optional,cve_id_optional,campaign_id,observation_window
THR-2026-0001,2026-10-03T00:00:00,Synthetic Malware Observation 1,MALWARE,URL,https://demo.invalid/threat/1,Security Vendor,77,MEDIUM,65,NEW,2026-09-09,2026-10-03,Demo,SYNTHETIC / DEMO ONLY. This record is safe educational data and is not evidence of a real attack.,, ,,CAMP-01,2026-09-09
THR-2026-0002,2026-04-30T00:00:00,Synthetic Malware Observation 2,MALWARE,IP ADDRESS,198.51.100.3,Public Threat Feed,51,MEDIUM,60,CLOSED,2026-04-18,2026-04-30,Demo,SYNTHETIC / DEMO ONLY. This record is safe educational data and is not evidence of a real attack.,Persistence,Account Access Removal,,CAMP-02,2026-04-18
THR-2026-0003,2026-06-08T00:00:00,Synthetic Malware Observation 3,MALWARE,CVE ID,CVE-2026-1003,Public Threat Feed,80,MEDIUM,66,CLOSED,2026-06-08,2026-06-08,Global,SYNTHETIC / DEMO ONLY. This record is safe educational data and is not evidence of a real attack.,Command and Control,Application Layer Protocol,CVE-2026-1003,CAMP-03,2026-06-08
THR-2026-0004,2026-09-21T00:00:00,Synthetic Malware Observation 4,MALWARE,FILE HASH,9bc9a4f2ff5e3b2d7f968f44e1ef7e093056a22f363741faad57b73a005378f6,Research Report,80,CRITICAL,85,FALSE_POSITIVE,2026-09-09,2026-09-21,Global,SYNTHETIC / DEMO ONLY. This record is safe educational data and is not evidence of a real attack.,Persistence,Account Access Removal,,CAMP-04,2026-09-09
THR-2026-0005,2026-03-16T00:00:00,Synthetic Data Exposure Observation 5,DATA EXPOSURE,EMAIL/SENDER DOMAIN,alerts.example.net,Security Vendor,81,HIGH,69,CLOSED,2026-02-22,2026-03-16,US,SYNTHETIC / DEMO ONLY. This record is safe educational data and is not evidence of a real attack.,Exfiltration,Exfiltration Over Web Service,,CAMP-05,2026-02-22
THR-2026-0006,2026-06-24T00:00:00,Synthetic Malware Observation 6,MALWARE,CVE ID,CVE-2026-1006,Research Report,88,HIGH,84,CLOSED,2026-06-07,2026-06-24,US,SYNTHETIC / DEMO ONLY. This record is safe educational data and is not evidence of a real attack.,, ,CVE-2026-1006,CAMP-06,2026-06-07
THR-2026-0007,2026-04-21T00:00:00,Synthetic Web Threats Observation 7,WEB THREATS,URL,https://demo.invalid/threat/7,Research Report,54,INFORMATIONAL,57,FALSE_POSITIVE,2026-04-13,2026-04-21,Global,SYNTHETIC / DEMO ONLY. This record is safe educational data and is not evidence of a real attack.,, ,,CAMP-07,2026-04-13
THR-2026-0008,2026-09-04T00:00:00,Synthetic Vulnerability Exposure Observation 8,VULNERABILITY EXPOSURE,EMAIL/SENDER DOMAIN,alerts.example.net,Security Vendor,47,HIGH,65,CLOSED,2026-08-13,2026-09-04,Global,SYNTHETIC / DEMO ONLY. This record is safe educational data and is not evidence of a real attack.,Persistence,Account Access Removal,,CAMP-08,2026-08-13
THR-2026-0009,2026-03-30T00:00:00,Synthetic Malware Observation 9,MALWARE,CVE ID,CVE-2026-1009,Internal SOC,76,MEDIUM,63,NEW,2026-03-16,2026-03-30,Global,SYNTHETIC / DEMO ONLY. This record is safe educational data and is not evidence of a real attack.,Initial Access,Phishing,CVE-2026-1009,CAMP-09,2026-03-16
THR-2026-0010,2026-11-06T00:00:00,Synthetic Account Security Observation 10,ACCOUNT SECURITY,EMAIL/SENDER DOMAIN,alerts.example.net,Security Vendor,50,CRITICAL,62,NEW,2026-10-07,2026-11-06,EU,SYNTHETIC / DEMO ONLY. This record is safe educational data and is not evidence of a real attack.,Persistence,Account Access Removal,,CAMP-10,2026-10-07
THR-2026-0011,2026-04-08T00:00:00,Synthetic Account Security Observation 11,ACCOUNT SECURITY,EMAIL/SENDER DOMAIN,mail.example.org,Research Report,76,HIGH,74,UNDER_REVIEW,2026-03-09,2026-04-08,US,SYNTHETIC / DEMO ONLY. This record is safe educational data and is not evidence of a real attack.,Persistence,Account Access Removal,,CAMP-11,2026-03-09
THR-2026-0012,2026-02-07T00:00:00,Synthetic Account Security Observation 12,ACCOUNT SECURITY,URL,https://demo.invalid/threat/12,Research Report,69,MEDIUM,64,NEW,2026-01-08,2026-02-07,IN,SYNTHETIC / DEMO ONLY. This record is safe educational data and is not evidence of a real attack.,Credential Access,Valid Accounts,,CAMP-12,2026-01-08
THR-2026-0013,2026-06-19T00:00:00,Synthetic Network Threats Observation 13,NETWORK THREATS,CVE ID,CVE-2026-1013,Internal SOC,94,MEDIUM,62,CLOSED,2026-06-05,2026-06-19,Global,SYNTHETIC / DEMO ONLY. This record is safe educational data and is not evidence of a real attack.,Command and Control,Application Layer Protocol,CVE-2026-1013,CAMP-13,2026-06-05
THR-2026-0014,2026-05-21T00:00:00,Synthetic Account Security Observation 14,ACCOUNT SECURITY,EMAIL/SENDER DOMAIN,alerts.example.net,Internal SOC,54,HIGH,69,UNDER_REVIEW,2026-04-30,2026-05-21,US,SYNTHETIC / DEMO ONLY. This record is safe educational data and is not evidence of a real attack.,Credential Access,Valid Accounts,,CAMP-14,2026-04-30
THR-2026-0015,2026-01-15T00:00:00,Synthetic Phishing Observation 15,PHISHING,CVE ID,CVE-2026-1015,Community Submission,98,MEDIUM,69,UNDER_REVIEW,2026-01-11,2026-01-15,US,SYNTHETIC / DEMO ONLY. This record is safe educational data and is not evidence of a real attack.,Discovery,Network Service Scanning,CVE-2026-1015,CAMP-15,2026-01-11
THR-2026-0016,2026-04-17T00:00:00,Synthetic Ransomware Observation 16,RANSOMWARE,FILE HASH,fe71c54ba7a0fea3b502b35bdd6f49243183cdaf1058bdc3abc71a421b12396d,Public Threat Feed,79,MEDIUM,67,CLOSED,2026-04-06,2026-04-17,Global,SYNTHETIC / DEMO ONLY. This record is safe educational data and is not evidence of a real attack.,Impact,Data Encrypted for Impact,,CAMP-16,2026-04-06
THR-2026-0017,2026-10-21T00:00:00,Synthetic Vulnerability Exposure Observation 17,VULNERABILITY EXPOSURE,URL,https://demo.invalid/threat/17,Internal SOC,65,MEDIUM,67,UNDER_REVIEW,2026-09-26,2026-10-21,US,SYNTHETIC / DEMO ONLY. This record is safe educational data and is not evidence of a real attack.,Persistence,Account Access Removal,,CAMP-17,2026-09-26
THR-2026-0018,2026-07-27T00:00:00,Synthetic Phishing Observation 18,PHISHING,IP ADDRESS,198.51.100.19,Community Submission,86,HIGH,72,FALSE_POSITIVE,2026-06-30,2026-07-27,Demo,SYNTHETIC / DEMO ONLY. This record is safe educational data and is not evidence of a real attack.,Impact,Data Encrypted for Impact,,CAMP-18,2026-06-30
THR-2026-0019,2026-03-12T00:00:00,Synthetic Credential Threats Observation 19,CREDENTIAL THREATS,IP ADDRESS,192.0.2.20,Research Report,62,HIGH,72,UNDER_REVIEW,2026-03-09,2026-03-12,IN,SYNTHETIC / DEMO ONLY. This record is safe educational data and is not evidence of a real attack.,Persistence,Account Access Removal,,CAMP-19,2026-03-09
THR-2026-0020,2026-02-11T00:00:00,Synthetic Phishing Observation 20,PHISHING,URL,https://demo.invalid/threat/20,Security Vendor,56,HIGH,68,MONITORING,2026-02-02,2026-02-11,EU,SYNTHETIC / DEMO ONLY. This record is safe educational data and is not evidence of a real attack.,Command and Control,Application Layer Protocol,,CAMP-20,2026-02-02
THR-2026-0021,2026-02-26T00:00:00,Synthetic Malware Observation 21,MALWARE,IP ADDRESS,198.51.100.22,Internal SOC,94,MEDIUM,63,NEW,2026-02-19,2026-02-26,Demo,SYNTHETIC / DEMO ONLY. This record is safe educational data and is not evidence of a real attack.,Initial Access,Phishing,,CAMP-21,2026-02-19
THR-2026-0022,2026-09-07T00:00:00,Synthetic Account Security Observation 22,ACCOUNT SECURITY,URL,https://demo.invalid/threat/22,Unknown Source,74,MEDIUM,61,MONITORING,2026-08-25,2026-09-07,Demo,SYNTHETIC / DEMO ONLY. This record is safe educational data and is not evidence of a real attack.,Credential Access,Valid Accounts,,CAMP-22,2026-08-25
THR-2026-0023,2026-06-16T00:00:00,Synthetic Web Threats Observation 23,WEB THREATS,FILE HASH,f678be3ccaee67851fbb2b506dac5a251036edb2c4d23bbb1f18093471979d05,Public Threat Feed,97,MEDIUM,66,NEW,2026-05-25,2026-06-16,EU,SYNTHETIC / DEMO ONLY. This record is safe educational data and is not evidence of a real attack.,Command and Control,Application Layer Protocol,,CAMP-23,2026-05-25
THR-2026-0024,2026-04-13T00:00:00,Synthetic Vulnerability Exposure Observation 24,VULNERABILITY EXPOSURE,URL,https://demo.invalid/threat/24,Internal SOC,46,MEDIUM,51,NEW,2026-03-25,2026-04-13,US,SYNTHETIC / DEMO ONLY. This record is safe educational data and is not evidence of a real attack.,Credential Access,Valid Accounts,,CAMP-24,2026-03-25
THR-2026-0025,2026-07-15T00:00:00,Synthetic Data Exposure Observation 25,DATA EXPOSURE,URL,https://demo.invalid/threat/25,Research Report,86,MEDIUM,63,UNDER_REVIEW,2026-07-02,2026-07-15,Global,SYNTHETIC / DEMO ONLY. This record is safe educational data and is not evidence of a real attack.,Exfiltration,Exfiltration Over Web Service,,CAMP-25,2026-07-02
THR-2026-0026,2026-01-12T00:00:00,Synthetic Credential Threats Observation 26,CREDENTIAL THREATS,DOMAIN,demo.invalid,Research Report,46,LOW,51,MONITORING,2026-01-12,2026-01-12,EU,SYNTHETIC / DEMO ONLY. This record is safe educational data and is not evidence of a real attack.,Persistence,Account Access Removal,,CAMP-26,2026-01-12
THR-2026-0027,2026-05-26T00:00:00,Synthetic Ransomware Observation 27,RANSOMWARE,CVE ID,CVE-2026-1027,Internal SOC,98,MEDIUM,71,NEW,2026-05-16,2026-05-26,US,SYNTHETIC / DEMO ONLY. This record is safe educational data and is not evidence of a real attack.,Command and Control,Application Layer Protocol,CVE-2026-1027,CAMP-27,2026-05-16
THR-2026-0028,2026-05-17T00:00:00,Synthetic Social Engineering Observation 28,SOCIAL ENGINEERING,IP ADDRESS,198.51.100.29,Security Vendor,88,CRITICAL,86,MONITORING,2026-04-30,2026-05-17,EU,SYNTHETIC / DEMO ONLY. This record is safe educational data and is not evidence of a real attack.,Persistence,Account Access Removal,,CAMP-28,2026-04-30
THR-2026-0029,2026-04-12T00:00:00,Synthetic Social Engineering Observation 29,SOCIAL ENGINEERING,CVE ID,CVE-2026-1029,Security Vendor,96,MEDIUM,77,CLOSED,2026-03-23,2026-04-12,IN,SYNTHETIC / DEMO ONLY. This record is safe educational data and is not evidence of a real attack.,Exfiltration,Exfiltration Over Web Service,CVE-2026-1029,CAMP-29,2026-03-23
THR-2026-0030,2026-07-27T00:00:00,Synthetic Network Threats Observation 30,NETWORK THREATS,EMAIL/SENDER DOMAIN,mail.example.org,Unknown Source,95,HIGH,66,NEW,2026-07-10,2026-07-27,IN,SYNTHETIC / DEMO ONLY. This record is safe educational data and is not evidence of a real attack.,Persistence,Account Access Removal,,CAMP-30,2026-07-10
THR-2026-0031,2026-07-31T00:00:00,Synthetic Data Exposure Observation 31,DATA EXPOSURE,DOMAIN,example.com,Internal SOC,89,HIGH,78,UNDER_REVIEW,2026-07-14,2026-07-31,Global,SYNTHETIC / DEMO ONLY. This record is safe educational data and is not evidence of a real attack.,Impact,Data Encrypted for Impact,,CAMP-31,2026-07-14
THR-2026-0032,2026-10-14T00:00:00,Synthetic Network Threats Observation 32,NETWORK THREATS,EMAIL/SENDER DOMAIN,mail.example.org,Research Report,47,MEDIUM,54,UNDER_REVIEW,2026-10-05,2026-10-14,IN,SYNTHETIC / DEMO ONLY. This record is safe educational data and is not evidence of a real attack.,Command and Control,Application Layer Protocol,,CAMP-32,2026-10-05
THR-2026-0033,2026-01-21T00:00:00,Synthetic Account Security Observation 33,ACCOUNT SECURITY,CVE ID,CVE-2026-1033,Community Submission,72,MEDIUM,70,UNDER_REVIEW,2026-01-16,2026-01-21,US,SYNTHETIC / DEMO ONLY. This record is safe educational data and is not evidence of a real attack.,Command and Control,Application Layer Protocol,CVE-2026-1033,CAMP-33,2026-01-16
THR-2026-0034,2026-06-10T00:00:00,Synthetic Phishing Observation 34,PHISHING,IP ADDRESS,203.0.113.35,Community Submission,90,MEDIUM,60,UNDER_REVIEW,2026-06-04,2026-06-10,US,SYNTHETIC / DEMO ONLY. This record is safe educational data and is not evidence of a real attack.,Impact,Data Encrypted for Impact,,CAMP-34,2026-06-04
THR-2026-0035,2026-03-13T00:00:00,Synthetic Malware Observation 35,MALWARE,URL,https://demo.invalid/threat/35,Research Report,98,MEDIUM,68,NEW,2026-03-02,2026-03-13,Demo,SYNTHETIC / DEMO ONLY. This record is safe educational data and is not evidence of a real attack.,, ,,CAMP-35,2026-03-02
THR-2026-0036,2026-03-01T00:00:00,Synthetic Data Exposure Observation 36,DATA EXPOSURE,DOMAIN,demo.invalid,Public Threat Feed,88,HIGH,81,MONITORING,2026-02-05,2026-03-01,US,SYNTHETIC / DEMO ONLY. This record is safe educational data and is not evidence of a real attack.,Credential Access,Valid Accounts,,CAMP-36,2026-02-05
THR-2026-0037,2026-06-15T00:00:00,Synthetic Ransomware Observation 37,RANSOMWARE,URL,https://demo.invalid/threat/37,Research Report,80,MEDIUM,71,UNDER_REVIEW,2026-06-10,2026-06-15,EU,SYNTHETIC / DEMO ONLY. This record is safe educational data and is not evidence of a real attack.,Discovery,Network Service Scanning,,CAMP-37,2026-06-10
THR-2026-0038,2026-03-20T00:00:00,Synthetic Network Threats Observation 38,NETWORK THREATS,FILE HASH,5d52c29d419f20d2d48963508a215e655c3f747a6af714de2fd22ffcdd5bb65b,Public Threat Feed,82,HIGH,75,NEW,2026-03-07,2026-03-20,EU,SYNTHETIC / DEMO ONLY. This record is safe educational data and is not evidence of a real attack.,Persistence,Account Access Removal,,CAMP-38,2026-03-07
THR-2026-0039,2026-03-13T00:00:00,Synthetic Web Threats Observation 39,WEB THREATS,FILE HASH,a064939c72a8d2225ad2bc39ec515d0d458fa9f60c66ae482807194e2454f699,Community Submission,79,MEDIUM,62,CLOSED,2026-03-05,2026-03-13,Global,SYNTHETIC / DEMO ONLY. This record is safe educational data and is not evidence of a real attack.,Persistence,Account Access Removal,,CAMP-39,2026-03-05
THR-2026-0040,2026-10-23T00:00:00,Synthetic Vulnerability Exposure Observation 40,VULNERABILITY EXPOSURE,IP ADDRESS,198.51.100.41,Public Threat Feed,66,MEDIUM,64,MONITORING,2026-10-07,2026-10-23,IN,SYNTHETIC / DEMO ONLY. This record is safe educational data and is not evidence of a real attack.,Discovery,Network Service Scanning,,CAMP-00,2026-10-07
THR-2026-0041,2026-09-28T00:00:00,Synthetic Vulnerability Exposure Observation 41,VULNERABILITY EXPOSURE,CVE ID,CVE-2026-1041,Public Threat Feed,62,LOW,54,NEW,2026-09-01,2026-09-28,IN,SYNTHETIC / DEMO ONLY. This record is safe educational data and is not evidence of a real attack.,, ,CVE-2026-1041,CAMP-01,2026-09-01
THR-2026-0042,2026-09-29T00:00:00,Synthetic Credential Threats Observation 42,CREDENTIAL THREATS,CVE ID,CVE-2026-1042,Internal SOC,62,LOW,52,FALSE_POSITIVE,2026-09-21,2026-09-29,US,SYNTHETIC / DEMO ONLY. This record is safe educational data and is not evidence of a real attack.,Command and Control,Application Layer Protocol,CVE-2026-1042,CAMP-02,2026-09-21
THR-2026-0043,2026-04-20T00:00:00,Synthetic Data Exposure Observation 43,DATA EXPOSURE,IP ADDRESS,192.0.2.44,Community Submission,54,CRITICAL,73,CLOSED,2026-03-29,2026-04-20,Demo,SYNTHETIC / DEMO ONLY. This record is safe educational data and is not evidence of a real attack.,Persistence,Account Access Removal,,CAMP-03,2026-03-29
THR-2026-0044,2026-09-27T00:00:00,Synthetic Account Security Observation 44,ACCOUNT SECURITY,EMAIL/SENDER DOMAIN,alerts.example.net,Public Threat Feed,46,LOW,47,MONITORING,2026-09-20,2026-09-27,EU,SYNTHETIC / DEMO ONLY. This record is safe educational data and is not evidence of a real attack.,, ,,CAMP-04,2026-09-20
THR-2026-0045,2026-01-27T00:00:00,Synthetic Account Security Observation 45,ACCOUNT SECURITY,FILE HASH,51032d7b563b26da085bf16c937ecab4060cb9cd5ed29f593862b0b7689a8880,Public Threat Feed,65,MEDIUM,57,CLOSED,2026-01-12,2026-01-27,US,SYNTHETIC / DEMO ONLY. This record is safe educational data and is not evidence of a real attack.,Command and Control,Application Layer Protocol,,CAMP-05,2026-01-12
THR-2026-0046,2026-08-26T00:00:00,Synthetic Network Threats Observation 46,NETWORK THREATS,URL,https://demo.invalid/threat/46,Unknown Source,91,MEDIUM,66,FALSE_POSITIVE,2026-07-30,2026-08-26,Demo,SYNTHETIC / DEMO ONLY. This record is safe educational data and is not evidence of a real attack.,Credential Access,Valid Accounts,,CAMP-06,2026-07-30
THR-2026-0047,2026-07-09T00:00:00,Synthetic Web Threats Observation 47,WEB THREATS,FILE HASH,3b1982fe4aa09d7a113c464c780615fc75303674b84db897a2f1e18822ad1405,Community Submission,77,HIGH,77,UNDER_REVIEW,2026-07-04,2026-07-09,EU,SYNTHETIC / DEMO ONLY. This record is safe educational data and is not evidence of a real attack.,Credential Access,Valid Accounts,,CAMP-07,2026-07-04
THR-2026-0048,2026-09-02T00:00:00,Synthetic Data Exposure Observation 48,DATA EXPOSURE,EMAIL/SENDER DOMAIN,alerts.example.net,Community Submission,85,HIGH,71,FALSE_POSITIVE,2026-08-26,2026-09-02,US,SYNTHETIC / DEMO ONLY. This record is safe educational data and is not evidence of a real attack.,Discovery,Network Service Scanning,,CAMP-08,2026-08-26
THR-2026-0049,2026-08-06T00:00:00,Synthetic Data Exposure Observation 49,DATA EXPOSURE,DOMAIN,example.org,Community Submission,62,HIGH,72,FALSE_POSITIVE,2026-07-20,2026-08-06,US,SYNTHETIC / DEMO ONLY. This record is safe educational data and is not evidence of a real attack.,Discovery,Network Service Scanning,,CAMP-09,2026-07-20
THR-2026-0050,2026-04-06T00:00:00,Synthetic Ransomware Observation 50,RANSOMWARE,DOMAIN,example.net,Security Vendor,96,HIGH,69,CLOSED,2026-04-02,2026-04-06,US,SYNTHETIC / DEMO ONLY. This record is safe educational data and is not evidence of a real attack.,Persistence,Account Access Removal,,CAMP-10,2026-04-02
THR-2026-0051,2026-01-24T00:00:00,Synthetic Ransomware Observation 51,RANSOMWARE,CVE ID,CVE-2026-1051,Community Submission,56,LOW,58,MONITORING,2026-01-15,2026-01-24,Demo,SYNTHETIC / DEMO ONLY. This record is safe educational data and is not evidence of a real attack.,Discovery,Network Service Scanning,CVE-2026-1051,CAMP-11,2026-01-15
THR-2026-0052,2026-02-05T00:00:00,Synthetic Malware Observation 52,MALWARE,FILE HASH,e3f8326b498e0d956ea2f5a9cecd878a1d0a9d221e2614f9fd96805cbcf8a6f5,Internal SOC,71,HIGH,70,NEW,2026-01-21,2026-02-05,EU,SYNTHETIC / DEMO ONLY. This record is safe educational data and is not evidence of a real attack.,Initial Access,Phishing,,CAMP-12,2026-01-21
THR-2026-0053,2026-09-21T00:00:00,Synthetic Account Security Observation 53,ACCOUNT SECURITY,CVE ID,CVE-2026-1053,Research Report,97,HIGH,72,CLOSED,2026-09-15,2026-09-21,US,SYNTHETIC / DEMO ONLY. This record is safe educational data and is not evidence of a real attack.,Credential Access,Valid Accounts,CVE-2026-1053,CAMP-13,2026-09-15
THR-2026-0054,2026-08-28T00:00:00,Synthetic Ransomware Observation 54,RANSOMWARE,DOMAIN,demo.invalid,Public Threat Feed,76,LOW,60,UNDER_REVIEW,2026-08-05,2026-08-28,EU,SYNTHETIC / DEMO ONLY. This record is safe educational data and is not evidence of a real attack.,Exfiltration,Exfiltration Over Web Service,,CAMP-14,2026-08-05
THR-2026-0055,2026-07-23T00:00:00,Synthetic Social Engineering Observation 55,SOCIAL ENGINEERING,EMAIL/SENDER DOMAIN,mail.example.org,Security Vendor,50,HIGH,56,UNDER_REVIEW,2026-07-01,2026-07-23,Global,SYNTHETIC / DEMO ONLY. This record is safe educational data and is not evidence of a real attack.,Impact,Data Encrypted for Impact,,CAMP-15,2026-07-01
THR-2026-0056,2026-01-20T00:00:00,Synthetic Credential Threats Observation 56,CREDENTIAL THREATS,FILE HASH,8d75fb91e0f1591568ba81c3106d53fb471a13619a49aa143b5efc129c78a124,Public Threat Feed,54,INFORMATIONAL,48,MONITORING,2026-01-05,2026-01-20,Global,SYNTHETIC / DEMO ONLY. This record is safe educational data and is not evidence of a real attack.,, ,,CAMP-16,2026-01-05
THR-2026-0057,2026-02-23T00:00:00,Synthetic Ransomware Observation 57,RANSOMWARE,IP ADDRESS,198.51.100.58,Unknown Source,80,HIGH,76,NEW,2026-01-25,2026-02-23,Global,SYNTHETIC / DEMO ONLY. This record is safe educational data and is not evidence of a real attack.,Command and Control,Application Layer Protocol,,CAMP-17,2026-01-25
THR-2026-0058,2026-03-01T00:00:00,Synthetic Social Engineering Observation 58,SOCIAL ENGINEERING,URL,https://demo.invalid/threat/58,Internal SOC,95,MEDIUM,63,FALSE_POSITIVE,2026-02-11,2026-03-01,Global,SYNTHETIC / DEMO ONLY. This record is safe educational data and is not evidence of a real attack.,Initial Access,Phishing,,CAMP-18,2026-02-11
THR-2026-0059,2026-01-16T00:00:00,Synthetic Account Security Observation 59,ACCOUNT SECURITY,IP ADDRESS,192.0.2.60,Internal SOC,86,MEDIUM,80,NEW,2026-01-12,2026-01-16,Global,SYNTHETIC / DEMO ONLY. This record is safe educational data and is not evidence of a real attack.,Command and Control,Application Layer Protocol,,CAMP-19,2026-01-12
THR-2026-0060,2026-03-26T00:00:00,Synthetic Malware Observation 60,MALWARE,DOMAIN,example.org,Public Threat Feed,61,MEDIUM,50,CLOSED,2026-03-03,2026-03-26,US,SYNTHETIC / DEMO ONLY. This record is safe educational data and is not evidence of a real attack.,Command and Control,Application Layer Protocol,,CAMP-20,2026-03-03
THR-2026-0061,2026-06-23T00:00:00,Synthetic Network Threats Observation 61,NETWORK THREATS,CVE ID,CVE-2026-1061,Research Report,89,CRITICAL,84,UNDER_REVIEW,2026-06-10,2026-06-23,Demo,SYNTHETIC / DEMO ONLY. This record is safe educational data and is not evidence of a real attack.,Initial Access,Phishing,CVE-2026-1061,CAMP-21,2026-06-10
THR-2026-0062,2026-09-29T00:00:00,Synthetic Ransomware Observation 62,RANSOMWARE,FILE HASH,a4c9c83862cfe8b7175d65e2fde801f0b4c34ff6c6e9252fdea3886887b8e6c2,Security Vendor,52,LOW,65,CLOSED,2026-09-29,2026-09-29,IN,SYNTHETIC / DEMO ONLY. This record is safe educational data and is not evidence of a real attack.,, ,,CAMP-22,2026-09-29
THR-2026-0063,2026-09-06T00:00:00,Synthetic Data Exposure Observation 63,DATA EXPOSURE,FILE HASH,5d9e9eb258618140d8b58975a2405e45be6eeb9a04d38dda102da6a0bf020faf,Public Threat Feed,63,HIGH,72,FALSE_POSITIVE,2026-08-10,2026-09-06,Demo,SYNTHETIC / DEMO ONLY. This record is safe educational data and is not evidence of a real attack.,Initial Access,Phishing,,CAMP-23,2026-08-10
THR-2026-0064,2026-04-12T00:00:00,Synthetic Ransomware Observation 64,RANSOMWARE,EMAIL/SENDER DOMAIN,mail.example.org,Internal SOC,68,LOW,59,CLOSED,2026-03-29,2026-04-12,Global,SYNTHETIC / DEMO ONLY. This record is safe educational data and is not evidence of a real attack.,Exfiltration,Exfiltration Over Web Service,,CAMP-24,2026-03-29
THR-2026-0065,2026-02-21T00:00:00,Synthetic Phishing Observation 65,PHISHING,DOMAIN,example.com,Security Vendor,61,LOW,58,FALSE_POSITIVE,2026-02-13,2026-02-21,IN,SYNTHETIC / DEMO ONLY. This record is safe educational data and is not evidence of a real attack.,Impact,Data Encrypted for Impact,,CAMP-25,2026-02-13
THR-2026-0066,2026-09-05T00:00:00,Synthetic Social Engineering Observation 66,SOCIAL ENGINEERING,EMAIL/SENDER DOMAIN,mail.example.org,Security Vendor,67,HIGH,72,NEW,2026-09-04,2026-09-05,EU,SYNTHETIC / DEMO ONLY. This record is safe educational data and is not evidence of a real attack.,Persistence,Account Access Removal,,CAMP-26,2026-09-04
THR-2026-0067,2026-10-12T00:00:00,Synthetic Credential Threats Observation 67,CREDENTIAL THREATS,IP ADDRESS,198.51.100.68,Internal SOC,86,MEDIUM,63,FALSE_POSITIVE,2026-10-07,2026-10-12,EU,SYNTHETIC / DEMO ONLY. This record is safe educational data and is not evidence of a real attack.,Discovery,Network Service Scanning,,CAMP-27,2026-10-07
THR-2026-0068,2026-08-03T00:00:00,Synthetic Credential Threats Observation 68,CREDENTIAL THREATS,EMAIL/SENDER DOMAIN,alerts.example.net,Unknown Source,50,MEDIUM,51,FALSE_POSITIVE,2026-07-17,2026-08-03,US,SYNTHETIC / DEMO ONLY. This record is safe educational data and is not evidence of a real attack.,Credential Access,Valid Accounts,,CAMP-28,2026-07-17
THR-2026-0069,2026-04-11T00:00:00,Synthetic Ransomware Observation 69,RANSOMWARE,DOMAIN,example.com,Public Threat Feed,57,LOW,61,NEW,2026-03-28,2026-04-11,US,SYNTHETIC / DEMO ONLY. This record is safe educational data and is not evidence of a real attack.,Credential Access,Valid Accounts,,CAMP-29,2026-03-28
THR-2026-0070,2026-09-28T00:00:00,Synthetic Account Security Observation 70,ACCOUNT SECURITY,EMAIL/SENDER DOMAIN,mail.example.org,Internal SOC,97,HIGH,78,CLOSED,2026-09-11,2026-09-28,IN,SYNTHETIC / DEMO ONLY. This record is safe educational data and is not evidence of a real attack.,Credential Access,Valid Accounts,,CAMP-30,2026-09-11
THR-2026-0071,2026-01-31T00:00:00,Synthetic Social Engineering Observation 71,SOCIAL ENGINEERING,CVE ID,CVE-2026-1071,Security Vendor,81,MEDIUM,68,NEW,2026-01-11,2026-01-31,Global,SYNTHETIC / DEMO ONLY. This record is safe educational data and is not evidence of a real attack.,Persistence,Account Access Removal,CVE-2026-1071,CAMP-31,2026-01-11
THR-2026-0072,2026-07-24T00:00:00,Synthetic Credential Threats Observation 72,CREDENTIAL THREATS,URL,https://demo.invalid/threat/72,Unknown Source,81,MEDIUM,56,CLOSED,2026-06-25,2026-07-24,Demo,SYNTHETIC / DEMO ONLY. This record is safe educational data and is not evidence of a real attack.,Impact,Data Encrypted for Impact,,CAMP-32,2026-06-25
THR-2026-0073,2026-02-08T00:00:00,Synthetic Malware Observation 73,MALWARE,DOMAIN,example.net,Security Vendor,93,HIGH,78,CLOSED,2026-02-04,2026-02-08,EU,SYNTHETIC / DEMO ONLY. This record is safe educational data and is not evidence of a real attack.,Initial Access,Phishing,,CAMP-33,2026-02-04
THR-2026-0074,2026-02-26T00:00:00,Synthetic Phishing Observation 74,PHISHING,FILE HASH,9491dba03a5cc2aa9de0c65610a95c2d6be2c0d6d3e079fce48642b9fbce409e,Research Report,54,HIGH,64,NEW,2026-02-19,2026-02-26,Global,SYNTHETIC / DEMO ONLY. This record is safe educational data and is not evidence of a real attack.,Command and Control,Application Layer Protocol,,CAMP-34,2026-02-19
THR-2026-0075,2026-09-07T00:00:00,Synthetic Web Threats Observation 75,WEB THREATS,FILE HASH,3c5f93a89786d821b12f2b548372ed763906f741fe5b1ee564974db597d1b339,Security Vendor,91,HIGH,79,NEW,2026-08-29,2026-09-07,Demo,SYNTHETIC / DEMO ONLY. This record is safe educational data and is not evidence of a real attack.,Command and Control,Application Layer Protocol,,CAMP-35,2026-08-29
THR-2026-0076,2026-04-20T00:00:00,Synthetic Data Exposure Observation 76,DATA EXPOSURE,IP ADDRESS,192.0.2.77,Research Report,89,LOW,63,UNDER_REVIEW,2026-03-26,2026-04-20,Demo,SYNTHETIC / DEMO ONLY. This record is safe educational data and is not evidence of a real attack.,Credential Access,Valid Accounts,,CAMP-36,2026-03-26
THR-2026-0077,2026-07-24T00:00:00,Synthetic Network Threats Observation 77,NETWORK THREATS,CVE ID,CVE-2026-1077,Security Vendor,58,MEDIUM,66,UNDER_REVIEW,2026-06-27,2026-07-24,Demo,SYNTHETIC / DEMO ONLY. This record is safe educational data and is not evidence of a real attack.,, ,CVE-2026-1077,CAMP-37,2026-06-27
THR-2026-0078,2026-03-20T00:00:00,Synthetic Web Threats Observation 78,WEB THREATS,IP ADDRESS,203.0.113.79,Research Report,97,HIGH,76,NEW,2026-03-06,2026-03-20,Demo,SYNTHETIC / DEMO ONLY. This record is safe educational data and is not evidence of a real attack.,Exfiltration,Exfiltration Over Web Service,,CAMP-38,2026-03-06
THR-2026-0079,2026-05-18T00:00:00,Synthetic Web Threats Observation 79,WEB THREATS,CVE ID,CVE-2026-1079,Unknown Source,83,INFORMATIONAL,61,FALSE_POSITIVE,2026-04-26,2026-05-18,Demo,SYNTHETIC / DEMO ONLY. This record is safe educational data and is not evidence of a real attack.,Persistence,Account Access Removal,CVE-2026-1079,CAMP-39,2026-04-26
THR-2026-0080,2026-08-20T00:00:00,Synthetic Network Threats Observation 80,NETWORK THREATS,URL,https://demo.invalid/threat/80,Security Vendor,78,HIGH,72,FALSE_POSITIVE,2026-08-08,2026-08-20,Demo,SYNTHETIC / DEMO ONLY. This record is safe educational data and is not evidence of a real attack.,Command and Control,Application Layer Protocol,,CAMP-00,2026-08-08
THR-2026-0081,2026-09-28T00:00:00,Synthetic Vulnerability Exposure Observation 81,VULNERABILITY EXPOSURE,URL,https://demo.invalid/threat/81,Research Report,46,HIGH,57,UNDER_REVIEW,2026-09-09,2026-09-28,Global,SYNTHETIC / DEMO ONLY. This record is safe educational data and is not evidence of a real attack.,Exfiltration,Exfiltration Over Web Service,,CAMP-01,2026-09-09
THR-2026-0082,2026-07-26T00:00:00,Synthetic Data Exposure Observation 82,DATA EXPOSURE,DOMAIN,example.net,Unknown Source,79,MEDIUM,53,FALSE_POSITIVE,2026-07-23,2026-07-26,IN,SYNTHETIC / DEMO ONLY. This record is safe educational data and is not evidence of a real attack.,, ,,CAMP-02,2026-07-23
THR-2026-0083,2026-09-13T00:00:00,Synthetic Vulnerability Exposure Observation 83,VULNERABILITY EXPOSURE,DOMAIN,example.com,Unknown Source,45,MEDIUM,49,NEW,2026-08-24,2026-09-13,US,SYNTHETIC / DEMO ONLY. This record is safe educational data and is not evidence of a real attack.,Exfiltration,Exfiltration Over Web Service,,CAMP-03,2026-08-24
THR-2026-0084,2026-04-01T00:00:00,Synthetic Data Exposure Observation 84,DATA EXPOSURE,FILE HASH,0036978c7892b496739ebb29e1ce28bb187eab3a1838dc7eb8944712820a5aa2,Internal SOC,56,MEDIUM,53,FALSE_POSITIVE,2026-03-18,2026-04-01,Global,SYNTHETIC / DEMO ONLY. This record is safe educational data and is not evidence of a real attack.,, ,,CAMP-04,2026-03-18
THR-2026-0085,2026-02-15T00:00:00,Synthetic Ransomware Observation 85,RANSOMWARE,IP ADDRESS,198.51.100.86,Unknown Source,74,INFORMATIONAL,56,NEW,2026-02-01,2026-02-15,IN,SYNTHETIC / DEMO ONLY. This record is safe educational data and is not evidence of a real attack.,, ,,CAMP-05,2026-02-01
THR-2026-0086,2026-03-08T00:00:00,Synthetic Vulnerability Exposure Observation 86,VULNERABILITY EXPOSURE,DOMAIN,example.com,Security Vendor,49,MEDIUM,61,FALSE_POSITIVE,2026-02-25,2026-03-08,Demo,SYNTHETIC / DEMO ONLY. This record is safe educational data and is not evidence of a real attack.,Impact,Data Encrypted for Impact,,CAMP-06,2026-02-25
THR-2026-0087,2026-08-27T00:00:00,Synthetic Web Threats Observation 87,WEB THREATS,URL,https://demo.invalid/threat/87,Community Submission,72,HIGH,64,FALSE_POSITIVE,2026-07-30,2026-08-27,EU,SYNTHETIC / DEMO ONLY. This record is safe educational data and is not evidence of a real attack.,Credential Access,Valid Accounts,,CAMP-07,2026-07-30
THR-2026-0088,2026-08-11T00:00:00,Synthetic Network Threats Observation 88,NETWORK THREATS,FILE HASH,e07ee336febf925c5831559b7c80008b5ba0bef38dec3467a92c9ec3e3f16962,Community Submission,82,HIGH,74,FALSE_POSITIVE,2026-08-03,2026-08-11,EU,SYNTHETIC / DEMO ONLY. This record is safe educational data and is not evidence of a real attack.,Initial Access,Phishing,,CAMP-08,2026-08-03
THR-2026-0089,2026-07-29T00:00:00,Synthetic Data Exposure Observation 89,DATA EXPOSURE,FILE HASH,b8e6e6ea072c793255b57472cb758561165e15b97d8ba13e7ef40dcd07aee2e4,Public Threat Feed,92,MEDIUM,67,MONITORING,2026-07-03,2026-07-29,IN,SYNTHETIC / DEMO ONLY. This record is safe educational data and is not evidence of a real attack.,Persistence,Account Access Removal,,CAMP-09,2026-07-03
THR-2026-0090,2026-08-16T00:00:00,Synthetic Account Security Observation 90,ACCOUNT SECURITY,DOMAIN,demo.invalid,Community Submission,57,INFORMATIONAL,46,CLOSED,2026-07-27,2026-08-16,IN,SYNTHETIC / DEMO ONLY. This record is safe educational data and is not evidence of a real attack.,Exfiltration,Exfiltration Over Web Service,,CAMP-10,2026-07-27
THR-2026-0091,2026-02-01T00:00:00,Synthetic Network Threats Observation 91,NETWORK THREATS,FILE HASH,399c7d7c71fabdd77fa9b6cb97fd81b29327bcfe66be97e5d90ccc8bd673993d,Research Report,73,HIGH,80,MONITORING,2026-01-08,2026-02-01,EU,SYNTHETIC / DEMO ONLY. This record is safe educational data and is not evidence of a real attack.,Command and Control,Application Layer Protocol,,CAMP-11,2026-01-08
THR-2026-0092,2026-10-21T00:00:00,Synthetic Social Engineering Observation 92,SOCIAL ENGINEERING,IP ADDRESS,192.0.2.93,Public Threat Feed,74,MEDIUM,60,CLOSED,2026-10-04,2026-10-21,EU,SYNTHETIC / DEMO ONLY. This record is safe educational data and is not evidence of a real attack.,Initial Access,Phishing,,CAMP-12,2026-10-04
THR-2026-0093,2026-02-01T00:00:00,Synthetic Vulnerability Exposure Observation 93,VULNERABILITY EXPOSURE,URL,https://demo.invalid/threat/93,Security Vendor,90,CRITICAL,74,NEW,2026-01-30,2026-02-01,EU,SYNTHETIC / DEMO ONLY. This record is safe educational data and is not evidence of a real attack.,Discovery,Network Service Scanning,,CAMP-13,2026-01-30
THR-2026-0094,2026-08-10T00:00:00,Synthetic Account Security Observation 94,ACCOUNT SECURITY,EMAIL/SENDER DOMAIN,mail.example.org,Internal SOC,88,MEDIUM,59,NEW,2026-08-03,2026-08-10,Demo,SYNTHETIC / DEMO ONLY. This record is safe educational data and is not evidence of a real attack.,Credential Access,Valid Accounts,,CAMP-14,2026-08-03
THR-2026-0095,2026-08-20T00:00:00,Synthetic Vulnerability Exposure Observation 95,VULNERABILITY EXPOSURE,IP ADDRESS,198.51.100.96,Public Threat Feed,98,LOW,62,UNDER_REVIEW,2026-08-14,2026-08-20,EU,SYNTHETIC / DEMO ONLY. This record is safe educational data and is not evidence of a real attack.,Initial Access,Phishing,,CAMP-15,2026-08-14
THR-2026-0096,2026-09-16T00:00:00,Synthetic Data Exposure Observation 96,DATA EXPOSURE,DOMAIN,example.com,Public Threat Feed,90,HIGH,71,NEW,2026-09-02,2026-09-16,US,SYNTHETIC / DEMO ONLY. This record is safe educational data and is not evidence of a real attack.,Impact,Data Encrypted for Impact,,CAMP-16,2026-09-02
THR-2026-0097,2026-06-19T00:00:00,Synthetic Vulnerability Exposure Observation 97,VULNERABILITY EXPOSURE,DOMAIN,example.com,Internal SOC,92,MEDIUM,73,UNDER_REVIEW,2026-06-14,2026-06-19,Global,SYNTHETIC / DEMO ONLY. This record is safe educational data and is not evidence of a real attack.,Persistence,Account Access Removal,,CAMP-17,2026-06-14
THR-2026-0098,2026-04-29T00:00:00,Synthetic Vulnerability Exposure Observation 98,VULNERABILITY EXPOSURE,IP ADDRESS,198.51.100.99,Internal SOC,49,MEDIUM,49,MONITORING,2026-04-23,2026-04-29,Demo,SYNTHETIC / DEMO ONLY. This record is safe educational data and is not evidence of a real attack.,Command and Control,Application Layer Protocol,,CAMP-18,2026-04-23
THR-2026-0099,2026-04-02T00:00:00,Synthetic Data Exposure Observation 99,DATA EXPOSURE,IP ADDRESS,203.0.113.100,Public Threat Feed,49,HIGH,65,NEW,2026-03-29,2026-04-02,Global,SYNTHETIC / DEMO ONLY. This record is safe educational data and is not evidence of a real attack.,Discovery,Network Service Scanning,,CAMP-19,2026-03-29
THR-2026-0100,2026-09-02T00:00:00,Synthetic Web Threats Observation 100,WEB THREATS,EMAIL/SENDER DOMAIN,alerts.example.net,Community Submission,68,HIGH,66,NEW,2026-08-31,2026-09-02,Demo,SYNTHETIC / DEMO ONLY. This record is safe educational data and is not evidence of a real attack.,Impact,Data Encrypted for Impact,,CAMP-20,2026-08-31
THR-2026-0101,2026-09-02T00:00:00,Synthetic Network Threats Observation 101,NETWORK THREATS,DOMAIN,example.org,Public Threat Feed,75,HIGH,65,NEW,2026-08-21,2026-09-02,EU,SYNTHETIC / DEMO ONLY. This record is safe educational data and is not evidence of a real attack.,Credential Access,Valid Accounts,,CAMP-21,2026-08-21
THR-2026-0102,2026-06-23T00:00:00,Synthetic Vulnerability Exposure Observation 102,VULNERABILITY EXPOSURE,IP ADDRESS,192.0.2.103,Security Vendor,63,MEDIUM,52,UNDER_REVIEW,2026-05-30,2026-06-23,Demo,SYNTHETIC / DEMO ONLY. This record is safe educational data and is not evidence of a real attack.,Exfiltration,Exfiltration Over Web Service,,CAMP-22,2026-05-30
THR-2026-0103,2026-09-29T00:00:00,Synthetic Phishing Observation 103,PHISHING,IP ADDRESS,203.0.113.104,Public Threat Feed,57,CRITICAL,65,FALSE_POSITIVE,2026-09-13,2026-09-29,Demo,SYNTHETIC / DEMO ONLY. This record is safe educational data and is not evidence of a real attack.,Exfiltration,Exfiltration Over Web Service,,CAMP-23,2026-09-13
THR-2026-0104,2026-07-22T00:00:00,Synthetic Credential Threats Observation 104,CREDENTIAL THREATS,IP ADDRESS,192.0.2.105,Community Submission,88,MEDIUM,73,MONITORING,2026-06-25,2026-07-22,Demo,SYNTHETIC / DEMO ONLY. This record is safe educational data and is not evidence of a real attack.,Command and Control,Application Layer Protocol,,CAMP-24,2026-06-25
THR-2026-0105,2026-02-16T00:00:00,Synthetic Data Exposure Observation 105,DATA EXPOSURE,URL,https://demo.invalid/threat/105,Research Report,79,HIGH,69,UNDER_REVIEW,2026-01-27,2026-02-16,Global,SYNTHETIC / DEMO ONLY. This record is safe educational data and is not evidence of a real attack.,Initial Access,Phishing,,CAMP-25,2026-01-27
THR-2026-0106,2026-05-18T00:00:00,Synthetic Vulnerability Exposure Observation 106,VULNERABILITY EXPOSURE,IP ADDRESS,203.0.113.107,Security Vendor,86,HIGH,71,MONITORING,2026-05-05,2026-05-18,US,SYNTHETIC / DEMO ONLY. This record is safe educational data and is not evidence of a real attack.,Discovery,Network Service Scanning,,CAMP-26,2026-05-05
THR-2026-0107,2026-04-04T00:00:00,Synthetic Social Engineering Observation 107,SOCIAL ENGINEERING,CVE ID,CVE-2026-1107,Unknown Source,47,INFORMATIONAL,50,FALSE_POSITIVE,2026-03-09,2026-04-04,EU,SYNTHETIC / DEMO ONLY. This record is safe educational data and is not evidence of a real attack.,Discovery,Network Service Scanning,CVE-2026-1107,CAMP-27,2026-03-09
THR-2026-0108,2026-02-27T00:00:00,Synthetic Ransomware Observation 108,RANSOMWARE,URL,https://demo.invalid/threat/108,Public Threat Feed,63,HIGH,74,UNDER_REVIEW,2026-02-15,2026-02-27,Demo,SYNTHETIC / DEMO ONLY. This record is safe educational data and is not evidence of a real attack.,Exfiltration,Exfiltration Over Web Service,,CAMP-28,2026-02-15
THR-2026-0109,2026-07-06T00:00:00,Synthetic Data Exposure Observation 109,DATA EXPOSURE,CVE ID,CVE-2026-1109,Security Vendor,94,MEDIUM,73,MONITORING,2026-06-19,2026-07-06,US,SYNTHETIC / DEMO ONLY. This record is safe educational data and is not evidence of a real attack.,Credential Access,Valid Accounts,CVE-2026-1109,CAMP-29,2026-06-19
THR-2026-0110,2026-08-22T00:00:00,Synthetic Malware Observation 110,MALWARE,FILE HASH,b97a4200714ffc419f25a44dce330a0502c5ea24fa4cf987d0b517f70d54e7e3,Unknown Source,91,LOW,65,MONITORING,2026-08-21,2026-08-22,IN,SYNTHETIC / DEMO ONLY. This record is safe educational data and is not evidence of a real attack.,Persistence,Account Access Removal,,CAMP-30,2026-08-21
THR-2026-0111,2026-10-12T00:00:00,Synthetic Phishing Observation 111,PHISHING,URL,https://demo.invalid/threat/111,Unknown Source,94,HIGH,78,MONITORING,2026-09-26,2026-10-12,Global,SYNTHETIC / DEMO ONLY. This record is safe educational data and is not evidence of a real attack.,Exfiltration,Exfiltration Over Web Service,,CAMP-31,2026-09-26
THR-2026-0112,2026-07-11T00:00:00,Synthetic Malware Observation 112,MALWARE,IP ADDRESS,192.0.2.113,Public Threat Feed,62,HIGH,59,FALSE_POSITIVE,2026-06-16,2026-07-11,EU,SYNTHETIC / DEMO ONLY. This record is safe educational data and is not evidence of a real attack.,Command and Control,Application Layer Protocol,,CAMP-32,2026-06-16
THR-2026-0113,2026-10-17T00:00:00,Synthetic Phishing Observation 113,PHISHING,CVE ID,CVE-2026-1113,Community Submission,55,MEDIUM,65,UNDER_REVIEW,2026-09-23,2026-10-17,EU,SYNTHETIC / DEMO ONLY. This record is safe educational data and is not evidence of a real attack.,Credential Access,Valid Accounts,CVE-2026-1113,CAMP-33,2026-09-23
THR-2026-0114,2026-01-27T00:00:00,Synthetic Web Threats Observation 114,WEB THREATS,FILE HASH,843651b22a6292c51ad31a43fe2585936a3ea24499ad88db202b0e81bf0d2980,Internal SOC,70,INFORMATIONAL,54,NEW,2026-01-04,2026-01-27,IN,SYNTHETIC / DEMO ONLY. This record is safe educational data and is not evidence of a real attack.,Initial Access,Phishing,,CAMP-34,2026-01-04
THR-2026-0115,2026-01-28T00:00:00,Synthetic Phishing Observation 115,PHISHING,CVE ID,CVE-2026-1115,Research Report,53,MEDIUM,48,NEW,2026-01-10,2026-01-28,US,SYNTHETIC / DEMO ONLY. This record is safe educational data and is not evidence of a real attack.,Credential Access,Valid Accounts,CVE-2026-1115,CAMP-35,2026-01-10
THR-2026-0116,2026-04-14T00:00:00,Synthetic Account Security Observation 116,ACCOUNT SECURITY,DOMAIN,demo.invalid,Research Report,59,MEDIUM,55,FALSE_POSITIVE,2026-04-13,2026-04-14,IN,SYNTHETIC / DEMO ONLY. This record is safe educational data and is not evidence of a real attack.,Persistence,Account Access Removal,,CAMP-36,2026-04-13
THR-2026-0117,2026-07-04T00:00:00,Synthetic Vulnerability Exposure Observation 117,VULNERABILITY EXPOSURE,CVE ID,CVE-2026-1117,Internal SOC,49,MEDIUM,55,UNDER_REVIEW,2026-07-02,2026-07-04,IN,SYNTHETIC / DEMO ONLY. This record is safe educational data and is not evidence of a real attack.,Credential Access,Valid Accounts,CVE-2026-1117,CAMP-37,2026-07-02
THR-2026-0118,2026-02-01T00:00:00,Synthetic Credential Threats Observation 118,CREDENTIAL THREATS,EMAIL/SENDER DOMAIN,alerts.example.net,Security Vendor,47,LOW,42,CLOSED,2026-01-02,2026-02-01,US,SYNTHETIC / DEMO ONLY. This record is safe educational data and is not evidence of a real attack.,Initial Access,Phishing,,CAMP-38,2026-01-02
THR-2026-0119,2026-06-04T00:00:00,Synthetic Social Engineering Observation 119,SOCIAL ENGINEERING,IP ADDRESS,192.0.2.120,Security Vendor,76,HIGH,68,CLOSED,2026-05-06,2026-06-04,Global,SYNTHETIC / DEMO ONLY. This record is safe educational data and is not evidence of a real attack.,Initial Access,Phishing,,CAMP-39,2026-05-06
THR-2026-0120,2026-02-07T00:00:00,Synthetic Phishing Observation 120,PHISHING,EMAIL/SENDER DOMAIN,alerts.example.net,Community Submission,95,HIGH,83,UNDER_REVIEW,2026-01-11,2026-02-07,Demo,SYNTHETIC / DEMO ONLY. This record is safe educational data and is not evidence of a real attack.,Command and Control,Application Layer Protocol,,CAMP-00,2026-01-11
THR-2026-0121,2026-02-27T00:00:00,Synthetic Account Security Observation 121,ACCOUNT SECURITY,DOMAIN,demo.invalid,Unknown Source,77,LOW,54,NEW,2026-02-01,2026-02-27,Demo,SYNTHETIC / DEMO ONLY. This record is safe educational data and is not evidence of a real attack.,Impact,Data Encrypted for Impact,,CAMP-01,2026-02-01
THR-2026-0122,2026-10-07T00:00:00,Synthetic Vulnerability Exposure Observation 122,VULNERABILITY EXPOSURE,IP ADDRESS,203.0.113.123,Research Report,52,MEDIUM,56,CLOSED,2026-09-08,2026-10-07,EU,SYNTHETIC / DEMO ONLY. This record is safe educational data and is not evidence of a real attack.,Initial Access,Phishing,,CAMP-02,2026-09-08
THR-2026-0123,2026-06-21T00:00:00,Synthetic Network Threats Observation 123,NETWORK THREATS,URL,https://demo.invalid/threat/123,Research Report,65,MEDIUM,60,CLOSED,2026-06-18,2026-06-21,Demo,SYNTHETIC / DEMO ONLY. This record is safe educational data and is not evidence of a real attack.,Exfiltration,Exfiltration Over Web Service,,CAMP-03,2026-06-18
THR-2026-0124,2026-05-20T00:00:00,Synthetic Ransomware Observation 124,RANSOMWARE,URL,https://demo.invalid/threat/124,Unknown Source,57,MEDIUM,57,UNDER_REVIEW,2026-05-17,2026-05-20,Global,SYNTHETIC / DEMO ONLY. This record is safe educational data and is not evidence of a real attack.,, ,,CAMP-04,2026-05-17
THR-2026-0125,2026-04-16T00:00:00,Synthetic Web Threats Observation 125,WEB THREATS,DOMAIN,example.org,Internal SOC,92,HIGH,82,FALSE_POSITIVE,2026-03-29,2026-04-16,US,SYNTHETIC / DEMO ONLY. This record is safe educational data and is not evidence of a real attack.,Initial Access,Phishing,,CAMP-05,2026-03-29
THR-2026-0126,2026-10-02T00:00:00,Synthetic Web Threats Observation 126,WEB THREATS,DOMAIN,example.com,Unknown Source,46,HIGH,63,FALSE_POSITIVE,2026-09-25,2026-10-02,EU,SYNTHETIC / DEMO ONLY. This record is safe educational data and is not evidence of a real attack.,, ,,CAMP-06,2026-09-25
THR-2026-0127,2026-06-05T00:00:00,Synthetic Phishing Observation 127,PHISHING,FILE HASH,16dc592547446929623842b657dadb2e309b715770b5344f35aa00ce0134c84a,Internal SOC,86,LOW,60,CLOSED,2026-06-02,2026-06-05,Demo,SYNTHETIC / DEMO ONLY. This record is safe educational data and is not evidence of a real attack.,Command and Control,Application Layer Protocol,,CAMP-07,2026-06-02
THR-2026-0128,2026-08-03T00:00:00,Synthetic Phishing Observation 128,PHISHING,IP ADDRESS,203.0.113.129,Security Vendor,92,LOW,60,CLOSED,2026-07-06,2026-08-03,Demo,SYNTHETIC / DEMO ONLY. This record is safe educational data and is not evidence of a real attack.,Exfiltration,Exfiltration Over Web Service,,CAMP-08,2026-07-06
THR-2026-0129,2026-03-02T00:00:00,Synthetic Ransomware Observation 129,RANSOMWARE,FILE HASH,013a237d2b91457d2144791110a8a445b6e6fea9dcfd6d7b81bd6c3f7242f7b4,Security Vendor,47,MEDIUM,57,FALSE_POSITIVE,2026-02-25,2026-03-02,EU,SYNTHETIC / DEMO ONLY. This record is safe educational data and is not evidence of a real attack.,Credential Access,Valid Accounts,,CAMP-09,2026-02-25
THR-2026-0130,2026-08-20T00:00:00,Synthetic Vulnerability Exposure Observation 130,VULNERABILITY EXPOSURE,IP ADDRESS,203.0.113.131,Public Threat Feed,46,MEDIUM,54,UNDER_REVIEW,2026-07-27,2026-08-20,EU,SYNTHETIC / DEMO ONLY. This record is safe educational data and is not evidence of a real attack.,Exfiltration,Exfiltration Over Web Service,,CAMP-10,2026-07-27
THR-2026-0131,2026-02-09T00:00:00,Synthetic Credential Threats Observation 131,CREDENTIAL THREATS,DOMAIN,example.com,Internal SOC,94,MEDIUM,69,NEW,2026-02-03,2026-02-09,Global,SYNTHETIC / DEMO ONLY. This record is safe educational data and is not evidence of a real attack.,Command and Control,Application Layer Protocol,,CAMP-11,2026-02-03
THR-2026-0132,2026-05-26T00:00:00,Synthetic Credential Threats Observation 132,CREDENTIAL THREATS,CVE ID,CVE-2026-1132,Unknown Source,49,MEDIUM,53,MONITORING,2026-05-19,2026-05-26,IN,SYNTHETIC / DEMO ONLY. This record is safe educational data and is not evidence of a real attack.,Discovery,Network Service Scanning,CVE-2026-1132,CAMP-12,2026-05-19
THR-2026-0133,2026-06-24T00:00:00,Synthetic Vulnerability Exposure Observation 133,VULNERABILITY EXPOSURE,URL,https://demo.invalid/threat/133,Internal SOC,47,MEDIUM,57,CLOSED,2026-06-16,2026-06-24,IN,SYNTHETIC / DEMO ONLY. This record is safe educational data and is not evidence of a real attack.,Discovery,Network Service Scanning,,CAMP-13,2026-06-16
THR-2026-0134,2026-03-25T00:00:00,Synthetic Phishing Observation 134,PHISHING,DOMAIN,example.org,Internal SOC,46,CRITICAL,62,MONITORING,2026-03-22,2026-03-25,IN,SYNTHETIC / DEMO ONLY. This record is safe educational data and is not evidence of a real attack.,Command and Control,Application Layer Protocol,,CAMP-14,2026-03-22
THR-2026-0135,2026-03-19T00:00:00,Synthetic Malware Observation 135,MALWARE,URL,https://demo.invalid/threat/135,Community Submission,53,MEDIUM,53,UNDER_REVIEW,2026-03-01,2026-03-19,US,SYNTHETIC / DEMO ONLY. This record is safe educational data and is not evidence of a real attack.,Initial Access,Phishing,,CAMP-15,2026-03-01
THR-2026-0136,2026-03-13T00:00:00,Synthetic Data Exposure Observation 136,DATA EXPOSURE,FILE HASH,012be80e8c048b0c1503d77cfef292a5129aea8a5d6843d0e1aa49cfc4ea95b2,Security Vendor,49,HIGH,61,FALSE_POSITIVE,2026-03-08,2026-03-13,Global,SYNTHETIC / DEMO ONLY. This record is safe educational data and is not evidence of a real attack.,Impact,Data Encrypted for Impact,,CAMP-16,2026-03-08
THR-2026-0137,2026-06-20T00:00:00,Synthetic Credential Threats Observation 137,CREDENTIAL THREATS,FILE HASH,3152033e68d1e2ff99bd5ce86e2a5f3d594a588c51a8e0b78035786847daf53b,Public Threat Feed,95,HIGH,82,MONITORING,2026-05-29,2026-06-20,US,SYNTHETIC / DEMO ONLY. This record is safe educational data and is not evidence of a real attack.,Initial Access,Phishing,,CAMP-17,2026-05-29
THR-2026-0138,2026-08-30T00:00:00,Synthetic Web Threats Observation 138,WEB THREATS,FILE HASH,272b81beeb28f5abac1c7df5e23143829d0990b0b39cfcaf7e106e152aff0bdb,Internal SOC,65,MEDIUM,58,UNDER_REVIEW,2026-08-17,2026-08-30,Demo,SYNTHETIC / DEMO ONLY. This record is safe educational data and is not evidence of a real attack.,Persistence,Account Access Removal,,CAMP-18,2026-08-17
THR-2026-0139,2026-06-17T00:00:00,Synthetic Social Engineering Observation 139,SOCIAL ENGINEERING,URL,https://demo.invalid/threat/139,Internal SOC,85,MEDIUM,70,UNDER_REVIEW,2026-05-22,2026-06-17,Demo,SYNTHETIC / DEMO ONLY. This record is safe educational data and is not evidence of a real attack.,, ,,CAMP-19,2026-05-22
THR-2026-0140,2026-08-01T00:00:00,Synthetic Credential Threats Observation 140,CREDENTIAL THREATS,FILE HASH,b61be7bc98ed2eba3152ffa2af7e19f124cae359ee31f9b4c8cc9480ec3aaa98,Internal SOC,87,HIGH,73,FALSE_POSITIVE,2026-07-21,2026-08-01,Global,SYNTHETIC / DEMO ONLY. This record is safe educational data and is not evidence of a real attack.,, ,,CAMP-20,2026-07-21
THR-2026-0141,2026-09-25T00:00:00,Synthetic Phishing Observation 141,PHISHING,URL,https://demo.invalid/threat/141,Research Report,89,MEDIUM,67,FALSE_POSITIVE,2026-08-27,2026-09-25,Global,SYNTHETIC / DEMO ONLY. This record is safe educational data and is not evidence of a real attack.,Impact,Data Encrypted for Impact,,CAMP-21,2026-08-27
THR-2026-0142,2026-08-19T00:00:00,Synthetic Social Engineering Observation 142,SOCIAL ENGINEERING,IP ADDRESS,192.0.2.143,Security Vendor,93,INFORMATIONAL,59,CLOSED,2026-07-24,2026-08-19,US,SYNTHETIC / DEMO ONLY. This record is safe educational data and is not evidence of a real attack.,Persistence,Account Access Removal,,CAMP-22,2026-07-24
THR-2026-0143,2026-09-12T00:00:00,Synthetic Phishing Observation 143,PHISHING,URL,https://demo.invalid/threat/143,Community Submission,60,MEDIUM,58,FALSE_POSITIVE,2026-09-02,2026-09-12,Global,SYNTHETIC / DEMO ONLY. This record is safe educational data and is not evidence of a real attack.,Exfiltration,Exfiltration Over Web Service,,CAMP-23,2026-09-02
THR-2026-0144,2026-05-26T00:00:00,Synthetic Network Threats Observation 144,NETWORK THREATS,IP ADDRESS,192.0.2.145,Security Vendor,64,MEDIUM,55,NEW,2026-05-08,2026-05-26,Demo,SYNTHETIC / DEMO ONLY. This record is safe educational data and is not evidence of a real attack.,Exfiltration,Exfiltration Over Web Service,,CAMP-24,2026-05-08
THR-2026-0145,2026-02-27T00:00:00,Synthetic Data Exposure Observation 145,DATA EXPOSURE,FILE HASH,93ea8d8206fcbf807499fbdcc046ae3e587532548955572b83c6c5276a31026a,Community Submission,66,MEDIUM,66,FALSE_POSITIVE,2026-02-27,2026-02-27,Demo,SYNTHETIC / DEMO ONLY. This record is safe educational data and is not evidence of a real attack.,Initial Access,Phishing,,CAMP-25,2026-02-27
THR-2026-0146,2026-02-03T00:00:00,Synthetic Social Engineering Observation 146,SOCIAL ENGINEERING,FILE HASH,2ffbe31d197fb95cb5318e33680fbfff0e582bb58bb7309a5774bbd1ce400a6a,Internal SOC,46,HIGH,63,NEW,2026-01-07,2026-02-03,Global,SYNTHETIC / DEMO ONLY. This record is safe educational data and is not evidence of a real attack.,, ,,CAMP-26,2026-01-07
THR-2026-0147,2026-09-26T00:00:00,Synthetic Account Security Observation 147,ACCOUNT SECURITY,DOMAIN,demo.invalid,Unknown Source,78,CRITICAL,79,UNDER_REVIEW,2026-09-22,2026-09-26,EU,SYNTHETIC / DEMO ONLY. This record is safe educational data and is not evidence of a real attack.,Initial Access,Phishing,,CAMP-27,2026-09-22
THR-2026-0148,2026-05-25T00:00:00,Synthetic Web Threats Observation 148,WEB THREATS,DOMAIN,example.org,Internal SOC,74,LOW,64,CLOSED,2026-05-19,2026-05-25,Global,SYNTHETIC / DEMO ONLY. This record is safe educational data and is not evidence of a real attack.,Impact,Data Encrypted for Impact,,CAMP-28,2026-05-19
THR-2026-0149,2026-06-07T00:00:00,Synthetic Social Engineering Observation 149,SOCIAL ENGINEERING,FILE HASH,ce802338bab14fcf68ccbac0f62b802c660f408d7c2beb9c2d03f7c8125a5ec0,Unknown Source,50,MEDIUM,54,FALSE_POSITIVE,2026-05-29,2026-06-07,Global,SYNTHETIC / DEMO ONLY. This record is safe educational data and is not evidence of a real attack.,, ,,CAMP-29,2026-05-29
THR-2026-0150,2026-04-26T00:00:00,Synthetic Social Engineering Observation 150,SOCIAL ENGINEERING,DOMAIN,example.org,Unknown Source,56,HIGH,62,CLOSED,2026-04-21,2026-04-26,Global,SYNTHETIC / DEMO ONLY. This record is safe educational data and is not evidence of a real attack.,Credential Access,Valid Accounts,,CAMP-30,2026-04-21
THR-2026-0151,2026-10-03T00:00:00,Synthetic Data Exposure Observation 151,DATA EXPOSURE,FILE HASH,ed6dcd18e0db903953abecc82abb4e6af0f4309c4459c65a7ed92814e7b1a6f2,Security Vendor,55,CRITICAL,68,FALSE_POSITIVE,2026-09-27,2026-10-03,EU,SYNTHETIC / DEMO ONLY. This record is safe educational data and is not evidence of a real attack.,Credential Access,Valid Accounts,,CAMP-31,2026-09-27
THR-2026-0152,2026-04-04T00:00:00,Synthetic Social Engineering Observation 152,SOCIAL ENGINEERING,IP ADDRESS,198.51.100.153,Security Vendor,46,MEDIUM,58,MONITORING,2026-04-03,2026-04-04,Global,SYNTHETIC / DEMO ONLY. This record is safe educational data and is not evidence of a real attack.,, ,,CAMP-32,2026-04-03
THR-2026-0153,2026-05-01T00:00:00,Synthetic Network Threats Observation 153,NETWORK THREATS,FILE HASH,f74a1a834d47cfaff4f7fa037b3f91a6eea8a7de66bacaaf59a4fcad5300c443,Security Vendor,57,MEDIUM,64,CLOSED,2026-04-22,2026-05-01,IN,SYNTHETIC / DEMO ONLY. This record is safe educational data and is not evidence of a real attack.,Command and Control,Application Layer Protocol,,CAMP-33,2026-04-22
THR-2026-0154,2026-06-09T00:00:00,Synthetic Vulnerability Exposure Observation 154,VULNERABILITY EXPOSURE,CVE ID,CVE-2026-1154,Community Submission,45,MEDIUM,51,CLOSED,2026-05-27,2026-06-09,EU,SYNTHETIC / DEMO ONLY. This record is safe educational data and is not evidence of a real attack.,Initial Access,Phishing,CVE-2026-1154,CAMP-34,2026-05-27
THR-2026-0155,2026-10-04T00:00:00,Synthetic Data Exposure Observation 155,DATA EXPOSURE,URL,https://demo.invalid/threat/155,Public Threat Feed,93,MEDIUM,62,FALSE_POSITIVE,2026-09-24,2026-10-04,IN,SYNTHETIC / DEMO ONLY. This record is safe educational data and is not evidence of a real attack.,Credential Access,Valid Accounts,,CAMP-35,2026-09-24
THR-2026-0156,2026-06-06T00:00:00,Synthetic Phishing Observation 156,PHISHING,IP ADDRESS,203.0.113.157,Unknown Source,60,LOW,50,UNDER_REVIEW,2026-05-13,2026-06-06,Global,SYNTHETIC / DEMO ONLY. This record is safe educational data and is not evidence of a real attack.,Initial Access,Phishing,,CAMP-36,2026-05-13
THR-2026-0157,2026-01-10T00:00:00,Synthetic Data Exposure Observation 157,DATA EXPOSURE,CVE ID,CVE-2026-1157,Internal SOC,83,CRITICAL,85,FALSE_POSITIVE,2026-01-08,2026-01-10,EU,SYNTHETIC / DEMO ONLY. This record is safe educational data and is not evidence of a real attack.,Initial Access,Phishing,CVE-2026-1157,CAMP-37,2026-01-08
THR-2026-0158,2026-07-21T00:00:00,Synthetic Web Threats Observation 158,WEB THREATS,URL,https://demo.invalid/threat/158,Community Submission,49,MEDIUM,59,UNDER_REVIEW,2026-06-28,2026-07-21,IN,SYNTHETIC / DEMO ONLY. This record is safe educational data and is not evidence of a real attack.,Discovery,Network Service Scanning,,CAMP-38,2026-06-28
THR-2026-0159,2026-10-05T00:00:00,Synthetic Phishing Observation 159,PHISHING,CVE ID,CVE-2026-1159,Public Threat Feed,63,LOW,51,FALSE_POSITIVE,2026-09-16,2026-10-05,Demo,SYNTHETIC / DEMO ONLY. This record is safe educational data and is not evidence of a real attack.,Initial Access,Phishing,CVE-2026-1159,CAMP-39,2026-09-16
THR-2026-0160,2026-05-04T00:00:00,Synthetic Network Threats Observation 160,NETWORK THREATS,DOMAIN,demo.invalid,Community Submission,95,CRITICAL,82,MONITORING,2026-04-28,2026-05-04,IN,SYNTHETIC / DEMO ONLY. This record is safe educational data and is not evidence of a real attack.,Exfiltration,Exfiltration Over Web Service,,CAMP-00,2026-04-28
THR-2026-0161,2026-06-13T00:00:00,Synthetic Vulnerability Exposure Observation 161,VULNERABILITY EXPOSURE,EMAIL/SENDER DOMAIN,alerts.example.net,Community Submission,63,MEDIUM,60,MONITORING,2026-05-16,2026-06-13,Demo,SYNTHETIC / DEMO ONLY. This record is safe educational data and is not evidence of a real attack.,Initial Access,Phishing,,CAMP-01,2026-05-16
THR-2026-0162,2026-04-05T00:00:00,Synthetic Data Exposure Observation 162,DATA EXPOSURE,IP ADDRESS,192.0.2.163,Community Submission,68,HIGH,78,MONITORING,2026-03-12,2026-04-05,EU,SYNTHETIC / DEMO ONLY. This record is safe educational data and is not evidence of a real attack.,Command and Control,Application Layer Protocol,,CAMP-02,2026-03-12
THR-2026-0163,2026-07-08T00:00:00,Synthetic Vulnerability Exposure Observation 163,VULNERABILITY EXPOSURE,IP ADDRESS,192.0.2.164,Public Threat Feed,96,CRITICAL,82,CLOSED,2026-06-26,2026-07-08,EU,SYNTHETIC / DEMO ONLY. This record is safe educational data and is not evidence of a real attack.,Credential Access,Valid Accounts,,CAMP-03,2026-06-26
THR-2026-0164,2026-03-23T00:00:00,Synthetic Phishing Observation 164,PHISHING,FILE HASH,95d882320ac3e598432f639b9ac4a9c1bdd6c8699e97025dc126c958d08b4a3e,Unknown Source,63,MEDIUM,66,UNDER_REVIEW,2026-03-03,2026-03-23,US,SYNTHETIC / DEMO ONLY. This record is safe educational data and is not evidence of a real attack.,Persistence,Account Access Removal,,CAMP-04,2026-03-03
THR-2026-0165,2026-06-04T00:00:00,Synthetic Malware Observation 165,MALWARE,FILE HASH,573e40ae8708dbcd3b4a6c381399d495df11012591a20edf4ebd6bba8097a111,Research Report,50,HIGH,63,CLOSED,2026-05-21,2026-06-04,US,SYNTHETIC / DEMO ONLY. This record is safe educational data and is not evidence of a real attack.,, ,,CAMP-05,2026-05-21
THR-2026-0166,2026-05-22T00:00:00,Synthetic Data Exposure Observation 166,DATA EXPOSURE,EMAIL/SENDER DOMAIN,mail.example.org,Security Vendor,86,HIGH,70,MONITORING,2026-05-20,2026-05-22,IN,SYNTHETIC / DEMO ONLY. This record is safe educational data and is not evidence of a real attack.,Exfiltration,Exfiltration Over Web Service,,CAMP-06,2026-05-20
THR-2026-0167,2026-08-03T00:00:00,Synthetic Vulnerability Exposure Observation 167,VULNERABILITY EXPOSURE,EMAIL/SENDER DOMAIN,alerts.example.net,Internal SOC,72,HIGH,66,FALSE_POSITIVE,2026-07-04,2026-08-03,IN,SYNTHETIC / DEMO ONLY. This record is safe educational data and is not evidence of a real attack.,Persistence,Account Access Removal,,CAMP-07,2026-07-04
THR-2026-0168,2026-07-30T00:00:00,Synthetic Social Engineering Observation 168,SOCIAL ENGINEERING,URL,https://demo.invalid/threat/168,Internal SOC,79,MEDIUM,63,UNDER_REVIEW,2026-07-18,2026-07-30,US,SYNTHETIC / DEMO ONLY. This record is safe educational data and is not evidence of a real attack.,Persistence,Account Access Removal,,CAMP-08,2026-07-18
THR-2026-0169,2026-02-06T00:00:00,Synthetic Phishing Observation 169,PHISHING,DOMAIN,example.net,Unknown Source,62,MEDIUM,64,CLOSED,2026-01-12,2026-02-06,Demo,SYNTHETIC / DEMO ONLY. This record is safe educational data and is not evidence of a real attack.,Impact,Data Encrypted for Impact,,CAMP-09,2026-01-12
THR-2026-0170,2026-05-28T00:00:00,Synthetic Social Engineering Observation 170,SOCIAL ENGINEERING,EMAIL/SENDER DOMAIN,mail.example.org,Research Report,76,LOW,69,FALSE_POSITIVE,2026-05-10,2026-05-28,Global,SYNTHETIC / DEMO ONLY. This record is safe educational data and is not evidence of a real attack.,Exfiltration,Exfiltration Over Web Service,,CAMP-10,2026-05-10
THR-2026-0171,2026-07-21T00:00:00,Synthetic Data Exposure Observation 171,DATA EXPOSURE,CVE ID,CVE-2026-1171,Unknown Source,76,MEDIUM,66,FALSE_POSITIVE,2026-07-10,2026-07-21,US,SYNTHETIC / DEMO ONLY. This record is safe educational data and is not evidence of a real attack.,Persistence,Account Access Removal,CVE-2026-1171,CAMP-11,2026-07-10
THR-2026-0172,2026-02-17T00:00:00,Synthetic Vulnerability Exposure Observation 172,VULNERABILITY EXPOSURE,FILE HASH,b06a66f0eb7709d3a9091a9fb8e90a0ef85c5f5d32929d980cf6142df794b3a1,Public Threat Feed,79,LOW,66,MONITORING,2026-02-05,2026-02-17,Demo,SYNTHETIC / DEMO ONLY. This record is safe educational data and is not evidence of a real attack.,Impact,Data Encrypted for Impact,,CAMP-12,2026-02-05
THR-2026-0173,2026-04-17T00:00:00,Synthetic Social Engineering Observation 173,SOCIAL ENGINEERING,IP ADDRESS,192.0.2.174,Community Submission,61,MEDIUM,58,NEW,2026-04-13,2026-04-17,Global,SYNTHETIC / DEMO ONLY. This record is safe educational data and is not evidence of a real attack.,Initial Access,Phishing,,CAMP-13,2026-04-13
THR-2026-0174,2026-06-26T00:00:00,Synthetic Ransomware Observation 174,RANSOMWARE,DOMAIN,demo.invalid,Research Report,58,HIGH,68,CLOSED,2026-06-10,2026-06-26,Demo,SYNTHETIC / DEMO ONLY. This record is safe educational data and is not evidence of a real attack.,Initial Access,Phishing,,CAMP-14,2026-06-10
THR-2026-0175,2026-05-01T00:00:00,Synthetic Network Threats Observation 175,NETWORK THREATS,CVE ID,CVE-2026-1175,Unknown Source,75,MEDIUM,54,FALSE_POSITIVE,2026-04-02,2026-05-01,US,SYNTHETIC / DEMO ONLY. This record is safe educational data and is not evidence of a real attack.,Discovery,Network Service Scanning,CVE-2026-1175,CAMP-15,2026-04-02
THR-2026-0176,2026-04-29T00:00:00,Synthetic Ransomware Observation 176,RANSOMWARE,FILE HASH,e0c03da0c550101dfea4ab2e2fa7e1c3a62c20e765d9bbd2545e1ba27e2fff0c,Internal SOC,75,LOW,55,MONITORING,2026-04-19,2026-04-29,Demo,SYNTHETIC / DEMO ONLY. This record is safe educational data and is not evidence of a real attack.,Credential Access,Valid Accounts,,CAMP-16,2026-04-19
THR-2026-0177,2026-06-21T00:00:00,Synthetic Credential Threats Observation 177,CREDENTIAL THREATS,FILE HASH,10b3d27757922d5bc34ca168b326bea7bda944acd8c24783f5a371a3f6349576,Public Threat Feed,73,HIGH,76,CLOSED,2026-06-06,2026-06-21,US,SYNTHETIC / DEMO ONLY. This record is safe educational data and is not evidence of a real attack.,Credential Access,Valid Accounts,,CAMP-17,2026-06-06
THR-2026-0178,2026-09-22T00:00:00,Synthetic Ransomware Observation 178,RANSOMWARE,DOMAIN,example.org,Security Vendor,93,LOW,65,CLOSED,2026-09-07,2026-09-22,EU,SYNTHETIC / DEMO ONLY. This record is safe educational data and is not evidence of a real attack.,Credential Access,Valid Accounts,,CAMP-18,2026-09-07
THR-2026-0179,2026-04-15T00:00:00,Synthetic Web Threats Observation 179,WEB THREATS,IP ADDRESS,198.51.100.180,Security Vendor,97,MEDIUM,72,NEW,2026-03-30,2026-04-15,EU,SYNTHETIC / DEMO ONLY. This record is safe educational data and is not evidence of a real attack.,Impact,Data Encrypted for Impact,,CAMP-19,2026-03-30
THR-2026-0180,2026-07-15T00:00:00,Synthetic Credential Threats Observation 180,CREDENTIAL THREATS,DOMAIN,example.net,Public Threat Feed,50,MEDIUM,57,NEW,2026-06-20,2026-07-15,EU,SYNTHETIC / DEMO ONLY. This record is safe educational data and is not evidence of a real attack.,, ,,CAMP-20,2026-06-20
THR-2026-0181,2026-03-18T00:00:00,Synthetic Data Exposure Observation 181,DATA EXPOSURE,FILE HASH,8b07d7bee111d95ebcbd4d25644fb5d134b3947ba8a42aac71afd7960d14a1cd,Unknown Source,86,MEDIUM,67,UNDER_REVIEW,2026-03-18,2026-03-18,Global,SYNTHETIC / DEMO ONLY. This record is safe educational data and is not evidence of a real attack.,Persistence,Account Access Removal,,CAMP-21,2026-03-18
THR-2026-0182,2026-10-12T00:00:00,Synthetic Network Threats Observation 182,NETWORK THREATS,IP ADDRESS,203.0.113.183,Community Submission,88,LOW,64,NEW,2026-10-05,2026-10-12,US,SYNTHETIC / DEMO ONLY. This record is safe educational data and is not evidence of a real attack.,Command and Control,Application Layer Protocol,,CAMP-22,2026-10-05
THR-2026-0183,2026-06-19T00:00:00,Synthetic Social Engineering Observation 183,SOCIAL ENGINEERING,IP ADDRESS,198.51.100.184,Public Threat Feed,90,INFORMATIONAL,58,NEW,2026-06-06,2026-06-19,Demo,SYNTHETIC / DEMO ONLY. This record is safe educational data and is not evidence of a real attack.,Initial Access,Phishing,,CAMP-23,2026-06-06
THR-2026-0184,2026-07-27T00:00:00,Synthetic Credential Threats Observation 184,CREDENTIAL THREATS,IP ADDRESS,198.51.100.185,Research Report,85,INFORMATIONAL,49,UNDER_REVIEW,2026-07-17,2026-07-27,US,SYNTHETIC / DEMO ONLY. This record is safe educational data and is not evidence of a real attack.,Command and Control,Application Layer Protocol,,CAMP-24,2026-07-17
THR-2026-0185,2026-08-15T00:00:00,Synthetic Credential Threats Observation 185,CREDENTIAL THREATS,URL,https://demo.invalid/threat/185,Public Threat Feed,78,MEDIUM,56,FALSE_POSITIVE,2026-07-24,2026-08-15,IN,SYNTHETIC / DEMO ONLY. This record is safe educational data and is not evidence of a real attack.,Command and Control,Application Layer Protocol,,CAMP-25,2026-07-24
THR-2026-0186,2026-01-26T00:00:00,Synthetic Data Exposure Observation 186,DATA EXPOSURE,EMAIL/SENDER DOMAIN,mail.example.org,Unknown Source,59,MEDIUM,63,CLOSED,2026-01-01,2026-01-26,IN,SYNTHETIC / DEMO ONLY. This record is safe educational data and is not evidence of a real attack.,Command and Control,Application Layer Protocol,,CAMP-26,2026-01-01
THR-2026-0187,2026-06-26T00:00:00,Synthetic Account Security Observation 187,ACCOUNT SECURITY,DOMAIN,example.net,Public Threat Feed,73,LOW,59,CLOSED,2026-06-09,2026-06-26,EU,SYNTHETIC / DEMO ONLY. This record is safe educational data and is not evidence of a real attack.,Discovery,Network Service Scanning,,CAMP-27,2026-06-09
THR-2026-0188,2026-10-06T00:00:00,Synthetic Web Threats Observation 188,WEB THREATS,CVE ID,CVE-2026-1188,Internal SOC,83,MEDIUM,65,UNDER_REVIEW,2026-10-04,2026-10-06,Global,SYNTHETIC / DEMO ONLY. This record is safe educational data and is not evidence of a real attack.,, ,CVE-2026-1188,CAMP-28,2026-10-04
THR-2026-0189,2026-08-29T00:00:00,Synthetic Malware Observation 189,MALWARE,CVE ID,CVE-2026-1189,Research Report,80,LOW,57,FALSE_POSITIVE,2026-08-18,2026-08-29,IN,SYNTHETIC / DEMO ONLY. This record is safe educational data and is not evidence of a real attack.,Impact,Data Encrypted for Impact,CVE-2026-1189,CAMP-29,2026-08-18
THR-2026-0190,2026-05-16T00:00:00,Synthetic Network Threats Observation 190,NETWORK THREATS,FILE HASH,a7cc17c3477af9e320b0bd30de1835b79eb96cf3ac940bb82f73eff69cdd10e4,Research Report,71,MEDIUM,59,NEW,2026-04-22,2026-05-16,US,SYNTHETIC / DEMO ONLY. This record is safe educational data and is not evidence of a real attack.,, ,,CAMP-30,2026-04-22
THR-2026-0191,2026-05-16T00:00:00,Synthetic Network Threats Observation 191,NETWORK THREATS,DOMAIN,demo.invalid,Security Vendor,80,MEDIUM,67,NEW,2026-05-02,2026-05-16,Demo,SYNTHETIC / DEMO ONLY. This record is safe educational data and is not evidence of a real attack.,Initial Access,Phishing,,CAMP-31,2026-05-02
THR-2026-0192,2026-03-22T00:00:00,Synthetic Phishing Observation 192,PHISHING,EMAIL/SENDER DOMAIN,alerts.example.net,Public Threat Feed,69,INFORMATIONAL,52,UNDER_REVIEW,2026-03-09,2026-03-22,Global,SYNTHETIC / DEMO ONLY. This record is safe educational data and is not evidence of a real attack.,Persistence,Account Access Removal,,CAMP-32,2026-03-09
THR-2026-0193,2026-02-02T00:00:00,Synthetic Web Threats Observation 193,WEB THREATS,DOMAIN,demo.invalid,Security Vendor,80,MEDIUM,56,CLOSED,2026-01-24,2026-02-02,IN,SYNTHETIC / DEMO ONLY. This record is safe educational data and is not evidence of a real attack.,Credential Access,Valid Accounts,,CAMP-33,2026-01-24
THR-2026-0194,2026-02-20T00:00:00,Synthetic Web Threats Observation 194,WEB THREATS,CVE ID,CVE-2026-1194,Research Report,55,HIGH,63,CLOSED,2026-02-08,2026-02-20,Global,SYNTHETIC / DEMO ONLY. This record is safe educational data and is not evidence of a real attack.,Command and Control,Application Layer Protocol,CVE-2026-1194,CAMP-34,2026-02-08
THR-2026-0195,2026-10-25T00:00:00,Synthetic Network Threats Observation 195,NETWORK THREATS,CVE ID,CVE-2026-1195,Community Submission,54,CRITICAL,69,FALSE_POSITIVE,2026-09-26,2026-10-25,US,SYNTHETIC / DEMO ONLY. This record is safe educational data and is not evidence of a real attack.,Command and Control,Application Layer Protocol,CVE-2026-1195,CAMP-35,2026-09-26
THR-2026-0196,2026-02-25T00:00:00,Synthetic Data Exposure Observation 196,DATA EXPOSURE,DOMAIN,demo.invalid,Public Threat Feed,82,HIGH,70,CLOSED,2026-02-18,2026-02-25,IN,SYNTHETIC / DEMO ONLY. This record is safe educational data and is not evidence of a real attack.,Credential Access,Valid Accounts,,CAMP-36,2026-02-18
THR-2026-0197,2026-06-16T00:00:00,Synthetic Vulnerability Exposure Observation 197,VULNERABILITY EXPOSURE,IP ADDRESS,203.0.113.198,Research Report,83,LOW,67,FALSE_POSITIVE,2026-05-18,2026-06-16,US,SYNTHETIC / DEMO ONLY. This record is safe educational data and is not evidence of a real attack.,, ,,CAMP-37,2026-05-18
THR-2026-0198,2026-02-07T00:00:00,Synthetic Social Engineering Observation 198,SOCIAL ENGINEERING,FILE HASH,ff754e94886698a7b8e6cda458d300af887a630d640b24b3a0469c4f88caaf9d,Security Vendor,87,MEDIUM,71,UNDER_REVIEW,2026-02-01,2026-02-07,Global,SYNTHETIC / DEMO ONLY. This record is safe educational data and is not evidence of a real attack.,Persistence,Account Access Removal,,CAMP-38,2026-02-01
THR-2026-0199,2026-10-15T00:00:00,Synthetic Network Threats Observation 199,NETWORK THREATS,CVE ID,CVE-2026-1199,Public Threat Feed,89,MEDIUM,66,MONITORING,2026-10-08,2026-10-15,Global,SYNTHETIC / DEMO ONLY. This record is safe educational data and is not evidence of a real attack.,, ,CVE-2026-1199,CAMP-39,2026-10-08
THR-2026-0200,2026-04-21T00:00:00,Synthetic Web Threats Observation 200,WEB THREATS,IP ADDRESS,203.0.113.201,Security Vendor,63,MEDIUM,66,CLOSED,2026-04-07,2026-04-21,Global,SYNTHETIC / DEMO ONLY. This record is safe educational data and is not evidence of a real attack.,Persistence,Account Access Removal,,CAMP-00,2026-04-07
THR-2026-0201,2026-02-20T00:00:00,Synthetic Credential Threats Observation 201,CREDENTIAL THREATS,IP ADDRESS,192.0.2.202,Internal SOC,95,CRITICAL,83,CLOSED,2026-02-17,2026-02-20,Demo,SYNTHETIC / DEMO ONLY. This record is safe educational data and is not evidence of a real attack.,Discovery,Network Service Scanning,,CAMP-01,2026-02-17
THR-2026-0202,2026-04-27T00:00:00,Synthetic Ransomware Observation 202,RANSOMWARE,IP ADDRESS,198.51.100.203,Unknown Source,45,MEDIUM,59,FALSE_POSITIVE,2026-04-22,2026-04-27,Global,SYNTHETIC / DEMO ONLY. This record is safe educational data and is not evidence of a real attack.,Credential Access,Valid Accounts,,CAMP-02,2026-04-22
THR-2026-0203,2026-08-28T00:00:00,Synthetic Phishing Observation 203,PHISHING,FILE HASH,7bf254b41ac3f618d33c3ba149c77ca5ed493cfcc80cc88feb08527b71221f9f,Research Report,93,MEDIUM,64,MONITORING,2026-08-21,2026-08-28,IN,SYNTHETIC / DEMO ONLY. This record is safe educational data and is not evidence of a real attack.,Exfiltration,Exfiltration Over Web Service,,CAMP-03,2026-08-21
THR-2026-0204,2026-03-13T00:00:00,Synthetic Ransomware Observation 204,RANSOMWARE,FILE HASH,ddfe13117d433f766990325897f8b1ddb577864e5aa7a106a043bfe652925d17,Research Report,68,HIGH,74,UNDER_REVIEW,2026-02-27,2026-03-13,Global,SYNTHETIC / DEMO ONLY. This record is safe educational data and is not evidence of a real attack.,Persistence,Account Access Removal,,CAMP-04,2026-02-27
THR-2026-0205,2026-04-20T00:00:00,Synthetic Phishing Observation 205,PHISHING,IP ADDRESS,192.0.2.206,Research Report,53,CRITICAL,69,CLOSED,2026-04-06,2026-04-20,Global,SYNTHETIC / DEMO ONLY. This record is safe educational data and is not evidence of a real attack.,, ,,CAMP-05,2026-04-06
THR-2026-0206,2026-02-19T00:00:00,Synthetic Vulnerability Exposure Observation 206,VULNERABILITY EXPOSURE,FILE HASH,aefeb944f4cab3e0dd6416ff30f7519ab2e7a5ede1b520cb53f5c525c55eb3e5,Community Submission,49,HIGH,73,FALSE_POSITIVE,2026-02-06,2026-02-19,IN,SYNTHETIC / DEMO ONLY. This record is safe educational data and is not evidence of a real attack.,Persistence,Account Access Removal,,CAMP-06,2026-02-06
THR-2026-0207,2026-08-09T00:00:00,Synthetic Account Security Observation 207,ACCOUNT SECURITY,EMAIL/SENDER DOMAIN,mail.example.org,Public Threat Feed,46,HIGH,68,MONITORING,2026-07-12,2026-08-09,Demo,SYNTHETIC / DEMO ONLY. This record is safe educational data and is not evidence of a real attack.,Impact,Data Encrypted for Impact,,CAMP-07,2026-07-12
THR-2026-0208,2026-04-06T00:00:00,Synthetic Phishing Observation 208,PHISHING,IP ADDRESS,198.51.100.209,Internal SOC,52,MEDIUM,61,MONITORING,2026-03-24,2026-04-06,US,SYNTHETIC / DEMO ONLY. This record is safe educational data and is not evidence of a real attack.,Command and Control,Application Layer Protocol,,CAMP-08,2026-03-24
THR-2026-0209,2026-03-30T00:00:00,Synthetic Account Security Observation 209,ACCOUNT SECURITY,FILE HASH,10cc87b861829ef8f83e65b3552d7afe4a0adca5679156f79a130b4ba0143ca9,Internal SOC,61,CRITICAL,70,CLOSED,2026-03-27,2026-03-30,Global,SYNTHETIC / DEMO ONLY. This record is safe educational data and is not evidence of a real attack.,Exfiltration,Exfiltration Over Web Service,,CAMP-09,2026-03-27
THR-2026-0210,2026-06-13T00:00:00,Synthetic Credential Threats Observation 210,CREDENTIAL THREATS,EMAIL/SENDER DOMAIN,alerts.example.net,Research Report,65,CRITICAL,68,NEW,2026-05-29,2026-06-13,US,SYNTHETIC / DEMO ONLY. This record is safe educational data and is not evidence of a real attack.,Initial Access,Phishing,,CAMP-10,2026-05-29
THR-2026-0211,2026-04-27T00:00:00,Synthetic Social Engineering Observation 211,SOCIAL ENGINEERING,URL,https://demo.invalid/threat/211,Research Report,93,INFORMATIONAL,63,UNDER_REVIEW,2026-03-28,2026-04-27,EU,SYNTHETIC / DEMO ONLY. This record is safe educational data and is not evidence of a real attack.,Impact,Data Encrypted for Impact,,CAMP-11,2026-03-28
THR-2026-0212,2026-07-16T00:00:00,Synthetic Account Security Observation 212,ACCOUNT SECURITY,DOMAIN,example.org,Community Submission,73,LOW,58,MONITORING,2026-06-23,2026-07-16,EU,SYNTHETIC / DEMO ONLY. This record is safe educational data and is not evidence of a real attack.,Persistence,Account Access Removal,,CAMP-12,2026-06-23
THR-2026-0213,2026-06-19T00:00:00,Synthetic Ransomware Observation 213,RANSOMWARE,DOMAIN,demo.invalid,Internal SOC,86,LOW,58,MONITORING,2026-06-17,2026-06-19,US,SYNTHETIC / DEMO ONLY. This record is safe educational data and is not evidence of a real attack.,, ,,CAMP-13,2026-06-17
THR-2026-0214,2026-10-12T00:00:00,Synthetic Web Threats Observation 214,WEB THREATS,DOMAIN,demo.invalid,Community Submission,96,MEDIUM,68,NEW,2026-10-06,2026-10-12,Global,SYNTHETIC / DEMO ONLY. This record is safe educational data and is not evidence of a real attack.,Command and Control,Application Layer Protocol,,CAMP-14,2026-10-06
THR-2026-0215,2026-07-12T00:00:00,Synthetic Ransomware Observation 215,RANSOMWARE,IP ADDRESS,198.51.100.216,Research Report,61,CRITICAL,71,FALSE_POSITIVE,2026-06-16,2026-07-12,Global,SYNTHETIC / DEMO ONLY. This record is safe educational data and is not evidence of a real attack.,Impact,Data Encrypted for Impact,,CAMP-15,2026-06-16
THR-2026-0216,2026-07-24T00:00:00,Synthetic Network Threats Observation 216,NETWORK THREATS,DOMAIN,demo.invalid,Community Submission,67,INFORMATIONAL,48,NEW,2026-07-10,2026-07-24,IN,SYNTHETIC / DEMO ONLY. This record is safe educational data and is not evidence of a real attack.,Persistence,Account Access Removal,,CAMP-16,2026-07-10
THR-2026-0217,2026-04-17T00:00:00,Synthetic Malware Observation 217,MALWARE,IP ADDRESS,198.51.100.218,Public Threat Feed,47,MEDIUM,48,CLOSED,2026-04-16,2026-04-17,Global,SYNTHETIC / DEMO ONLY. This record is safe educational data and is not evidence of a real attack.,Exfiltration,Exfiltration Over Web Service,,CAMP-17,2026-04-16
THR-2026-0218,2026-02-10T00:00:00,Synthetic Malware Observation 218,MALWARE,DOMAIN,example.net,Security Vendor,76,CRITICAL,79,UNDER_REVIEW,2026-01-19,2026-02-10,IN,SYNTHETIC / DEMO ONLY. This record is safe educational data and is not evidence of a real attack.,Persistence,Account Access Removal,,CAMP-18,2026-01-19
THR-2026-0219,2026-08-28T00:00:00,Synthetic Vulnerability Exposure Observation 219,VULNERABILITY EXPOSURE,IP ADDRESS,192.0.2.220,Internal SOC,51,MEDIUM,55,UNDER_REVIEW,2026-08-16,2026-08-28,IN,SYNTHETIC / DEMO ONLY. This record is safe educational data and is not evidence of a real attack.,Initial Access,Phishing,,CAMP-19,2026-08-16
THR-2026-0220,2026-01-26T00:00:00,Synthetic Ransomware Observation 220,RANSOMWARE,CVE ID,CVE-2026-1220,Public Threat Feed,69,INFORMATIONAL,49,FALSE_POSITIVE,2026-01-06,2026-01-26,US,SYNTHETIC / DEMO ONLY. This record is safe educational data and is not evidence of a real attack.,Command and Control,Application Layer Protocol,CVE-2026-1220,CAMP-20,2026-01-06
THR-2026-0221,2026-05-22T00:00:00,Synthetic Ransomware Observation 221,RANSOMWARE,EMAIL/SENDER DOMAIN,alerts.example.net,Research Report,97,LOW,55,NEW,2026-05-09,2026-05-22,US,SYNTHETIC / DEMO ONLY. This record is safe educational data and is not evidence of a real attack.,Command and Control,Application Layer Protocol,,CAMP-21,2026-05-09
THR-2026-0222,2026-06-10T00:00:00,Synthetic Vulnerability Exposure Observation 222,VULNERABILITY EXPOSURE,URL,https://demo.invalid/threat/222,Unknown Source,61,HIGH,57,UNDER_REVIEW,2026-05-19,2026-06-10,IN,SYNTHETIC / DEMO ONLY. This record is safe educational data and is not evidence of a real attack.,Exfiltration,Exfiltration Over Web Service,,CAMP-22,2026-05-19
THR-2026-0223,2026-09-04T00:00:00,Synthetic Credential Threats Observation 223,CREDENTIAL THREATS,DOMAIN,example.org,Security Vendor,66,HIGH,74,FALSE_POSITIVE,2026-09-01,2026-09-04,US,SYNTHETIC / DEMO ONLY. This record is safe educational data and is not evidence of a real attack.,Exfiltration,Exfiltration Over Web Service,,CAMP-23,2026-09-01
THR-2026-0224,2026-06-04T00:00:00,Synthetic Data Exposure Observation 224,DATA EXPOSURE,URL,https://demo.invalid/threat/224,Internal SOC,48,LOW,53,MONITORING,2026-05-26,2026-06-04,US,SYNTHETIC / DEMO ONLY. This record is safe educational data and is not evidence of a real attack.,Impact,Data Encrypted for Impact,,CAMP-24,2026-05-26
THR-2026-0225,2026-06-02T00:00:00,Synthetic Malware Observation 225,MALWARE,DOMAIN,demo.invalid,Unknown Source,75,MEDIUM,58,FALSE_POSITIVE,2026-05-05,2026-06-02,Demo,SYNTHETIC / DEMO ONLY. This record is safe educational data and is not evidence of a real attack.,Command and Control,Application Layer Protocol,,CAMP-25,2026-05-05
THR-2026-0226,2026-07-09T00:00:00,Synthetic Account Security Observation 226,ACCOUNT SECURITY,FILE HASH,4ebd98b7e735529047577e355b7311ffaf1c0b531b8e28d986c9a1ef4cad90c3,Unknown Source,84,LOW,57,NEW,2026-07-05,2026-07-09,IN,SYNTHETIC / DEMO ONLY. This record is safe educational data and is not evidence of a real attack.,Credential Access,Valid Accounts,,CAMP-26,2026-07-05
THR-2026-0227,2026-01-21T00:00:00,Synthetic Malware Observation 227,MALWARE,FILE HASH,345ac63795a5fdd4c9dd591e5b43d7d75d3e7db14c727365a64faa63092a58a5,Research Report,89,MEDIUM,69,CLOSED,2026-01-18,2026-01-21,US,SYNTHETIC / DEMO ONLY. This record is safe educational data and is not evidence of a real attack.,Command and Control,Application Layer Protocol,,CAMP-27,2026-01-18
THR-2026-0228,2026-08-07T00:00:00,Synthetic Malware Observation 228,MALWARE,FILE HASH,8095de44041842e69d099ee34fd231e22ba4fb81c2ebededf3bf469eddc08790,Public Threat Feed,52,HIGH,54,MONITORING,2026-07-21,2026-08-07,EU,SYNTHETIC / DEMO ONLY. This record is safe educational data and is not evidence of a real attack.,Persistence,Account Access Removal,,CAMP-28,2026-07-21
THR-2026-0229,2026-02-13T00:00:00,Synthetic Data Exposure Observation 229,DATA EXPOSURE,CVE ID,CVE-2026-1229,Public Threat Feed,61,CRITICAL,78,NEW,2026-01-28,2026-02-13,Demo,SYNTHETIC / DEMO ONLY. This record is safe educational data and is not evidence of a real attack.,Discovery,Network Service Scanning,CVE-2026-1229,CAMP-29,2026-01-28
THR-2026-0230,2026-03-12T00:00:00,Synthetic Data Exposure Observation 230,DATA EXPOSURE,DOMAIN,demo.invalid,Internal SOC,82,HIGH,70,NEW,2026-02-22,2026-03-12,EU,SYNTHETIC / DEMO ONLY. This record is safe educational data and is not evidence of a real attack.,Initial Access,Phishing,,CAMP-30,2026-02-22
THR-2026-0231,2026-06-18T00:00:00,Synthetic Social Engineering Observation 231,SOCIAL ENGINEERING,EMAIL/SENDER DOMAIN,mail.example.org,Public Threat Feed,96,MEDIUM,59,UNDER_REVIEW,2026-05-26,2026-06-18,EU,SYNTHETIC / DEMO ONLY. This record is safe educational data and is not evidence of a real attack.,Credential Access,Valid Accounts,,CAMP-31,2026-05-26
THR-2026-0232,2026-01-29T00:00:00,Synthetic Phishing Observation 232,PHISHING,IP ADDRESS,198.51.100.233,Community Submission,98,MEDIUM,68,MONITORING,2026-01-22,2026-01-29,US,SYNTHETIC / DEMO ONLY. This record is safe educational data and is not evidence of a real attack.,Persistence,Account Access Removal,,CAMP-32,2026-01-22
THR-2026-0233,2026-07-10T00:00:00,Synthetic Phishing Observation 233,PHISHING,DOMAIN,demo.invalid,Research Report,93,MEDIUM,72,NEW,2026-07-06,2026-07-10,EU,SYNTHETIC / DEMO ONLY. This record is safe educational data and is not evidence of a real attack.,Persistence,Account Access Removal,,CAMP-33,2026-07-06
THR-2026-0234,2026-02-19T00:00:00,Synthetic Credential Threats Observation 234,CREDENTIAL THREATS,DOMAIN,example.net,Security Vendor,69,MEDIUM,50,NEW,2026-02-19,2026-02-19,Global,SYNTHETIC / DEMO ONLY. This record is safe educational data and is not evidence of a real attack.,, ,,CAMP-34,2026-02-19
THR-2026-0235,2026-02-20T00:00:00,Synthetic Phishing Observation 235,PHISHING,CVE ID,CVE-2026-1235,Research Report,90,HIGH,74,UNDER_REVIEW,2026-02-20,2026-02-20,Global,SYNTHETIC / DEMO ONLY. This record is safe educational data and is not evidence of a real attack.,Credential Access,Valid Accounts,CVE-2026-1235,CAMP-35,2026-02-20
THR-2026-0236,2026-06-03T00:00:00,Synthetic Malware Observation 236,MALWARE,FILE HASH,8c2a7c0d56431ae4524d02094480f6e2168941c89025e844aeb8cee2a23181da,Community Submission,64,LOW,58,UNDER_REVIEW,2026-05-23,2026-06-03,IN,SYNTHETIC / DEMO ONLY. This record is safe educational data and is not evidence of a real attack.,Impact,Data Encrypted for Impact,,CAMP-36,2026-05-23
THR-2026-0237,2026-05-19T00:00:00,Synthetic Credential Threats Observation 237,CREDENTIAL THREATS,IP ADDRESS,203.0.113.238,Research Report,46,LOW,45,FALSE_POSITIVE,2026-05-18,2026-05-19,EU,SYNTHETIC / DEMO ONLY. This record is safe educational data and is not evidence of a real attack.,Credential Access,Valid Accounts,,CAMP-37,2026-05-18
THR-2026-0238,2026-06-05T00:00:00,Synthetic Credential Threats Observation 238,CREDENTIAL THREATS,FILE HASH,6b58aa1b264c4dd5a0a95eeeffd76c4ae213e54e569f9cf0fe763024fad3aa76,Unknown Source,69,INFORMATIONAL,47,MONITORING,2026-05-17,2026-06-05,Global,SYNTHETIC / DEMO ONLY. This record is safe educational data and is not evidence of a real attack.,Exfiltration,Exfiltration Over Web Service,,CAMP-38,2026-05-17
THR-2026-0239,2026-06-07T00:00:00,Synthetic Social Engineering Observation 239,SOCIAL ENGINEERING,EMAIL/SENDER DOMAIN,mail.example.org,Unknown Source,85,MEDIUM,68,NEW,2026-05-31,2026-06-07,Global,SYNTHETIC / DEMO ONLY. This record is safe educational data and is not evidence of a real attack.,Impact,Data Encrypted for Impact,,CAMP-39,2026-05-31
THR-2026-0240,2026-01-31T00:00:00,Synthetic Social Engineering Observation 240,SOCIAL ENGINEERING,DOMAIN,example.com,Security Vendor,65,HIGH,71,MONITORING,2026-01-30,2026-01-31,EU,SYNTHETIC / DEMO ONLY. This record is safe educational data and is not evidence of a real attack.,Discovery,Network Service Scanning,,CAMP-00,2026-01-30
THR-2026-0241,2026-09-11T00:00:00,Synthetic Web Threats Observation 241,WEB THREATS,EMAIL/SENDER DOMAIN,alerts.example.net,Public Threat Feed,54,LOW,56,NEW,2026-08-28,2026-09-11,EU,SYNTHETIC / DEMO ONLY. This record is safe educational data and is not evidence of a real attack.,Discovery,Network Service Scanning,,CAMP-01,2026-08-28
THR-2026-0242,2026-02-09T00:00:00,Synthetic Malware Observation 242,MALWARE,URL,https://demo.invalid/threat/242,Unknown Source,77,HIGH,71,MONITORING,2026-02-08,2026-02-09,IN,SYNTHETIC / DEMO ONLY. This record is safe educational data and is not evidence of a real attack.,Discovery,Network Service Scanning,,CAMP-02,2026-02-08
THR-2026-0243,2026-02-08T00:00:00,Synthetic Social Engineering Observation 243,SOCIAL ENGINEERING,URL,https://demo.invalid/threat/243,Security Vendor,54,LOW,54,MONITORING,2026-02-01,2026-02-08,EU,SYNTHETIC / DEMO ONLY. This record is safe educational data and is not evidence of a real attack.,Exfiltration,Exfiltration Over Web Service,,CAMP-03,2026-02-01
THR-2026-0244,2026-03-10T00:00:00,Synthetic Web Threats Observation 244,WEB THREATS,FILE HASH,250b664cca2a3cc234ac2ee3902013cc917886a091d3b57b4c238ad471c6d79b,Internal SOC,87,HIGH,84,MONITORING,2026-03-07,2026-03-10,IN,SYNTHETIC / DEMO ONLY. This record is safe educational data and is not evidence of a real attack.,Discovery,Network Service Scanning,,CAMP-04,2026-03-07
THR-2026-0245,2026-07-14T00:00:00,Synthetic Vulnerability Exposure Observation 245,VULNERABILITY EXPOSURE,CVE ID,CVE-2026-1245,Research Report,71,HIGH,73,MONITORING,2026-06-22,2026-07-14,IN,SYNTHETIC / DEMO ONLY. This record is safe educational data and is not evidence of a real attack.,Impact,Data Encrypted for Impact,CVE-2026-1245,CAMP-05,2026-06-22
THR-2026-0246,2026-04-26T00:00:00,Synthetic Social Engineering Observation 246,SOCIAL ENGINEERING,IP ADDRESS,198.51.100.247,Community Submission,86,LOW,71,UNDER_REVIEW,2026-04-10,2026-04-26,US,SYNTHETIC / DEMO ONLY. This record is safe educational data and is not evidence of a real attack.,Exfiltration,Exfiltration Over Web Service,,CAMP-06,2026-04-10
THR-2026-0247,2026-07-17T00:00:00,Synthetic Social Engineering Observation 247,SOCIAL ENGINEERING,FILE HASH,9b169114445c03219e07e83ed7f752925f85d2c6226faf60920bf270c3be9f63,Research Report,97,MEDIUM,69,NEW,2026-06-22,2026-07-17,US,SYNTHETIC / DEMO ONLY. This record is safe educational data and is not evidence of a real attack.,Command and Control,Application Layer Protocol,,CAMP-07,2026-06-22
THR-2026-0248,2026-04-11T00:00:00,Synthetic Web Threats Observation 248,WEB THREATS,EMAIL/SENDER DOMAIN,mail.example.org,Security Vendor,89,MEDIUM,62,NEW,2026-03-19,2026-04-11,Global,SYNTHETIC / DEMO ONLY. This record is safe educational data and is not evidence of a real attack.,Exfiltration,Exfiltration Over Web Service,,CAMP-08,2026-03-19
THR-2026-0249,2026-03-19T00:00:00,Synthetic Data Exposure Observation 249,DATA EXPOSURE,URL,https://demo.invalid/threat/249,Research Report,49,HIGH,58,FALSE_POSITIVE,2026-03-02,2026-03-19,EU,SYNTHETIC / DEMO ONLY. This record is safe educational data and is not evidence of a real attack.,Persistence,Account Access Removal,,CAMP-09,2026-03-02
THR-2026-0250,2026-07-08T00:00:00,Synthetic Network Threats Observation 250,NETWORK THREATS,CVE ID,CVE-2026-1250,Unknown Source,94,LOW,63,UNDER_REVIEW,2026-06-20,2026-07-08,US,SYNTHETIC / DEMO ONLY. This record is safe educational data and is not evidence of a real attack.,Discovery,Network Service Scanning,CVE-2026-1250,CAMP-10,2026-06-20
THR-2026-0251,2026-02-19T00:00:00,Synthetic Vulnerability Exposure Observation 251,VULNERABILITY EXPOSURE,EMAIL/SENDER DOMAIN,mail.example.org,Research Report,51,HIGH,64,CLOSED,2026-02-05,2026-02-19,EU,SYNTHETIC / DEMO ONLY. This record is safe educational data and is not evidence of a real attack.,Initial Access,Phishing,,CAMP-11,2026-02-05
THR-2026-0252,2026-02-27T00:00:00,Synthetic Ransomware Observation 252,RANSOMWARE,IP ADDRESS,192.0.2.253,Unknown Source,55,CRITICAL,71,FALSE_POSITIVE,2026-02-20,2026-02-27,Demo,SYNTHETIC / DEMO ONLY. This record is safe educational data and is not evidence of a real attack.,Persistence,Account Access Removal,,CAMP-12,2026-02-20
THR-2026-0253,2026-04-17T00:00:00,Synthetic Account Security Observation 253,ACCOUNT SECURITY,CVE ID,CVE-2026-1253,Public Threat Feed,65,HIGH,74,MONITORING,2026-03-19,2026-04-17,EU,SYNTHETIC / DEMO ONLY. This record is safe educational data and is not evidence of a real attack.,Initial Access,Phishing,CVE-2026-1253,CAMP-13,2026-03-19
THR-2026-0254,2026-03-16T00:00:00,Synthetic Data Exposure Observation 254,DATA EXPOSURE,EMAIL/SENDER DOMAIN,mail.example.org,Research Report,93,MEDIUM,73,UNDER_REVIEW,2026-03-09,2026-03-16,EU,SYNTHETIC / DEMO ONLY. This record is safe educational data and is not evidence of a real attack.,Exfiltration,Exfiltration Over Web Service,,CAMP-14,2026-03-09
THR-2026-0255,2026-09-20T00:00:00,Synthetic Data Exposure Observation 255,DATA EXPOSURE,EMAIL/SENDER DOMAIN,mail.example.org,Public Threat Feed,69,MEDIUM,65,UNDER_REVIEW,2026-08-22,2026-09-20,EU,SYNTHETIC / DEMO ONLY. This record is safe educational data and is not evidence of a real attack.,Credential Access,Valid Accounts,,CAMP-15,2026-08-22
THR-2026-0256,2026-11-02T00:00:00,Synthetic Account Security Observation 256,ACCOUNT SECURITY,DOMAIN,example.com,Research Report,79,MEDIUM,70,MONITORING,2026-10-06,2026-11-02,IN,SYNTHETIC / DEMO ONLY. This record is safe educational data and is not evidence of a real attack.,Initial Access,Phishing,,CAMP-16,2026-10-06
THR-2026-0257,2026-08-14T00:00:00,Synthetic Social Engineering Observation 257,SOCIAL ENGINEERING,DOMAIN,example.com,Security Vendor,67,HIGH,71,NEW,2026-07-19,2026-08-14,Global,SYNTHETIC / DEMO ONLY. This record is safe educational data and is not evidence of a real attack.,Credential Access,Valid Accounts,,CAMP-17,2026-07-19
THR-2026-0258,2026-04-14T00:00:00,Synthetic Web Threats Observation 258,WEB THREATS,IP ADDRESS,203.0.113.5,Internal SOC,50,HIGH,54,NEW,2026-03-17,2026-04-14,Global,SYNTHETIC / DEMO ONLY. This record is safe educational data and is not evidence of a real attack.,Persistence,Account Access Removal,,CAMP-18,2026-03-17
THR-2026-0259,2026-02-15T00:00:00,Synthetic Network Threats Observation 259,NETWORK THREATS,IP ADDRESS,198.51.100.6,Internal SOC,54,MEDIUM,52,MONITORING,2026-02-15,2026-02-15,Global,SYNTHETIC / DEMO ONLY. This record is safe educational data and is not evidence of a real attack.,Initial Access,Phishing,,CAMP-19,2026-02-15
THR-2026-0260,2026-07-25T00:00:00,Synthetic Web Threats Observation 260,WEB THREATS,URL,https://demo.invalid/threat/260,Research Report,87,MEDIUM,64,FALSE_POSITIVE,2026-07-17,2026-07-25,US,SYNTHETIC / DEMO ONLY. This record is safe educational data and is not evidence of a real attack.,Exfiltration,Exfiltration Over Web Service,,CAMP-20,2026-07-17
THR-2026-0261,2026-05-26T00:00:00,Synthetic Malware Observation 261,MALWARE,EMAIL/SENDER DOMAIN,mail.example.org,Public Threat Feed,68,HIGH,67,MONITORING,2026-04-27,2026-05-26,EU,SYNTHETIC / DEMO ONLY. This record is safe educational data and is not evidence of a real attack.,Initial Access,Phishing,,CAMP-21,2026-04-27
THR-2026-0262,2026-07-19T00:00:00,Synthetic Malware Observation 262,MALWARE,CVE ID,CVE-2026-1262,Public Threat Feed,95,LOW,59,FALSE_POSITIVE,2026-07-09,2026-07-19,Demo,SYNTHETIC / DEMO ONLY. This record is safe educational data and is not evidence of a real attack.,Persistence,Account Access Removal,CVE-2026-1262,CAMP-22,2026-07-09
THR-2026-0263,2026-10-07T00:00:00,Synthetic Ransomware Observation 263,RANSOMWARE,IP ADDRESS,192.0.2.10,Unknown Source,88,MEDIUM,68,NEW,2026-09-07,2026-10-07,US,SYNTHETIC / DEMO ONLY. This record is safe educational data and is not evidence of a real attack.,Initial Access,Phishing,,CAMP-23,2026-09-07
THR-2026-0264,2026-09-27T00:00:00,Synthetic Network Threats Observation 264,NETWORK THREATS,IP ADDRESS,192.0.2.11,Security Vendor,66,HIGH,79,CLOSED,2026-09-15,2026-09-27,Global,SYNTHETIC / DEMO ONLY. This record is safe educational data and is not evidence of a real attack.,Persistence,Account Access Removal,,CAMP-24,2026-09-15
THR-2026-0265,2026-07-30T00:00:00,Synthetic Malware Observation 265,MALWARE,EMAIL/SENDER DOMAIN,mail.example.org,Security Vendor,71,HIGH,72,NEW,2026-07-11,2026-07-30,Global,SYNTHETIC / DEMO ONLY. This record is safe educational data and is not evidence of a real attack.,Exfiltration,Exfiltration Over Web Service,,CAMP-25,2026-07-11
THR-2026-0266,2026-01-21T00:00:00,Synthetic Web Threats Observation 266,WEB THREATS,EMAIL/SENDER DOMAIN,alerts.example.net,Research Report,50,HIGH,72,MONITORING,2026-01-21,2026-01-21,Demo,SYNTHETIC / DEMO ONLY. This record is safe educational data and is not evidence of a real attack.,Command and Control,Application Layer Protocol,,CAMP-26,2026-01-21
THR-2026-0267,2026-09-19T00:00:00,Synthetic Data Exposure Observation 267,DATA EXPOSURE,FILE HASH,0dd8b448b5b0818681a2b727a6bf92ddb5dba1022e6427eb4839dd7b4cf2e7f5,Community Submission,79,CRITICAL,78,NEW,2026-09-13,2026-09-19,US,SYNTHETIC / DEMO ONLY. This record is safe educational data and is not evidence of a real attack.,Persistence,Account Access Removal,,CAMP-27,2026-09-13
THR-2026-0268,2026-08-24T00:00:00,Synthetic Ransomware Observation 268,RANSOMWARE,FILE HASH,ae82c6544781575dc5efb5b951a60f8befd9682e66f5254ce7c6164f46487fa2,Public Threat Feed,65,MEDIUM,58,CLOSED,2026-07-27,2026-08-24,Global,SYNTHETIC / DEMO ONLY. This record is safe educational data and is not evidence of a real attack.,Discovery,Network Service Scanning,,CAMP-28,2026-07-27
THR-2026-0269,2026-08-22T00:00:00,Synthetic Account Security Observation 269,ACCOUNT SECURITY,EMAIL/SENDER DOMAIN,mail.example.org,Public Threat Feed,62,MEDIUM,57,NEW,2026-07-30,2026-08-22,EU,SYNTHETIC / DEMO ONLY. This record is safe educational data and is not evidence of a real attack.,Credential Access,Valid Accounts,,CAMP-29,2026-07-30
THR-2026-0270,2026-02-11T00:00:00,Synthetic Social Engineering Observation 270,SOCIAL ENGINEERING,URL,https://demo.invalid/threat/270,Public Threat Feed,78,LOW,54,NEW,2026-01-29,2026-02-11,Demo,SYNTHETIC / DEMO ONLY. This record is safe educational data and is not evidence of a real attack.,Discovery,Network Service Scanning,,CAMP-30,2026-01-29
THR-2026-0271,2026-09-06T00:00:00,Synthetic Phishing Observation 271,PHISHING,DOMAIN,example.org,Unknown Source,98,HIGH,72,UNDER_REVIEW,2026-09-01,2026-09-06,Demo,SYNTHETIC / DEMO ONLY. This record is safe educational data and is not evidence of a real attack.,Persistence,Account Access Removal,,CAMP-31,2026-09-01
THR-2026-0272,2026-07-26T00:00:00,Synthetic Data Exposure Observation 272,DATA EXPOSURE,CVE ID,CVE-2026-1272,Unknown Source,97,HIGH,78,CLOSED,2026-07-18,2026-07-26,IN,SYNTHETIC / DEMO ONLY. This record is safe educational data and is not evidence of a real attack.,Impact,Data Encrypted for Impact,CVE-2026-1272,CAMP-32,2026-07-18
THR-2026-0273,2026-01-17T00:00:00,Synthetic Network Threats Observation 273,NETWORK THREATS,FILE HASH,72696be55667a74609ad22aac6cf45c202abbd5f2c74d3660796775618a82dc5,Community Submission,65,HIGH,62,UNDER_REVIEW,2026-01-02,2026-01-17,Demo,SYNTHETIC / DEMO ONLY. This record is safe educational data and is not evidence of a real attack.,Discovery,Network Service Scanning,,CAMP-33,2026-01-02
THR-2026-0274,2026-02-21T00:00:00,Synthetic Ransomware Observation 274,RANSOMWARE,DOMAIN,demo.invalid,Public Threat Feed,52,MEDIUM,53,CLOSED,2026-01-25,2026-02-21,IN,SYNTHETIC / DEMO ONLY. This record is safe educational data and is not evidence of a real attack.,Command and Control,Application Layer Protocol,,CAMP-34,2026-01-25
THR-2026-0275,2026-06-26T00:00:00,Synthetic Account Security Observation 275,ACCOUNT SECURITY,FILE HASH,f7af8999d8f88f3293cc79d004c08210595cf6d821175803fe39522c37e4a49c,Public Threat Feed,80,HIGH,72,UNDER_REVIEW,2026-06-26,2026-06-26,US,SYNTHETIC / DEMO ONLY. This record is safe educational data and is not evidence of a real attack.,Discovery,Network Service Scanning,,CAMP-35,2026-06-26
THR-2026-0276,2026-07-22T00:00:00,Synthetic Phishing Observation 276,PHISHING,URL,https://demo.invalid/threat/276,Community Submission,65,INFORMATIONAL,48,MONITORING,2026-07-03,2026-07-22,Global,SYNTHETIC / DEMO ONLY. This record is safe educational data and is not evidence of a real attack.,Impact,Data Encrypted for Impact,,CAMP-36,2026-07-03
THR-2026-0277,2026-08-11T00:00:00,Synthetic Credential Threats Observation 277,CREDENTIAL THREATS,IP ADDRESS,192.0.2.24,Internal SOC,95,LOW,64,NEW,2026-08-06,2026-08-11,Global,SYNTHETIC / DEMO ONLY. This record is safe educational data and is not evidence of a real attack.,, ,,CAMP-37,2026-08-06
THR-2026-0278,2026-02-27T00:00:00,Synthetic Social Engineering Observation 278,SOCIAL ENGINEERING,CVE ID,CVE-2026-1278,Community Submission,93,HIGH,79,UNDER_REVIEW,2026-02-22,2026-02-27,EU,SYNTHETIC / DEMO ONLY. This record is safe educational data and is not evidence of a real attack.,Impact,Data Encrypted for Impact,CVE-2026-1278,CAMP-38,2026-02-22
THR-2026-0279,2026-03-05T00:00:00,Synthetic Social Engineering Observation 279,SOCIAL ENGINEERING,EMAIL/SENDER DOMAIN,mail.example.org,Public Threat Feed,50,LOW,55,MONITORING,2026-02-17,2026-03-05,EU,SYNTHETIC / DEMO ONLY. This record is safe educational data and is not evidence of a real attack.,Persistence,Account Access Removal,,CAMP-39,2026-02-17
THR-2026-0280,2026-04-16T00:00:00,Synthetic Data Exposure Observation 280,DATA EXPOSURE,CVE ID,CVE-2026-1280,Public Threat Feed,46,HIGH,54,CLOSED,2026-04-11,2026-04-16,EU,SYNTHETIC / DEMO ONLY. This record is safe educational data and is not evidence of a real attack.,Persistence,Account Access Removal,CVE-2026-1280,CAMP-00,2026-04-11
THR-2026-0281,2026-05-11T00:00:00,Synthetic Phishing Observation 281,PHISHING,URL,https://demo.invalid/threat/281,Internal SOC,92,MEDIUM,67,NEW,2026-05-08,2026-05-11,EU,SYNTHETIC / DEMO ONLY. This record is safe educational data and is not evidence of a real attack.,Impact,Data Encrypted for Impact,,CAMP-01,2026-05-08
THR-2026-0282,2026-07-07T00:00:00,Synthetic Malware Observation 282,MALWARE,DOMAIN,example.net,Security Vendor,58,MEDIUM,55,UNDER_REVIEW,2026-06-12,2026-07-07,Demo,SYNTHETIC / DEMO ONLY. This record is safe educational data and is not evidence of a real attack.,Exfiltration,Exfiltration Over Web Service,,CAMP-02,2026-06-12
THR-2026-0283,2026-09-10T00:00:00,Synthetic Ransomware Observation 283,RANSOMWARE,DOMAIN,example.com,Internal SOC,92,HIGH,78,UNDER_REVIEW,2026-09-01,2026-09-10,US,SYNTHETIC / DEMO ONLY. This record is safe educational data and is not evidence of a real attack.,Command and Control,Application Layer Protocol,,CAMP-03,2026-09-01
THR-2026-0284,2026-04-19T00:00:00,Synthetic Data Exposure Observation 284,DATA EXPOSURE,DOMAIN,demo.invalid,Unknown Source,77,LOW,62,MONITORING,2026-04-19,2026-04-19,US,SYNTHETIC / DEMO ONLY. This record is safe educational data and is not evidence of a real attack.,Persistence,Account Access Removal,,CAMP-04,2026-04-19
THR-2026-0285,2026-07-04T00:00:00,Synthetic Credential Threats Observation 285,CREDENTIAL THREATS,EMAIL/SENDER DOMAIN,alerts.example.net,Community Submission,57,INFORMATIONAL,53,NEW,2026-06-24,2026-07-04,Demo,SYNTHETIC / DEMO ONLY. This record is safe educational data and is not evidence of a real attack.,Persistence,Account Access Removal,,CAMP-05,2026-06-24
THR-2026-0286,2026-06-11T00:00:00,Synthetic Web Threats Observation 286,WEB THREATS,URL,https://demo.invalid/threat/286,Public Threat Feed,58,MEDIUM,63,MONITORING,2026-06-08,2026-06-11,IN,SYNTHETIC / DEMO ONLY. This record is safe educational data and is not evidence of a real attack.,Exfiltration,Exfiltration Over Web Service,,CAMP-06,2026-06-08
THR-2026-0287,2026-07-22T00:00:00,Synthetic Credential Threats Observation 287,CREDENTIAL THREATS,DOMAIN,demo.invalid,Internal SOC,72,INFORMATIONAL,54,CLOSED,2026-07-21,2026-07-22,Demo,SYNTHETIC / DEMO ONLY. This record is safe educational data and is not evidence of a real attack.,Persistence,Account Access Removal,,CAMP-07,2026-07-21
THR-2026-0288,2026-02-25T00:00:00,Synthetic Web Threats Observation 288,WEB THREATS,IP ADDRESS,198.51.100.35,Public Threat Feed,62,HIGH,71,UNDER_REVIEW,2026-01-27,2026-02-25,Global,SYNTHETIC / DEMO ONLY. This record is safe educational data and is not evidence of a real attack.,Exfiltration,Exfiltration Over Web Service,,CAMP-08,2026-01-27
THR-2026-0289,2026-03-14T00:00:00,Synthetic Data Exposure Observation 289,DATA EXPOSURE,IP ADDRESS,198.51.100.36,Community Submission,57,HIGH,64,NEW,2026-02-18,2026-03-14,IN,SYNTHETIC / DEMO ONLY. This record is safe educational data and is not evidence of a real attack.,, ,,CAMP-09,2026-02-18
THR-2026-0290,2026-04-22T00:00:00,Synthetic Network Threats Observation 290,NETWORK THREATS,IP ADDRESS,192.0.2.37,Public Threat Feed,72,HIGH,59,MONITORING,2026-04-19,2026-04-22,EU,SYNTHETIC / DEMO ONLY. This record is safe educational data and is not evidence of a real attack.,Credential Access,Valid Accounts,,CAMP-10,2026-04-19
THR-2026-0291,2026-06-13T00:00:00,Synthetic Account Security Observation 291,ACCOUNT SECURITY,URL,https://demo.invalid/threat/291,Security Vendor,91,HIGH,74,NEW,2026-05-30,2026-06-13,Demo,SYNTHETIC / DEMO ONLY. This record is safe educational data and is not evidence of a real attack.,Discovery,Network Service Scanning,,CAMP-11,2026-05-30
THR-2026-0292,2026-05-22T00:00:00,Synthetic Vulnerability Exposure Observation 292,VULNERABILITY EXPOSURE,EMAIL/SENDER DOMAIN,mail.example.org,Research Report,58,HIGH,70,NEW,2026-05-10,2026-05-22,EU,SYNTHETIC / DEMO ONLY. This record is safe educational data and is not evidence of a real attack.,Command and Control,Application Layer Protocol,,CAMP-12,2026-05-10
THR-2026-0293,2026-03-06T00:00:00,Synthetic Phishing Observation 293,PHISHING,IP ADDRESS,192.0.2.40,Security Vendor,69,HIGH,58,UNDER_REVIEW,2026-02-25,2026-03-06,EU,SYNTHETIC / DEMO ONLY. This record is safe educational data and is not evidence of a real attack.,Credential Access,Valid Accounts,,CAMP-13,2026-02-25
THR-2026-0294,2026-05-02T00:00:00,Synthetic Phishing Observation 294,PHISHING,IP ADDRESS,203.0.113.41,Research Report,75,HIGH,70,CLOSED,2026-04-10,2026-05-02,EU,SYNTHETIC / DEMO ONLY. This record is safe educational data and is not evidence of a real attack.,Exfiltration,Exfiltration Over Web Service,,CAMP-14,2026-04-10
THR-2026-0295,2026-01-27T00:00:00,Synthetic Data Exposure Observation 295,DATA EXPOSURE,IP ADDRESS,203.0.113.42,Community Submission,70,MEDIUM,57,MONITORING,2026-01-12,2026-01-27,IN,SYNTHETIC / DEMO ONLY. This record is safe educational data and is not evidence of a real attack.,, ,,CAMP-15,2026-01-12
THR-2026-0296,2026-08-18T00:00:00,Synthetic Vulnerability Exposure Observation 296,VULNERABILITY EXPOSURE,URL,https://demo.invalid/threat/296,Unknown Source,53,MEDIUM,67,CLOSED,2026-07-21,2026-08-18,Global,SYNTHETIC / DEMO ONLY. This record is safe educational data and is not evidence of a real attack.,Exfiltration,Exfiltration Over Web Service,,CAMP-16,2026-07-21
THR-2026-0297,2026-04-20T00:00:00,Synthetic Vulnerability Exposure Observation 297,VULNERABILITY EXPOSURE,DOMAIN,example.org,Public Threat Feed,61,MEDIUM,61,NEW,2026-03-28,2026-04-20,Demo,SYNTHETIC / DEMO ONLY. This record is safe educational data and is not evidence of a real attack.,Discovery,Network Service Scanning,,CAMP-17,2026-03-28
THR-2026-0298,2026-04-17T00:00:00,Synthetic Vulnerability Exposure Observation 298,VULNERABILITY EXPOSURE,DOMAIN,example.net,Unknown Source,64,HIGH,71,UNDER_REVIEW,2026-04-11,2026-04-17,IN,SYNTHETIC / DEMO ONLY. This record is safe educational data and is not evidence of a real attack.,Impact,Data Encrypted for Impact,,CAMP-18,2026-04-11
THR-2026-0299,2026-10-03T00:00:00,Synthetic Credential Threats Observation 299,CREDENTIAL THREATS,IP ADDRESS,192.0.2.46,Research Report,64,MEDIUM,60,NEW,2026-09-07,2026-10-03,IN,SYNTHETIC / DEMO ONLY. This record is safe educational data and is not evidence of a real attack.,Impact,Data Encrypted for Impact,,CAMP-19,2026-09-07
THR-2026-0300,2026-02-11T00:00:00,Synthetic Malware Observation 300,MALWARE,CVE ID,CVE-2026-1300,Research Report,69,CRITICAL,72,NEW,2026-01-20,2026-02-11,Demo,SYNTHETIC / DEMO ONLY. This record is safe educational data and is not evidence of a real attack.,Persistence,Account Access Removal,CVE-2026-1300,CAMP-20,2026-01-20
THR-2026-0301,2026-04-23T00:00:00,Synthetic Vulnerability Exposure Observation 301,VULNERABILITY EXPOSURE,FILE HASH,f9bcd5fc1caf17ce2e54c91cff6812455f82aaf8440a9d825946474350c6194a,Community Submission,50,HIGH,67,UNDER_REVIEW,2026-04-13,2026-04-23,Global,SYNTHETIC / DEMO ONLY. This record is safe educational data and is not evidence of a real attack.,Persistence,Account Access Removal,,CAMP-21,2026-04-13
THR-2026-0302,2026-09-29T00:00:00,Synthetic Web Threats Observation 302,WEB THREATS,IP ADDRESS,203.0.113.49,Internal SOC,70,MEDIUM,58,UNDER_REVIEW,2026-08-30,2026-09-29,Global,SYNTHETIC / DEMO ONLY. This record is safe educational data and is not evidence of a real attack.,, ,,CAMP-22,2026-08-30
THR-2026-0303,2026-03-31T00:00:00,Synthetic Web Threats Observation 303,WEB THREATS,FILE HASH,52825a821ece211400082eb8b2cac264b0dfbda3b32034504a92c72ea189bd11,Community Submission,54,CRITICAL,61,FALSE_POSITIVE,2026-03-07,2026-03-31,Demo,SYNTHETIC / DEMO ONLY. This record is safe educational data and is not evidence of a real attack.,Command and Control,Application Layer Protocol,,CAMP-23,2026-03-07
THR-2026-0304,2026-07-08T00:00:00,Synthetic Account Security Observation 304,ACCOUNT SECURITY,URL,https://demo.invalid/threat/304,Unknown Source,78,LOW,57,FALSE_POSITIVE,2026-06-13,2026-07-08,Demo,SYNTHETIC / DEMO ONLY. This record is safe educational data and is not evidence of a real attack.,Persistence,Account Access Removal,,CAMP-24,2026-06-13
THR-2026-0305,2026-08-21T00:00:00,Synthetic Credential Threats Observation 305,CREDENTIAL THREATS,CVE ID,CVE-2026-1305,Security Vendor,97,CRITICAL,80,MONITORING,2026-07-31,2026-08-21,Demo,SYNTHETIC / DEMO ONLY. This record is safe educational data and is not evidence of a real attack.,Command and Control,Application Layer Protocol,CVE-2026-1305,CAMP-25,2026-07-31
THR-2026-0306,2026-09-25T00:00:00,Synthetic Credential Threats Observation 306,CREDENTIAL THREATS,DOMAIN,example.net,Security Vendor,60,MEDIUM,58,MONITORING,2026-08-31,2026-09-25,Demo,SYNTHETIC / DEMO ONLY. This record is safe educational data and is not evidence of a real attack.,Exfiltration,Exfiltration Over Web Service,,CAMP-26,2026-08-31
THR-2026-0307,2026-07-30T00:00:00,Synthetic Malware Observation 307,MALWARE,URL,https://demo.invalid/threat/307,Unknown Source,97,HIGH,70,CLOSED,2026-07-23,2026-07-30,IN,SYNTHETIC / DEMO ONLY. This record is safe educational data and is not evidence of a real attack.,, ,,CAMP-27,2026-07-23
THR-2026-0308,2026-06-08T00:00:00,Synthetic Malware Observation 308,MALWARE,FILE HASH,d0d81632185fbe43fb26cf9463625b175f2841f454b2dd55c2c8918ae7d59606,Security Vendor,90,LOW,62,MONITORING,2026-05-10,2026-06-08,EU,SYNTHETIC / DEMO ONLY. This record is safe educational data and is not evidence of a real attack.,Discovery,Network Service Scanning,,CAMP-28,2026-05-10
THR-2026-0309,2026-04-25T00:00:00,Synthetic Network Threats Observation 309,NETWORK THREATS,URL,https://demo.invalid/threat/309,Public Threat Feed,71,HIGH,66,FALSE_POSITIVE,2026-04-11,2026-04-25,US,SYNTHETIC / DEMO ONLY. This record is safe educational data and is not evidence of a real attack.,Persistence,Account Access Removal,,CAMP-29,2026-04-11
THR-2026-0310,2026-06-23T00:00:00,Synthetic Vulnerability Exposure Observation 310,VULNERABILITY EXPOSURE,IP ADDRESS,192.0.2.57,Public Threat Feed,59,LOW,54,FALSE_POSITIVE,2026-06-20,2026-06-23,US,SYNTHETIC / DEMO ONLY. This record is safe educational data and is not evidence of a real attack.,Command and Control,Application Layer Protocol,,CAMP-30,2026-06-20
THR-2026-0311,2026-10-30T00:00:00,Synthetic Data Exposure Observation 311,DATA EXPOSURE,FILE HASH,8b399f80362686c6bc4aa289949d26f1e4660d5640d96ad4e06c448c5725f372,Security Vendor,69,MEDIUM,60,UNDER_REVIEW,2026-10-02,2026-10-30,Demo,SYNTHETIC / DEMO ONLY. This record is safe educational data and is not evidence of a real attack.,, ,,CAMP-31,2026-10-02
THR-2026-0312,2026-01-19T00:00:00,Synthetic Credential Threats Observation 312,CREDENTIAL THREATS,FILE HASH,4ff426b05bc895dddc5911c2ec0e7199efbed3591ec95c2e2e486bd5fb1bf40d,Community Submission,98,MEDIUM,60,FALSE_POSITIVE,2026-01-18,2026-01-19,Global,SYNTHETIC / DEMO ONLY. This record is safe educational data and is not evidence of a real attack.,Impact,Data Encrypted for Impact,,CAMP-32,2026-01-18
THR-2026-0313,2026-03-14T00:00:00,Synthetic Data Exposure Observation 313,DATA EXPOSURE,IP ADDRESS,192.0.2.60,Research Report,75,MEDIUM,61,CLOSED,2026-02-16,2026-03-14,Demo,SYNTHETIC / DEMO ONLY. This record is safe educational data and is not evidence of a real attack.,Initial Access,Phishing,,CAMP-33,2026-02-16
THR-2026-0314,2026-02-12T00:00:00,Synthetic Network Threats Observation 314,NETWORK THREATS,EMAIL/SENDER DOMAIN,alerts.example.net,Internal SOC,60,HIGH,61,MONITORING,2026-01-22,2026-02-12,Demo,SYNTHETIC / DEMO ONLY. This record is safe educational data and is not evidence of a real attack.,Credential Access,Valid Accounts,,CAMP-34,2026-01-22
THR-2026-0315,2026-02-02T00:00:00,Synthetic Web Threats Observation 315,WEB THREATS,CVE ID,CVE-2026-1315,Unknown Source,98,HIGH,83,CLOSED,2026-01-24,2026-02-02,IN,SYNTHETIC / DEMO ONLY. This record is safe educational data and is not evidence of a real attack.,Initial Access,Phishing,CVE-2026-1315,CAMP-35,2026-01-24
THR-2026-0316,2026-08-11T00:00:00,Synthetic Data Exposure Observation 316,DATA EXPOSURE,FILE HASH,47d7c58860c5832582c607c00a5c4dce6c9dd4c6fcaba3366b980322695e6303,Security Vendor,53,LOW,53,CLOSED,2026-08-04,2026-08-11,EU,SYNTHETIC / DEMO ONLY. This record is safe educational data and is not evidence of a real attack.,Initial Access,Phishing,,CAMP-36,2026-08-04
THR-2026-0317,2026-02-17T00:00:00,Synthetic Data Exposure Observation 317,DATA EXPOSURE,URL,https://demo.invalid/threat/317,Internal SOC,80,MEDIUM,61,CLOSED,2026-02-11,2026-02-17,IN,SYNTHETIC / DEMO ONLY. This record is safe educational data and is not evidence of a real attack.,Persistence,Account Access Removal,,CAMP-37,2026-02-11
THR-2026-0318,2026-09-26T00:00:00,Synthetic Credential Threats Observation 318,CREDENTIAL THREATS,IP ADDRESS,192.0.2.65,Security Vendor,93,LOW,56,NEW,2026-09-07,2026-09-26,Demo,SYNTHETIC / DEMO ONLY. This record is safe educational data and is not evidence of a real attack.,Exfiltration,Exfiltration Over Web Service,,CAMP-38,2026-09-07
THR-2026-0319,2026-07-30T00:00:00,Synthetic Network Threats Observation 319,NETWORK THREATS,FILE HASH,b314c079a23fef79faa0ac11d621037aa0be825c8110b5b6b17456f8bb40f25e,Community Submission,95,MEDIUM,70,FALSE_POSITIVE,2026-07-04,2026-07-30,Global,SYNTHETIC / DEMO ONLY. This record is safe educational data and is not evidence of a real attack.,, ,,CAMP-39,2026-07-04
THR-2026-0320,2026-04-11T00:00:00,Synthetic Phishing Observation 320,PHISHING,DOMAIN,example.org,Public Threat Feed,86,MEDIUM,59,NEW,2026-03-18,2026-04-11,Global,SYNTHETIC / DEMO ONLY. This record is safe educational data and is not evidence of a real attack.,Persistence,Account Access Removal,,CAMP-00,2026-03-18
THR-2026-0321,2026-06-02T00:00:00,Synthetic Data Exposure Observation 321,DATA EXPOSURE,DOMAIN,demo.invalid,Community Submission,96,MEDIUM,63,UNDER_REVIEW,2026-05-20,2026-06-02,EU,SYNTHETIC / DEMO ONLY. This record is safe educational data and is not evidence of a real attack.,Impact,Data Encrypted for Impact,,CAMP-01,2026-05-20
THR-2026-0322,2026-02-01T00:00:00,Synthetic Network Threats Observation 322,NETWORK THREATS,URL,https://demo.invalid/threat/322,Security Vendor,59,INFORMATIONAL,52,MONITORING,2026-01-11,2026-02-01,IN,SYNTHETIC / DEMO ONLY. This record is safe educational data and is not evidence of a real attack.,Initial Access,Phishing,,CAMP-02,2026-01-11
THR-2026-0323,2026-04-29T00:00:00,Synthetic Account Security Observation 323,ACCOUNT SECURITY,URL,https://demo.invalid/threat/323,Public Threat Feed,48,HIGH,62,NEW,2026-04-11,2026-04-29,EU,SYNTHETIC / DEMO ONLY. This record is safe educational data and is not evidence of a real attack.,, ,,CAMP-03,2026-04-11
THR-2026-0324,2026-03-16T00:00:00,Synthetic Phishing Observation 324,PHISHING,CVE ID,CVE-2026-1324,Research Report,45,MEDIUM,53,MONITORING,2026-02-21,2026-03-16,Demo,SYNTHETIC / DEMO ONLY. This record is safe educational data and is not evidence of a real attack.,, ,CVE-2026-1324,CAMP-04,2026-02-21
THR-2026-0325,2026-04-06T00:00:00,Synthetic Phishing Observation 325,PHISHING,IP ADDRESS,203.0.113.72,Public Threat Feed,81,MEDIUM,65,NEW,2026-03-16,2026-04-06,Global,SYNTHETIC / DEMO ONLY. This record is safe educational data and is not evidence of a real attack.,Exfiltration,Exfiltration Over Web Service,,CAMP-05,2026-03-16
THR-2026-0326,2026-11-04T00:00:00,Synthetic Data Exposure Observation 326,DATA EXPOSURE,DOMAIN,example.net,Unknown Source,48,HIGH,71,CLOSED,2026-10-06,2026-11-04,US,SYNTHETIC / DEMO ONLY. This record is safe educational data and is not evidence of a real attack.,Impact,Data Encrypted for Impact,,CAMP-06,2026-10-06
THR-2026-0327,2026-08-21T00:00:00,Synthetic Account Security Observation 327,ACCOUNT SECURITY,EMAIL/SENDER DOMAIN,mail.example.org,Unknown Source,78,MEDIUM,62,UNDER_REVIEW,2026-08-11,2026-08-21,EU,SYNTHETIC / DEMO ONLY. This record is safe educational data and is not evidence of a real attack.,Persistence,Account Access Removal,,CAMP-07,2026-08-11
THR-2026-0328,2026-07-22T00:00:00,Synthetic Network Threats Observation 328,NETWORK THREATS,CVE ID,CVE-2026-1328,Unknown Source,68,LOW,58,CLOSED,2026-07-14,2026-07-22,Global,SYNTHETIC / DEMO ONLY. This record is safe educational data and is not evidence of a real attack.,Impact,Data Encrypted for Impact,CVE-2026-1328,CAMP-08,2026-07-14
THR-2026-0329,2026-09-13T00:00:00,Synthetic Network Threats Observation 329,NETWORK THREATS,IP ADDRESS,203.0.113.76,Community Submission,81,MEDIUM,70,UNDER_REVIEW,2026-08-30,2026-09-13,US,SYNTHETIC / DEMO ONLY. This record is safe educational data and is not evidence of a real attack.,Command and Control,Application Layer Protocol,,CAMP-09,2026-08-30
THR-2026-0330,2026-01-30T00:00:00,Synthetic Ransomware Observation 330,RANSOMWARE,CVE ID,CVE-2026-1330,Research Report,67,MEDIUM,62,UNDER_REVIEW,2026-01-14,2026-01-30,US,SYNTHETIC / DEMO ONLY. This record is safe educational data and is not evidence of a real attack.,Persistence,Account Access Removal,CVE-2026-1330,CAMP-10,2026-01-14
THR-2026-0331,2026-06-14T00:00:00,Synthetic Data Exposure Observation 331,DATA EXPOSURE,FILE HASH,088d89b75b7e15cd11013980d47e3c3e6b2e5464e2548cf49c75e51681003cd7,Security Vendor,90,LOW,61,MONITORING,2026-06-08,2026-06-14,EU,SYNTHETIC / DEMO ONLY. This record is safe educational data and is not evidence of a real attack.,Credential Access,Valid Accounts,,CAMP-11,2026-06-08
THR-2026-0332,2026-09-03T00:00:00,Synthetic Account Security Observation 332,ACCOUNT SECURITY,IP ADDRESS,198.51.100.79,Public Threat Feed,53,LOW,59,CLOSED,2026-08-16,2026-09-03,EU,SYNTHETIC / DEMO ONLY. This record is safe educational data and is not evidence of a real attack.,, ,,CAMP-12,2026-08-16
THR-2026-0333,2026-03-12T00:00:00,Synthetic Network Threats Observation 333,NETWORK THREATS,URL,https://demo.invalid/threat/333,Community Submission,55,MEDIUM,62,CLOSED,2026-03-10,2026-03-12,IN,SYNTHETIC / DEMO ONLY. This record is safe educational data and is not evidence of a real attack.,, ,,CAMP-13,2026-03-10
THR-2026-0334,2026-06-16T00:00:00,Synthetic Malware Observation 334,MALWARE,DOMAIN,demo.invalid,Research Report,95,HIGH,68,FALSE_POSITIVE,2026-06-13,2026-06-16,Global,SYNTHETIC / DEMO ONLY. This record is safe educational data and is not evidence of a real attack.,, ,,CAMP-14,2026-06-13
THR-2026-0335,2026-10-09T00:00:00,Synthetic Web Threats Observation 335,WEB THREATS,URL,https://demo.invalid/threat/335,Community Submission,69,HIGH,60,CLOSED,2026-09-28,2026-10-09,Global,SYNTHETIC / DEMO ONLY. This record is safe educational data and is not evidence of a real attack.,Discovery,Network Service Scanning,,CAMP-15,2026-09-28
THR-2026-0336,2026-04-16T00:00:00,Synthetic Account Security Observation 336,ACCOUNT SECURITY,CVE ID,CVE-2026-1336,Internal SOC,50,HIGH,60,MONITORING,2026-04-02,2026-04-16,US,SYNTHETIC / DEMO ONLY. This record is safe educational data and is not evidence of a real attack.,Discovery,Network Service Scanning,CVE-2026-1336,CAMP-16,2026-04-02
THR-2026-0337,2026-08-12T00:00:00,Synthetic Malware Observation 337,MALWARE,IP ADDRESS,192.0.2.84,Internal SOC,68,LOW,62,NEW,2026-08-01,2026-08-12,Global,SYNTHETIC / DEMO ONLY. This record is safe educational data and is not evidence of a real attack.,Exfiltration,Exfiltration Over Web Service,,CAMP-17,2026-08-01
THR-2026-0338,2026-03-08T00:00:00,Synthetic Vulnerability Exposure Observation 338,VULNERABILITY EXPOSURE,DOMAIN,demo.invalid,Security Vendor,57,CRITICAL,73,NEW,2026-02-10,2026-03-08,US,SYNTHETIC / DEMO ONLY. This record is safe educational data and is not evidence of a real attack.,Impact,Data Encrypted for Impact,,CAMP-18,2026-02-10
THR-2026-0339,2026-01-24T00:00:00,Synthetic Phishing Observation 339,PHISHING,DOMAIN,example.com,Research Report,66,LOW,57,FALSE_POSITIVE,2026-01-09,2026-01-24,Global,SYNTHETIC / DEMO ONLY. This record is safe educational data and is not evidence of a real attack.,Persistence,Account Access Removal,,CAMP-19,2026-01-09
THR-2026-0340,2026-09-15T00:00:00,Synthetic Ransomware Observation 340,RANSOMWARE,EMAIL/SENDER DOMAIN,mail.example.org,Security Vendor,80,LOW,60,NEW,2026-09-09,2026-09-15,Demo,SYNTHETIC / DEMO ONLY. This record is safe educational data and is not evidence of a real attack.,Discovery,Network Service Scanning,,CAMP-20,2026-09-09
THR-2026-0341,2026-08-07T00:00:00,Synthetic Vulnerability Exposure Observation 341,VULNERABILITY EXPOSURE,IP ADDRESS,203.0.113.88,Community Submission,62,LOW,53,MONITORING,2026-07-27,2026-08-07,EU,SYNTHETIC / DEMO ONLY. This record is safe educational data and is not evidence of a real attack.,Exfiltration,Exfiltration Over Web Service,,CAMP-21,2026-07-27
THR-2026-0342,2026-09-04T00:00:00,Synthetic Social Engineering Observation 342,SOCIAL ENGINEERING,IP ADDRESS,192.0.2.89,Community Submission,75,HIGH,75,NEW,2026-08-23,2026-09-04,IN,SYNTHETIC / DEMO ONLY. This record is safe educational data and is not evidence of a real attack.,Persistence,Account Access Removal,,CAMP-22,2026-08-23
THR-2026-0343,2026-08-24T00:00:00,Synthetic Credential Threats Observation 343,CREDENTIAL THREATS,URL,https://demo.invalid/threat/343,Public Threat Feed,81,MEDIUM,70,NEW,2026-08-04,2026-08-24,Global,SYNTHETIC / DEMO ONLY. This record is safe educational data and is not evidence of a real attack.,Credential Access,Valid Accounts,,CAMP-23,2026-08-04
THR-2026-0344,2026-04-15T00:00:00,Synthetic Network Threats Observation 344,NETWORK THREATS,IP ADDRESS,192.0.2.91,Unknown Source,65,HIGH,67,CLOSED,2026-03-18,2026-04-15,Global,SYNTHETIC / DEMO ONLY. This record is safe educational data and is not evidence of a real attack.,Persistence,Account Access Removal,,CAMP-24,2026-03-18
THR-2026-0345,2026-04-16T00:00:00,Synthetic Social Engineering Observation 345,SOCIAL ENGINEERING,URL,https://demo.invalid/threat/345,Internal SOC,75,MEDIUM,68,MONITORING,2026-03-30,2026-04-16,Global,SYNTHETIC / DEMO ONLY. This record is safe educational data and is not evidence of a real attack.,Impact,Data Encrypted for Impact,,CAMP-25,2026-03-30
THR-2026-0346,2026-03-27T00:00:00,Synthetic Ransomware Observation 346,RANSOMWARE,EMAIL/SENDER DOMAIN,mail.example.org,Research Report,76,LOW,58,CLOSED,2026-03-19,2026-03-27,Global,SYNTHETIC / DEMO ONLY. This record is safe educational data and is not evidence of a real attack.,Exfiltration,Exfiltration Over Web Service,,CAMP-26,2026-03-19
THR-2026-0347,2026-04-12T00:00:00,Synthetic Credential Threats Observation 347,CREDENTIAL THREATS,FILE HASH,45272d6bc3be7ee4e5cfae86c05346da73ef8e7bcfe3f33d07819200ead83d96,Security Vendor,78,HIGH,68,NEW,2026-03-28,2026-04-12,Demo,SYNTHETIC / DEMO ONLY. This record is safe educational data and is not evidence of a real attack.,, ,,CAMP-27,2026-03-28
THR-2026-0348,2026-06-20T00:00:00,Synthetic Ransomware Observation 348,RANSOMWARE,DOMAIN,example.com,Public Threat Feed,91,HIGH,67,UNDER_REVIEW,2026-06-18,2026-06-20,EU,SYNTHETIC / DEMO ONLY. This record is safe educational data and is not evidence of a real attack.,, ,,CAMP-28,2026-06-18
THR-2026-0349,2026-03-05T00:00:00,Synthetic Network Threats Observation 349,NETWORK THREATS,FILE HASH,17bc8089b654956e0d8c3380df2fd4f0e58747ce856bf965f37a1b20675d4d38,Public Threat Feed,77,MEDIUM,51,NEW,2026-02-11,2026-03-05,IN,SYNTHETIC / DEMO ONLY. This record is safe educational data and is not evidence of a real attack.,Impact,Data Encrypted for Impact,,CAMP-29,2026-02-11
THR-2026-0350,2026-01-20T00:00:00,Synthetic Vulnerability Exposure Observation 350,VULNERABILITY EXPOSURE,CVE ID,CVE-2026-1350,Public Threat Feed,88,MEDIUM,68,UNDER_REVIEW,2026-01-04,2026-01-20,IN,SYNTHETIC / DEMO ONLY. This record is safe educational data and is not evidence of a real attack.,Exfiltration,Exfiltration Over Web Service,CVE-2026-1350,CAMP-30,2026-01-04
THR-2026-0351,2026-03-20T00:00:00,Synthetic Malware Observation 351,MALWARE,URL,https://demo.invalid/threat/351,Research Report,70,LOW,55,FALSE_POSITIVE,2026-02-24,2026-03-20,Demo,SYNTHETIC / DEMO ONLY. This record is safe educational data and is not evidence of a real attack.,Initial Access,Phishing,,CAMP-31,2026-02-24
THR-2026-0352,2026-03-04T00:00:00,Synthetic Web Threats Observation 352,WEB THREATS,IP ADDRESS,198.51.100.99,Research Report,76,MEDIUM,60,MONITORING,2026-02-18,2026-03-04,US,SYNTHETIC / DEMO ONLY. This record is safe educational data and is not evidence of a real attack.,Exfiltration,Exfiltration Over Web Service,,CAMP-32,2026-02-18
THR-2026-0353,2026-03-10T00:00:00,Synthetic Network Threats Observation 353,NETWORK THREATS,EMAIL/SENDER DOMAIN,alerts.example.net,Research Report,51,INFORMATIONAL,50,CLOSED,2026-02-14,2026-03-10,US,SYNTHETIC / DEMO ONLY. This record is safe educational data and is not evidence of a real attack.,Command and Control,Application Layer Protocol,,CAMP-33,2026-02-14
THR-2026-0354,2026-05-27T00:00:00,Synthetic Malware Observation 354,MALWARE,IP ADDRESS,192.0.2.101,Security Vendor,67,HIGH,64,FALSE_POSITIVE,2026-05-14,2026-05-27,Global,SYNTHETIC / DEMO ONLY. This record is safe educational data and is not evidence of a real attack.,Command and Control,Application Layer Protocol,,CAMP-34,2026-05-14
THR-2026-0355,2026-09-28T00:00:00,Synthetic Account Security Observation 355,ACCOUNT SECURITY,URL,https://demo.invalid/threat/355,Community Submission,81,LOW,62,FALSE_POSITIVE,2026-08-30,2026-09-28,EU,SYNTHETIC / DEMO ONLY. This record is safe educational data and is not evidence of a real attack.,Impact,Data Encrypted for Impact,,CAMP-35,2026-08-30
THR-2026-0356,2026-05-31T00:00:00,Synthetic Ransomware Observation 356,RANSOMWARE,IP ADDRESS,203.0.113.103,Internal SOC,47,MEDIUM,58,NEW,2026-05-17,2026-05-31,IN,SYNTHETIC / DEMO ONLY. This record is safe educational data and is not evidence of a real attack.,Credential Access,Valid Accounts,,CAMP-36,2026-05-17
THR-2026-0357,2026-07-07T00:00:00,Synthetic Ransomware Observation 357,RANSOMWARE,URL,https://demo.invalid/threat/357,Internal SOC,60,HIGH,66,UNDER_REVIEW,2026-06-28,2026-07-07,IN,SYNTHETIC / DEMO ONLY. This record is safe educational data and is not evidence of a real attack.,Impact,Data Encrypted for Impact,,CAMP-37,2026-06-28
THR-2026-0358,2026-05-02T00:00:00,Synthetic Data Exposure Observation 358,DATA EXPOSURE,IP ADDRESS,198.51.100.105,Internal SOC,80,HIGH,67,CLOSED,2026-04-30,2026-05-02,EU,SYNTHETIC / DEMO ONLY. This record is safe educational data and is not evidence of a real attack.,Exfiltration,Exfiltration Over Web Service,,CAMP-38,2026-04-30
THR-2026-0359,2026-02-09T00:00:00,Synthetic Web Threats Observation 359,WEB THREATS,IP ADDRESS,203.0.113.106,Community Submission,79,CRITICAL,89,MONITORING,2026-01-12,2026-02-09,IN,SYNTHETIC / DEMO ONLY. This record is safe educational data and is not evidence of a real attack.,Impact,Data Encrypted for Impact,,CAMP-39,2026-01-12
THR-2026-0360,2026-09-05T00:00:00,Synthetic Phishing Observation 360,PHISHING,CVE ID,CVE-2026-1360,Public Threat Feed,93,HIGH,77,NEW,2026-08-23,2026-09-05,Global,SYNTHETIC / DEMO ONLY. This record is safe educational data and is not evidence of a real attack.,Discovery,Network Service Scanning,CVE-2026-1360,CAMP-00,2026-08-23
THR-2026-0361,2026-02-06T00:00:00,Synthetic Phishing Observation 361,PHISHING,IP ADDRESS,198.51.100.108,Research Report,80,MEDIUM,65,MONITORING,2026-01-26,2026-02-06,Global,SYNTHETIC / DEMO ONLY. This record is safe educational data and is not evidence of a real attack.,Impact,Data Encrypted for Impact,,CAMP-01,2026-01-26
THR-2026-0362,2026-05-17T00:00:00,Synthetic Phishing Observation 362,PHISHING,EMAIL/SENDER DOMAIN,alerts.example.net,Internal SOC,82,MEDIUM,63,FALSE_POSITIVE,2026-04-18,2026-05-17,US,SYNTHETIC / DEMO ONLY. This record is safe educational data and is not evidence of a real attack.,, ,,CAMP-02,2026-04-18
THR-2026-0363,2026-02-11T00:00:00,Synthetic Social Engineering Observation 363,SOCIAL ENGINEERING,IP ADDRESS,192.0.2.110,Internal SOC,47,CRITICAL,65,CLOSED,2026-01-13,2026-02-11,Global,SYNTHETIC / DEMO ONLY. This record is safe educational data and is not evidence of a real attack.,, ,,CAMP-03,2026-01-13
THR-2026-0364,2026-06-18T00:00:00,Synthetic Web Threats Observation 364,WEB THREATS,CVE ID,CVE-2026-1364,Research Report,56,MEDIUM,59,NEW,2026-05-26,2026-06-18,Demo,SYNTHETIC / DEMO ONLY. This record is safe educational data and is not evidence of a real attack.,Initial Access,Phishing,CVE-2026-1364,CAMP-04,2026-05-26
THR-2026-0365,2026-03-27T00:00:00,Synthetic Phishing Observation 365,PHISHING,URL,https://demo.invalid/threat/365,Community Submission,49,HIGH,65,NEW,2026-03-12,2026-03-27,EU,SYNTHETIC / DEMO ONLY. This record is safe educational data and is not evidence of a real attack.,Command and Control,Application Layer Protocol,,CAMP-05,2026-03-12
THR-2026-0366,2026-09-17T00:00:00,Synthetic Social Engineering Observation 366,SOCIAL ENGINEERING,CVE ID,CVE-2026-1366,Research Report,59,HIGH,67,FALSE_POSITIVE,2026-08-21,2026-09-17,EU,SYNTHETIC / DEMO ONLY. This record is safe educational data and is not evidence of a real attack.,, ,CVE-2026-1366,CAMP-06,2026-08-21
THR-2026-0367,2026-03-01T00:00:00,Synthetic Account Security Observation 367,ACCOUNT SECURITY,DOMAIN,example.com,Unknown Source,88,HIGH,71,NEW,2026-02-02,2026-03-01,Demo,SYNTHETIC / DEMO ONLY. This record is safe educational data and is not evidence of a real attack.,Exfiltration,Exfiltration Over Web Service,,CAMP-07,2026-02-02
THR-2026-0368,2026-07-28T00:00:00,Synthetic Account Security Observation 368,ACCOUNT SECURITY,URL,https://demo.invalid/threat/368,Internal SOC,76,HIGH,69,MONITORING,2026-07-06,2026-07-28,US,SYNTHETIC / DEMO ONLY. This record is safe educational data and is not evidence of a real attack.,Exfiltration,Exfiltration Over Web Service,,CAMP-08,2026-07-06
THR-2026-0369,2026-08-18T00:00:00,Synthetic Ransomware Observation 369,RANSOMWARE,URL,https://demo.invalid/threat/369,Public Threat Feed,85,LOW,50,FALSE_POSITIVE,2026-07-28,2026-08-18,EU,SYNTHETIC / DEMO ONLY. This record is safe educational data and is not evidence of a real attack.,Persistence,Account Access Removal,,CAMP-09,2026-07-28
THR-2026-0370,2026-04-22T00:00:00,Synthetic Web Threats Observation 370,WEB THREATS,IP ADDRESS,192.0.2.117,Internal SOC,82,MEDIUM,63,UNDER_REVIEW,2026-04-21,2026-04-22,US,SYNTHETIC / DEMO ONLY. This record is safe educational data and is not evidence of a real attack.,Discovery,Network Service Scanning,,CAMP-10,2026-04-21
THR-2026-0371,2026-09-15T00:00:00,Synthetic Data Exposure Observation 371,DATA EXPOSURE,DOMAIN,example.org,Research Report,91,LOW,72,FALSE_POSITIVE,2026-08-27,2026-09-15,IN,SYNTHETIC / DEMO ONLY. This record is safe educational data and is not evidence of a real attack.,, ,,CAMP-11,2026-08-27
THR-2026-0372,2026-08-23T00:00:00,Synthetic Malware Observation 372,MALWARE,DOMAIN,example.net,Public Threat Feed,67,LOW,49,FALSE_POSITIVE,2026-08-12,2026-08-23,EU,SYNTHETIC / DEMO ONLY. This record is safe educational data and is not evidence of a real attack.,Exfiltration,Exfiltration Over Web Service,,CAMP-12,2026-08-12
THR-2026-0373,2026-05-06T00:00:00,Synthetic Account Security Observation 373,ACCOUNT SECURITY,IP ADDRESS,198.51.100.120,Research Report,86,CRITICAL,83,FALSE_POSITIVE,2026-04-21,2026-05-06,US,SYNTHETIC / DEMO ONLY. This record is safe educational data and is not evidence of a real attack.,Command and Control,Application Layer Protocol,,CAMP-13,2026-04-21
THR-2026-0374,2026-02-19T00:00:00,Synthetic Ransomware Observation 374,RANSOMWARE,URL,https://demo.invalid/threat/374,Internal SOC,62,HIGH,65,UNDER_REVIEW,2026-01-22,2026-02-19,IN,SYNTHETIC / DEMO ONLY. This record is safe educational data and is not evidence of a real attack.,Credential Access,Valid Accounts,,CAMP-14,2026-01-22
THR-2026-0375,2026-05-27T00:00:00,Synthetic Data Exposure Observation 375,DATA EXPOSURE,DOMAIN,example.com,Unknown Source,52,HIGH,60,CLOSED,2026-05-06,2026-05-27,EU,SYNTHETIC / DEMO ONLY. This record is safe educational data and is not evidence of a real attack.,Exfiltration,Exfiltration Over Web Service,,CAMP-15,2026-05-06
THR-2026-0376,2026-04-03T00:00:00,Synthetic Web Threats Observation 376,WEB THREATS,FILE HASH,8b08eb874071d0aea8cbde03bd4cd0727b9214707e1ad201c161d21a51dbba21,Research Report,50,HIGH,63,MONITORING,2026-03-20,2026-04-03,EU,SYNTHETIC / DEMO ONLY. This record is safe educational data and is not evidence of a real attack.,Persistence,Account Access Removal,,CAMP-16,2026-03-20
THR-2026-0377,2026-04-13T00:00:00,Synthetic Network Threats Observation 377,NETWORK THREATS,FILE HASH,4a882a689d825344ab9cdec96d825e48e46b7e51dd69906b2a6cbf4d288b1a1c,Security Vendor,72,MEDIUM,66,NEW,2026-03-25,2026-04-13,Demo,SYNTHETIC / DEMO ONLY. This record is safe educational data and is not evidence of a real attack.,, ,,CAMP-17,2026-03-25
THR-2026-0378,2026-09-28T00:00:00,Synthetic Web Threats Observation 378,WEB THREATS,DOMAIN,demo.invalid,Security Vendor,77,CRITICAL,75,NEW,2026-09-15,2026-09-28,EU,SYNTHETIC / DEMO ONLY. This record is safe educational data and is not evidence of a real attack.,Credential Access,Valid Accounts,,CAMP-18,2026-09-15
THR-2026-0379,2026-03-18T00:00:00,Synthetic Account Security Observation 379,ACCOUNT SECURITY,FILE HASH,1a19cf29bc49a4876b115cc35054bf31628f5039d05de2a53a758b0df9ddbbbc,Security Vendor,68,HIGH,66,MONITORING,2026-02-21,2026-03-18,Demo,SYNTHETIC / DEMO ONLY. This record is safe educational data and is not evidence of a real attack.,Credential Access,Valid Accounts,,CAMP-19,2026-02-21
THR-2026-0380,2026-07-10T00:00:00,Synthetic Malware Observation 380,MALWARE,CVE ID,CVE-2026-1380,Public Threat Feed,80,LOW,45,FALSE_POSITIVE,2026-06-23,2026-07-10,Demo,SYNTHETIC / DEMO ONLY. This record is safe educational data and is not evidence of a real attack.,Discovery,Network Service Scanning,CVE-2026-1380,CAMP-20,2026-06-23
THR-2026-0381,2026-07-21T00:00:00,Synthetic Network Threats Observation 381,NETWORK THREATS,IP ADDRESS,203.0.113.128,Unknown Source,45,HIGH,70,NEW,2026-06-30,2026-07-21,US,SYNTHETIC / DEMO ONLY. This record is safe educational data and is not evidence of a real attack.,, ,,CAMP-21,2026-06-30
THR-2026-0382,2026-06-23T00:00:00,Synthetic Malware Observation 382,MALWARE,IP ADDRESS,198.51.100.129,Public Threat Feed,86,MEDIUM,73,FALSE_POSITIVE,2026-06-12,2026-06-23,EU,SYNTHETIC / DEMO ONLY. This record is safe educational data and is not evidence of a real attack.,Command and Control,Application Layer Protocol,,CAMP-22,2026-06-12
THR-2026-0383,2026-08-19T00:00:00,Synthetic Vulnerability Exposure Observation 383,VULNERABILITY EXPOSURE,URL,https://demo.invalid/threat/383,Unknown Source,56,HIGH,72,MONITORING,2026-08-01,2026-08-19,US,SYNTHETIC / DEMO ONLY. This record is safe educational data and is not evidence of a real attack.,Impact,Data Encrypted for Impact,,CAMP-23,2026-08-01
THR-2026-0384,2026-07-03T00:00:00,Synthetic Web Threats Observation 384,WEB THREATS,URL,https://demo.invalid/threat/384,Security Vendor,55,MEDIUM,58,NEW,2026-06-26,2026-07-03,Demo,SYNTHETIC / DEMO ONLY. This record is safe educational data and is not evidence of a real attack.,Credential Access,Valid Accounts,,CAMP-24,2026-06-26
THR-2026-0385,2026-03-10T00:00:00,Synthetic Account Security Observation 385,ACCOUNT SECURITY,CVE ID,CVE-2026-1385,Unknown Source,77,MEDIUM,60,NEW,2026-02-10,2026-03-10,Global,SYNTHETIC / DEMO ONLY. This record is safe educational data and is not evidence of a real attack.,Discovery,Network Service Scanning,CVE-2026-1385,CAMP-25,2026-02-10
THR-2026-0386,2026-03-09T00:00:00,Synthetic Malware Observation 386,MALWARE,URL,https://demo.invalid/threat/386,Internal SOC,86,MEDIUM,64,NEW,2026-03-03,2026-03-09,Global,SYNTHETIC / DEMO ONLY. This record is safe educational data and is not evidence of a real attack.,Persistence,Account Access Removal,,CAMP-26,2026-03-03
THR-2026-0387,2026-05-14T00:00:00,Synthetic Web Threats Observation 387,WEB THREATS,IP ADDRESS,192.0.2.134,Community Submission,50,MEDIUM,59,MONITORING,2026-05-04,2026-05-14,IN,SYNTHETIC / DEMO ONLY. This record is safe educational data and is not evidence of a real attack.,Persistence,Account Access Removal,,CAMP-27,2026-05-04
THR-2026-0388,2026-02-12T00:00:00,Synthetic Ransomware Observation 388,RANSOMWARE,URL,https://demo.invalid/threat/388,Public Threat Feed,53,MEDIUM,61,MONITORING,2026-01-22,2026-02-12,Global,SYNTHETIC / DEMO ONLY. This record is safe educational data and is not evidence of a real attack.,Command and Control,Application Layer Protocol,,CAMP-28,2026-01-22
THR-2026-0389,2026-07-27T00:00:00,Synthetic Vulnerability Exposure Observation 389,VULNERABILITY EXPOSURE,DOMAIN,example.net,Research Report,67,LOW,48,MONITORING,2026-06-27,2026-07-27,US,SYNTHETIC / DEMO ONLY. This record is safe educational data and is not evidence of a real attack.,Command and Control,Application Layer Protocol,,CAMP-29,2026-06-27
THR-2026-0390,2026-06-03T00:00:00,Synthetic Credential Threats Observation 390,CREDENTIAL THREATS,CVE ID,CVE-2026-1390,Internal SOC,67,LOW,54,FALSE_POSITIVE,2026-05-13,2026-06-03,IN,SYNTHETIC / DEMO ONLY. This record is safe educational data and is not evidence of a real attack.,Impact,Data Encrypted for Impact,CVE-2026-1390,CAMP-30,2026-05-13
THR-2026-0391,2026-08-23T00:00:00,Synthetic Network Threats Observation 391,NETWORK THREATS,DOMAIN,example.net,Research Report,74,MEDIUM,66,CLOSED,2026-08-20,2026-08-23,Global,SYNTHETIC / DEMO ONLY. This record is safe educational data and is not evidence of a real attack.,Persistence,Account Access Removal,,CAMP-31,2026-08-20
THR-2026-0392,2026-07-03T00:00:00,Synthetic Phishing Observation 392,PHISHING,EMAIL/SENDER DOMAIN,alerts.example.net,Internal SOC,87,MEDIUM,58,MONITORING,2026-06-29,2026-07-03,US,SYNTHETIC / DEMO ONLY. This record is safe educational data and is not evidence of a real attack.,Exfiltration,Exfiltration Over Web Service,,CAMP-32,2026-06-29
THR-2026-0393,2026-05-31T00:00:00,Synthetic Data Exposure Observation 393,DATA EXPOSURE,IP ADDRESS,198.51.100.140,Unknown Source,63,LOW,53,MONITORING,2026-05-29,2026-05-31,EU,SYNTHETIC / DEMO ONLY. This record is safe educational data and is not evidence of a real attack.,Discovery,Network Service Scanning,,CAMP-33,2026-05-29
THR-2026-0394,2026-10-09T00:00:00,Synthetic Phishing Observation 394,PHISHING,FILE HASH,a60c7083846f2eb94a210cac758f167c1aae09387ae497bed06a4097b4b46df9,Research Report,61,HIGH,63,FALSE_POSITIVE,2026-09-21,2026-10-09,Demo,SYNTHETIC / DEMO ONLY. This record is safe educational data and is not evidence of a real attack.,Impact,Data Encrypted for Impact,,CAMP-34,2026-09-21
THR-2026-0395,2026-09-11T00:00:00,Synthetic Network Threats Observation 395,NETWORK THREATS,IP ADDRESS,198.51.100.142,Research Report,53,LOW,43,UNDER_REVIEW,2026-08-20,2026-09-11,Global,SYNTHETIC / DEMO ONLY. This record is safe educational data and is not evidence of a real attack.,Initial Access,Phishing,,CAMP-35,2026-08-20
THR-2026-0396,2026-02-02T00:00:00,Synthetic Network Threats Observation 396,NETWORK THREATS,FILE HASH,39c514b465246eb9605659a09c2e456a804a50734fca3d7b6361af00afec0dda,Public Threat Feed,45,INFORMATIONAL,43,NEW,2026-01-18,2026-02-02,IN,SYNTHETIC / DEMO ONLY. This record is safe educational data and is not evidence of a real attack.,Impact,Data Encrypted for Impact,,CAMP-36,2026-01-18
THR-2026-0397,2026-05-02T00:00:00,Synthetic Malware Observation 397,MALWARE,IP ADDRESS,192.0.2.144,Community Submission,92,HIGH,75,MONITORING,2026-04-27,2026-05-02,EU,SYNTHETIC / DEMO ONLY. This record is safe educational data and is not evidence of a real attack.,Credential Access,Valid Accounts,,CAMP-37,2026-04-27
THR-2026-0398,2026-09-07T00:00:00,Synthetic Ransomware Observation 398,RANSOMWARE,CVE ID,CVE-2026-1398,Unknown Source,66,LOW,51,NEW,2026-09-05,2026-09-07,Global,SYNTHETIC / DEMO ONLY. This record is safe educational data and is not evidence of a real attack.,Exfiltration,Exfiltration Over Web Service,CVE-2026-1398,CAMP-38,2026-09-05
THR-2026-0399,2026-02-09T00:00:00,Synthetic Phishing Observation 399,PHISHING,CVE ID,CVE-2026-1399,Internal SOC,83,LOW,64,FALSE_POSITIVE,2026-01-28,2026-02-09,IN,SYNTHETIC / DEMO ONLY. This record is safe educational data and is not evidence of a real attack.,Credential Access,Valid Accounts,CVE-2026-1399,CAMP-39,2026-01-28
THR-2026-0400,2026-07-10T00:00:00,Synthetic Data Exposure Observation 400,DATA EXPOSURE,IP ADDRESS,203.0.113.147,Public Threat Feed,76,MEDIUM,59,NEW,2026-07-01,2026-07-10,US,SYNTHETIC / DEMO ONLY. This record is safe educational data and is not evidence of a real attack.,Discovery,Network Service Scanning,,CAMP-00,2026-07-01
THR-2026-0401,2026-04-20T00:00:00,Synthetic Account Security Observation 401,ACCOUNT SECURITY,CVE ID,CVE-2026-1401,Community Submission,72,LOW,62,FALSE_POSITIVE,2026-04-08,2026-04-20,Demo,SYNTHETIC / DEMO ONLY. This record is safe educational data and is not evidence of a real attack.,Command and Control,Application Layer Protocol,CVE-2026-1401,CAMP-01,2026-04-08
THR-2026-0402,2026-04-25T00:00:00,Synthetic Malware Observation 402,MALWARE,URL,https://demo.invalid/threat/402,Research Report,69,LOW,49,CLOSED,2026-04-12,2026-04-25,IN,SYNTHETIC / DEMO ONLY. This record is safe educational data and is not evidence of a real attack.,Impact,Data Encrypted for Impact,,CAMP-02,2026-04-12
THR-2026-0403,2026-09-29T00:00:00,Synthetic Phishing Observation 403,PHISHING,CVE ID,CVE-2026-1403,Research Report,73,MEDIUM,66,MONITORING,2026-09-12,2026-09-29,Demo,SYNTHETIC / DEMO ONLY. This record is safe educational data and is not evidence of a real attack.,Credential Access,Valid Accounts,CVE-2026-1403,CAMP-03,2026-09-12
THR-2026-0404,2026-06-17T00:00:00,Synthetic Network Threats Observation 404,NETWORK THREATS,CVE ID,CVE-2026-1404,Unknown Source,71,HIGH,65,MONITORING,2026-05-31,2026-06-17,Demo,SYNTHETIC / DEMO ONLY. This record is safe educational data and is not evidence of a real attack.,Credential Access,Valid Accounts,CVE-2026-1404,CAMP-04,2026-05-31
THR-2026-0405,2026-07-10T00:00:00,Synthetic Account Security Observation 405,ACCOUNT SECURITY,EMAIL/SENDER DOMAIN,alerts.example.net,Security Vendor,80,CRITICAL,76,CLOSED,2026-07-05,2026-07-10,Demo,SYNTHETIC / DEMO ONLY. This record is safe educational data and is not evidence of a real attack.,Exfiltration,Exfiltration Over Web Service,,CAMP-05,2026-07-05
THR-2026-0406,2026-04-15T00:00:00,Synthetic Network Threats Observation 406,NETWORK THREATS,CVE ID,CVE-2026-1406,Community Submission,52,MEDIUM,55,NEW,2026-03-28,2026-04-15,EU,SYNTHETIC / DEMO ONLY. This record is safe educational data and is not evidence of a real attack.,Command and Control,Application Layer Protocol,CVE-2026-1406,CAMP-06,2026-03-28
THR-2026-0407,2026-02-26T00:00:00,Synthetic Ransomware Observation 407,RANSOMWARE,URL,https://demo.invalid/threat/407,Security Vendor,97,HIGH,79,UNDER_REVIEW,2026-02-01,2026-02-26,Demo,SYNTHETIC / DEMO ONLY. This record is safe educational data and is not evidence of a real attack.,Persistence,Account Access Removal,,CAMP-07,2026-02-01
THR-2026-0408,2026-09-26T00:00:00,Synthetic Social Engineering Observation 408,SOCIAL ENGINEERING,FILE HASH,f1b2922c7ec681b17de24415c87fc9b5cc4e69fe7e4dd8d16b10cc5565a72364,Security Vendor,60,MEDIUM,62,NEW,2026-09-02,2026-09-26,US,SYNTHETIC / DEMO ONLY. This record is safe educational data and is not evidence of a real attack.,Impact,Data Encrypted for Impact,,CAMP-08,2026-09-02
THR-2026-0409,2026-09-05T00:00:00,Synthetic Vulnerability Exposure Observation 409,VULNERABILITY EXPOSURE,DOMAIN,example.org,Public Threat Feed,62,HIGH,68,CLOSED,2026-08-08,2026-09-05,US,SYNTHETIC / DEMO ONLY. This record is safe educational data and is not evidence of a real attack.,Exfiltration,Exfiltration Over Web Service,,CAMP-09,2026-08-08
THR-2026-0410,2026-02-03T00:00:00,Synthetic Web Threats Observation 410,WEB THREATS,IP ADDRESS,198.51.100.157,Research Report,78,LOW,56,UNDER_REVIEW,2026-01-09,2026-02-03,IN,SYNTHETIC / DEMO ONLY. This record is safe educational data and is not evidence of a real attack.,Credential Access,Valid Accounts,,CAMP-10,2026-01-09
THR-2026-0411,2026-10-06T00:00:00,Synthetic Data Exposure Observation 411,DATA EXPOSURE,URL,https://demo.invalid/threat/411,Public Threat Feed,55,HIGH,61,NEW,2026-09-13,2026-10-06,IN,SYNTHETIC / DEMO ONLY. This record is safe educational data and is not evidence of a real attack.,Exfiltration,Exfiltration Over Web Service,,CAMP-11,2026-09-13
THR-2026-0412,2026-10-30T00:00:00,Synthetic Data Exposure Observation 412,DATA EXPOSURE,URL,https://demo.invalid/threat/412,Internal SOC,47,CRITICAL,67,FALSE_POSITIVE,2026-10-07,2026-10-30,IN,SYNTHETIC / DEMO ONLY. This record is safe educational data and is not evidence of a real attack.,Command and Control,Application Layer Protocol,,CAMP-12,2026-10-07
THR-2026-0413,2026-01-31T00:00:00,Synthetic Web Threats Observation 413,WEB THREATS,URL,https://demo.invalid/threat/413,Community Submission,92,MEDIUM,67,CLOSED,2026-01-09,2026-01-31,US,SYNTHETIC / DEMO ONLY. This record is safe educational data and is not evidence of a real attack.,Initial Access,Phishing,,CAMP-13,2026-01-09
THR-2026-0414,2026-08-19T00:00:00,Synthetic Phishing Observation 414,PHISHING,DOMAIN,example.com,Unknown Source,60,CRITICAL,70,NEW,2026-08-01,2026-08-19,IN,SYNTHETIC / DEMO ONLY. This record is safe educational data and is not evidence of a real attack.,Discovery,Network Service Scanning,,CAMP-14,2026-08-01
THR-2026-0415,2026-09-29T00:00:00,Synthetic Ransomware Observation 415,RANSOMWARE,URL,https://demo.invalid/threat/415,Internal SOC,82,MEDIUM,72,CLOSED,2026-08-31,2026-09-29,Global,SYNTHETIC / DEMO ONLY. This record is safe educational data and is not evidence of a real attack.,, ,,CAMP-15,2026-08-31
THR-2026-0416,2026-01-14T00:00:00,Synthetic Ransomware Observation 416,RANSOMWARE,IP ADDRESS,192.0.2.163,Public Threat Feed,67,LOW,55,NEW,2026-01-12,2026-01-14,Global,SYNTHETIC / DEMO ONLY. This record is safe educational data and is not evidence of a real attack.,Discovery,Network Service Scanning,,CAMP-16,2026-01-12
THR-2026-0417,2026-08-08T00:00:00,Synthetic Credential Threats Observation 417,CREDENTIAL THREATS,DOMAIN,example.net,Community Submission,97,MEDIUM,59,CLOSED,2026-07-11,2026-08-08,Global,SYNTHETIC / DEMO ONLY. This record is safe educational data and is not evidence of a real attack.,Discovery,Network Service Scanning,,CAMP-17,2026-07-11
THR-2026-0418,2026-10-15T00:00:00,Synthetic Credential Threats Observation 418,CREDENTIAL THREATS,DOMAIN,demo.invalid,Research Report,80,HIGH,75,MONITORING,2026-09-19,2026-10-15,IN,SYNTHETIC / DEMO ONLY. This record is safe educational data and is not evidence of a real attack.,, ,,CAMP-18,2026-09-19
THR-2026-0419,2026-02-18T00:00:00,Synthetic Web Threats Observation 419,WEB THREATS,EMAIL/SENDER DOMAIN,alerts.example.net,Security Vendor,53,MEDIUM,55,FALSE_POSITIVE,2026-01-21,2026-02-18,EU,SYNTHETIC / DEMO ONLY. This record is safe educational data and is not evidence of a real attack.,Initial Access,Phishing,,CAMP-19,2026-01-21
THR-2026-0420,2026-03-10T00:00:00,Synthetic Web Threats Observation 420,WEB THREATS,DOMAIN,example.org,Community Submission,95,MEDIUM,64,CLOSED,2026-03-05,2026-03-10,US,SYNTHETIC / DEMO ONLY. This record is safe educational data and is not evidence of a real attack.,Exfiltration,Exfiltration Over Web Service,,CAMP-20,2026-03-05
THR-2026-0421,2026-05-21T00:00:00,Synthetic Network Threats Observation 421,NETWORK THREATS,IP ADDRESS,192.0.2.168,Security Vendor,87,MEDIUM,63,MONITORING,2026-04-23,2026-05-21,IN,SYNTHETIC / DEMO ONLY. This record is safe educational data and is not evidence of a real attack.,Discovery,Network Service Scanning,,CAMP-21,2026-04-23
THR-2026-0422,2026-05-28T00:00:00,Synthetic Credential Threats Observation 422,CREDENTIAL THREATS,DOMAIN,example.org,Unknown Source,79,MEDIUM,67,FALSE_POSITIVE,2026-05-02,2026-05-28,Demo,SYNTHETIC / DEMO ONLY. This record is safe educational data and is not evidence of a real attack.,Command and Control,Application Layer Protocol,,CAMP-22,2026-05-02
THR-2026-0423,2026-02-19T00:00:00,Synthetic Malware Observation 423,MALWARE,FILE HASH,06e9b97adda727c82cfbb1da8642743b3ff72623bd18bd7dc69610e830557c13,Research Report,72,LOW,51,NEW,2026-01-27,2026-02-19,IN,SYNTHETIC / DEMO ONLY. This record is safe educational data and is not evidence of a real attack.,Discovery,Network Service Scanning,,CAMP-23,2026-01-27
THR-2026-0424,2026-06-15T00:00:00,Synthetic Web Threats Observation 424,WEB THREATS,EMAIL/SENDER DOMAIN,alerts.example.net,Public Threat Feed,60,INFORMATIONAL,38,MONITORING,2026-05-27,2026-06-15,Global,SYNTHETIC / DEMO ONLY. This record is safe educational data and is not evidence of a real attack.,Command and Control,Application Layer Protocol,,CAMP-24,2026-05-27
THR-2026-0425,2026-07-27T00:00:00,Synthetic Vulnerability Exposure Observation 425,VULNERABILITY EXPOSURE,URL,https://demo.invalid/threat/425,Internal SOC,77,HIGH,74,NEW,2026-07-26,2026-07-27,Demo,SYNTHETIC / DEMO ONLY. This record is safe educational data and is not evidence of a real attack.,Persistence,Account Access Removal,,CAMP-25,2026-07-26
THR-2026-0426,2026-08-03T00:00:00,Synthetic Social Engineering Observation 426,SOCIAL ENGINEERING,EMAIL/SENDER DOMAIN,alerts.example.net,Unknown Source,70,LOW,52,NEW,2026-07-26,2026-08-03,US,SYNTHETIC / DEMO ONLY. This record is safe educational data and is not evidence of a real attack.,, ,,CAMP-26,2026-07-26
THR-2026-0427,2026-03-15T00:00:00,Synthetic Phishing Observation 427,PHISHING,EMAIL/SENDER DOMAIN,mail.example.org,Research Report,60,CRITICAL,72,NEW,2026-02-24,2026-03-15,IN,SYNTHETIC / DEMO ONLY. This record is safe educational data and is not evidence of a real attack.,Discovery,Network Service Scanning,,CAMP-27,2026-02-24
THR-2026-0428,2026-01-28T00:00:00,Synthetic Credential Threats Observation 428,CREDENTIAL THREATS,URL,https://demo.invalid/threat/428,Research Report,54,MEDIUM,58,UNDER_REVIEW,2026-01-14,2026-01-28,IN,SYNTHETIC / DEMO ONLY. This record is safe educational data and is not evidence of a real attack.,Persistence,Account Access Removal,,CAMP-28,2026-01-14
THR-2026-0429,2026-08-14T00:00:00,Synthetic Account Security Observation 429,ACCOUNT SECURITY,FILE HASH,950db6b3c6d49de5a277abe1716704b3285eaedfd345e2e042f39139041e92ba,Unknown Source,59,HIGH,66,UNDER_REVIEW,2026-08-07,2026-08-14,Global,SYNTHETIC / DEMO ONLY. This record is safe educational data and is not evidence of a real attack.,Command and Control,Application Layer Protocol,,CAMP-29,2026-08-07
THR-2026-0430,2026-10-05T00:00:00,Synthetic Phishing Observation 430,PHISHING,DOMAIN,example.net,Research Report,71,LOW,55,MONITORING,2026-09-25,2026-10-05,Demo,SYNTHETIC / DEMO ONLY. This record is safe educational data and is not evidence of a real attack.,, ,,CAMP-30,2026-09-25
THR-2026-0431,2026-05-12T00:00:00,Synthetic Phishing Observation 431,PHISHING,FILE HASH,f5aa7f102c738a4e4d17ec0df8821cf54171aacd4088074acdc3e24067fc056e,Public Threat Feed,96,HIGH,78,UNDER_REVIEW,2026-05-07,2026-05-12,Demo,SYNTHETIC / DEMO ONLY. This record is safe educational data and is not evidence of a real attack.,Initial Access,Phishing,,CAMP-31,2026-05-07
THR-2026-0432,2026-07-23T00:00:00,Synthetic Malware Observation 432,MALWARE,CVE ID,CVE-2026-1432,Community Submission,62,LOW,60,MONITORING,2026-07-23,2026-07-23,EU,SYNTHETIC / DEMO ONLY. This record is safe educational data and is not evidence of a real attack.,, ,CVE-2026-1432,CAMP-32,2026-07-23
THR-2026-0433,2026-08-03T00:00:00,Synthetic Malware Observation 433,MALWARE,EMAIL/SENDER DOMAIN,alerts.example.net,Internal SOC,49,LOW,52,CLOSED,2026-07-08,2026-08-03,Global,SYNTHETIC / DEMO ONLY. This record is safe educational data and is not evidence of a real attack.,Persistence,Account Access Removal,,CAMP-33,2026-07-08
THR-2026-0434,2026-02-22T00:00:00,Synthetic Credential Threats Observation 434,CREDENTIAL THREATS,CVE ID,CVE-2026-1434,Unknown Source,46,MEDIUM,49,UNDER_REVIEW,2026-02-07,2026-02-22,EU,SYNTHETIC / DEMO ONLY. This record is safe educational data and is not evidence of a real attack.,Impact,Data Encrypted for Impact,CVE-2026-1434,CAMP-34,2026-02-07
THR-2026-0435,2026-08-22T00:00:00,Synthetic Malware Observation 435,MALWARE,FILE HASH,077db2333aa7ae816cd1b884ea1f8e0c03fa3ee829c8a2759674d8d852682140,Research Report,75,MEDIUM,69,NEW,2026-08-12,2026-08-22,US,SYNTHETIC / DEMO ONLY. This record is safe educational data and is not evidence of a real attack.,Initial Access,Phishing,,CAMP-35,2026-08-12
THR-2026-0436,2026-05-10T00:00:00,Synthetic Ransomware Observation 436,RANSOMWARE,IP ADDRESS,198.51.100.183,Public Threat Feed,63,MEDIUM,62,CLOSED,2026-04-16,2026-05-10,US,SYNTHETIC / DEMO ONLY. This record is safe educational data and is not evidence of a real attack.,Credential Access,Valid Accounts,,CAMP-36,2026-04-16
THR-2026-0437,2026-06-12T00:00:00,Synthetic Credential Threats Observation 437,CREDENTIAL THREATS,FILE HASH,c40cd7b3e36248cf8b4c1c5b549c0ba09a91ee985296c690f56b5ef75e7fba43,Research Report,70,MEDIUM,66,UNDER_REVIEW,2026-06-07,2026-06-12,IN,SYNTHETIC / DEMO ONLY. This record is safe educational data and is not evidence of a real attack.,Discovery,Network Service Scanning,,CAMP-37,2026-06-07
THR-2026-0438,2026-08-02T00:00:00,Synthetic Network Threats Observation 438,NETWORK THREATS,EMAIL/SENDER DOMAIN,alerts.example.net,Research Report,56,MEDIUM,70,FALSE_POSITIVE,2026-07-26,2026-08-02,IN,SYNTHETIC / DEMO ONLY. This record is safe educational data and is not evidence of a real attack.,Exfiltration,Exfiltration Over Web Service,,CAMP-38,2026-07-26
THR-2026-0439,2026-01-29T00:00:00,Synthetic Social Engineering Observation 439,SOCIAL ENGINEERING,IP ADDRESS,203.0.113.186,Community Submission,75,MEDIUM,61,CLOSED,2026-01-13,2026-01-29,IN,SYNTHETIC / DEMO ONLY. This record is safe educational data and is not evidence of a real attack.,Credential Access,Valid Accounts,,CAMP-39,2026-01-13
THR-2026-0440,2026-02-17T00:00:00,Synthetic Ransomware Observation 440,RANSOMWARE,FILE HASH,0bf199e474232067800adda04ec754a744c5910433fdc91b4897f54df6f36b29,Unknown Source,74,LOW,60,FALSE_POSITIVE,2026-01-18,2026-02-17,EU,SYNTHETIC / DEMO ONLY. This record is safe educational data and is not evidence of a real attack.,Persistence,Account Access Removal,,CAMP-00,2026-01-18
THR-2026-0441,2026-10-27T00:00:00,Synthetic Network Threats Observation 441,NETWORK THREATS,URL,https://demo.invalid/threat/441,Security Vendor,71,INFORMATIONAL,47,MONITORING,2026-09-27,2026-10-27,Demo,SYNTHETIC / DEMO ONLY. This record is safe educational data and is not evidence of a real attack.,Command and Control,Application Layer Protocol,,CAMP-01,2026-09-27
THR-2026-0442,2026-04-19T00:00:00,Synthetic Web Threats Observation 442,WEB THREATS,EMAIL/SENDER DOMAIN,mail.example.org,Internal SOC,55,MEDIUM,53,MONITORING,2026-04-06,2026-04-19,IN,SYNTHETIC / DEMO ONLY. This record is safe educational data and is not evidence of a real attack.,Discovery,Network Service Scanning,,CAMP-02,2026-04-06
THR-2026-0443,2026-07-09T00:00:00,Synthetic Account Security Observation 443,ACCOUNT SECURITY,FILE HASH,dc0e31a6622c9e9a18b0964071d6622f8e42990fdd2909ac5aa54b2b050d5e0a,Security Vendor,56,MEDIUM,51,NEW,2026-07-03,2026-07-09,Demo,SYNTHETIC / DEMO ONLY. This record is safe educational data and is not evidence of a real attack.,Exfiltration,Exfiltration Over Web Service,,CAMP-03,2026-07-03
THR-2026-0444,2026-01-22T00:00:00,Synthetic Credential Threats Observation 444,CREDENTIAL THREATS,IP ADDRESS,198.51.100.191,Research Report,52,CRITICAL,73,CLOSED,2026-01-08,2026-01-22,IN,SYNTHETIC / DEMO ONLY. This record is safe educational data and is not evidence of a real attack.,Discovery,Network Service Scanning,,CAMP-04,2026-01-08
THR-2026-0445,2026-05-24T00:00:00,Synthetic Network Threats Observation 445,NETWORK THREATS,FILE HASH,9c425c35f38b619096776fa01a6dd54f5d4fccabb2c8f5037bf6b95d713a7a0c,Security Vendor,70,HIGH,69,UNDER_REVIEW,2026-04-29,2026-05-24,IN,SYNTHETIC / DEMO ONLY. This record is safe educational data and is not evidence of a real attack.,Initial Access,Phishing,,CAMP-05,2026-04-29
THR-2026-0446,2026-03-18T00:00:00,Synthetic Data Exposure Observation 446,DATA EXPOSURE,FILE HASH,23f2e3868e89bf857fed5f0d7039cff74244891eaddb655e7f78e155b42d6a42,Internal SOC,74,HIGH,65,CLOSED,2026-02-20,2026-03-18,Demo,SYNTHETIC / DEMO ONLY. This record is safe educational data and is not evidence of a real attack.,Exfiltration,Exfiltration Over Web Service,,CAMP-06,2026-02-20
THR-2026-0447,2026-08-20T00:00:00,Synthetic Web Threats Observation 447,WEB THREATS,IP ADDRESS,192.0.2.194,Unknown Source,65,MEDIUM,59,NEW,2026-07-25,2026-08-20,US,SYNTHETIC / DEMO ONLY. This record is safe educational data and is not evidence of a real attack.,Command and Control,Application Layer Protocol,,CAMP-07,2026-07-25
THR-2026-0448,2026-01-27T00:00:00,Synthetic Network Threats Observation 448,NETWORK THREATS,DOMAIN,example.net,Security Vendor,78,HIGH,71,CLOSED,2026-01-07,2026-01-27,US,SYNTHETIC / DEMO ONLY. This record is safe educational data and is not evidence of a real attack.,Exfiltration,Exfiltration Over Web Service,,CAMP-08,2026-01-07
THR-2026-0449,2026-05-11T00:00:00,Synthetic Network Threats Observation 449,NETWORK THREATS,FILE HASH,369b0147e1babe1fc1f1c4411e5b077f56d7b9444445b24b695b8ab5f311fd05,Public Threat Feed,85,CRITICAL,80,NEW,2026-04-18,2026-05-11,IN,SYNTHETIC / DEMO ONLY. This record is safe educational data and is not evidence of a real attack.,Impact,Data Encrypted for Impact,,CAMP-09,2026-04-18
THR-2026-0450,2026-08-22T00:00:00,Synthetic Social Engineering Observation 450,SOCIAL ENGINEERING,FILE HASH,d9f1f9ffee351b6190c409679eabf3d0f44a66c11c27072a3a0390c0445f4cae,Public Threat Feed,75,HIGH,65,UNDER_REVIEW,2026-08-18,2026-08-22,EU,SYNTHETIC / DEMO ONLY. This record is safe educational data and is not evidence of a real attack.,Command and Control,Application Layer Protocol,,CAMP-10,2026-08-18
THR-2026-0451,2026-10-18T00:00:00,Synthetic Malware Observation 451,MALWARE,CVE ID,CVE-2026-1451,Community Submission,83,CRITICAL,87,UNDER_REVIEW,2026-10-04,2026-10-18,US,SYNTHETIC / DEMO ONLY. This record is safe educational data and is not evidence of a real attack.,Persistence,Account Access Removal,CVE-2026-1451,CAMP-11,2026-10-04
THR-2026-0452,2026-03-31T00:00:00,Synthetic Malware Observation 452,MALWARE,IP ADDRESS,203.0.113.199,Community Submission,87,MEDIUM,68,MONITORING,2026-03-21,2026-03-31,US,SYNTHETIC / DEMO ONLY. This record is safe educational data and is not evidence of a real attack.,Command and Control,Application Layer Protocol,,CAMP-12,2026-03-21
THR-2026-0453,2026-02-05T00:00:00,Synthetic Social Engineering Observation 453,SOCIAL ENGINEERING,EMAIL/SENDER DOMAIN,alerts.example.net,Security Vendor,96,HIGH,74,NEW,2026-01-15,2026-02-05,EU,SYNTHETIC / DEMO ONLY. This record is safe educational data and is not evidence of a real attack.,Initial Access,Phishing,,CAMP-13,2026-01-15
THR-2026-0454,2026-05-19T00:00:00,Synthetic Network Threats Observation 454,NETWORK THREATS,DOMAIN,example.org,Community Submission,79,MEDIUM,68,FALSE_POSITIVE,2026-04-22,2026-05-19,Global,SYNTHETIC / DEMO ONLY. This record is safe educational data and is not evidence of a real attack.,Persistence,Account Access Removal,,CAMP-14,2026-04-22
THR-2026-0455,2026-10-27T00:00:00,Synthetic Ransomware Observation 455,RANSOMWARE,FILE HASH,d8d270be9be7b3b52336cdab885a30aacda2ce0add69274f0bde04309f067457,Unknown Source,86,MEDIUM,60,MONITORING,2026-10-05,2026-10-27,EU,SYNTHETIC / DEMO ONLY. This record is safe educational data and is not evidence of a real attack.,Exfiltration,Exfiltration Over Web Service,,CAMP-15,2026-10-05
THR-2026-0456,2026-02-15T00:00:00,Synthetic Vulnerability Exposure Observation 456,VULNERABILITY EXPOSURE,DOMAIN,example.org,Community Submission,59,HIGH,71,NEW,2026-01-26,2026-02-15,EU,SYNTHETIC / DEMO ONLY. This record is safe educational data and is not evidence of a real attack.,Exfiltration,Exfiltration Over Web Service,,CAMP-16,2026-01-26
THR-2026-0457,2026-03-25T00:00:00,Synthetic Network Threats Observation 457,NETWORK THREATS,IP ADDRESS,192.0.2.204,Public Threat Feed,95,INFORMATIONAL,64,MONITORING,2026-03-07,2026-03-25,EU,SYNTHETIC / DEMO ONLY. This record is safe educational data and is not evidence of a real attack.,, ,,CAMP-17,2026-03-07
THR-2026-0458,2026-05-05T00:00:00,Synthetic Network Threats Observation 458,NETWORK THREATS,EMAIL/SENDER DOMAIN,alerts.example.net,Public Threat Feed,61,HIGH,66,NEW,2026-04-15,2026-05-05,IN,SYNTHETIC / DEMO ONLY. This record is safe educational data and is not evidence of a real attack.,Credential Access,Valid Accounts,,CAMP-18,2026-04-15
THR-2026-0459,2026-10-18T00:00:00,Synthetic Data Exposure Observation 459,DATA EXPOSURE,CVE ID,CVE-2026-1459,Community Submission,49,LOW,48,FALSE_POSITIVE,2026-09-18,2026-10-18,US,SYNTHETIC / DEMO ONLY. This record is safe educational data and is not evidence of a real attack.,Persistence,Account Access Removal,CVE-2026-1459,CAMP-19,2026-09-18
THR-2026-0460,2026-06-18T00:00:00,Synthetic Data Exposure Observation 460,DATA EXPOSURE,CVE ID,CVE-2026-1460,Research Report,86,LOW,54,FALSE_POSITIVE,2026-05-24,2026-06-18,Global,SYNTHETIC / DEMO ONLY. This record is safe educational data and is not evidence of a real attack.,Impact,Data Encrypted for Impact,CVE-2026-1460,CAMP-20,2026-05-24
THR-2026-0461,2026-05-11T00:00:00,Synthetic Vulnerability Exposure Observation 461,VULNERABILITY EXPOSURE,DOMAIN,demo.invalid,Unknown Source,51,MEDIUM,57,MONITORING,2026-04-26,2026-05-11,IN,SYNTHETIC / DEMO ONLY. This record is safe educational data and is not evidence of a real attack.,Exfiltration,Exfiltration Over Web Service,,CAMP-21,2026-04-26
THR-2026-0462,2026-05-26T00:00:00,Synthetic Social Engineering Observation 462,SOCIAL ENGINEERING,EMAIL/SENDER DOMAIN,mail.example.org,Unknown Source,98,LOW,56,UNDER_REVIEW,2026-04-29,2026-05-26,Demo,SYNTHETIC / DEMO ONLY. This record is safe educational data and is not evidence of a real attack.,Impact,Data Encrypted for Impact,,CAMP-22,2026-04-29
THR-2026-0463,2026-03-26T00:00:00,Synthetic Phishing Observation 463,PHISHING,DOMAIN,example.org,Community Submission,95,MEDIUM,70,CLOSED,2026-03-21,2026-03-26,Demo,SYNTHETIC / DEMO ONLY. This record is safe educational data and is not evidence of a real attack.,Exfiltration,Exfiltration Over Web Service,,CAMP-23,2026-03-21
THR-2026-0464,2026-03-22T00:00:00,Synthetic Social Engineering Observation 464,SOCIAL ENGINEERING,DOMAIN,example.org,Community Submission,66,LOW,55,UNDER_REVIEW,2026-03-18,2026-03-22,US,SYNTHETIC / DEMO ONLY. This record is safe educational data and is not evidence of a real attack.,Persistence,Account Access Removal,,CAMP-24,2026-03-18
THR-2026-0465,2026-05-08T00:00:00,Synthetic Malware Observation 465,MALWARE,URL,https://demo.invalid/threat/465,Security Vendor,75,MEDIUM,58,CLOSED,2026-04-09,2026-05-08,Demo,SYNTHETIC / DEMO ONLY. This record is safe educational data and is not evidence of a real attack.,Discovery,Network Service Scanning,,CAMP-25,2026-04-09
THR-2026-0466,2026-08-11T00:00:00,Synthetic Phishing Observation 466,PHISHING,FILE HASH,af065ff8510b2d6c8bf90c6751775fd842031a86a253c17066f38ff9c02e304d,Research Report,71,CRITICAL,68,FALSE_POSITIVE,2026-07-23,2026-08-11,EU,SYNTHETIC / DEMO ONLY. This record is safe educational data and is not evidence of a real attack.,Exfiltration,Exfiltration Over Web Service,,CAMP-26,2026-07-23
THR-2026-0467,2026-03-06T00:00:00,Synthetic Credential Threats Observation 467,CREDENTIAL THREATS,CVE ID,CVE-2026-1467,Community Submission,94,HIGH,75,FALSE_POSITIVE,2026-02-09,2026-03-06,Global,SYNTHETIC / DEMO ONLY. This record is safe educational data and is not evidence of a real attack.,Credential Access,Valid Accounts,CVE-2026-1467,CAMP-27,2026-02-09
THR-2026-0468,2026-09-18T00:00:00,Synthetic Account Security Observation 468,ACCOUNT SECURITY,EMAIL/SENDER DOMAIN,mail.example.org,Internal SOC,68,LOW,51,FALSE_POSITIVE,2026-09-02,2026-09-18,EU,SYNTHETIC / DEMO ONLY. This record is safe educational data and is not evidence of a real attack.,Persistence,Account Access Removal,,CAMP-28,2026-09-02
THR-2026-0469,2026-02-10T00:00:00,Synthetic Phishing Observation 469,PHISHING,FILE HASH,387f1777b7ccf228468e7da0d466d5fecb536df0a0dfbfc3f3d97f3ad6628355,Internal SOC,74,HIGH,73,MONITORING,2026-01-29,2026-02-10,Demo,SYNTHETIC / DEMO ONLY. This record is safe educational data and is not evidence of a real attack.,Credential Access,Valid Accounts,,CAMP-29,2026-01-29
THR-2026-0470,2026-07-27T00:00:00,Synthetic Network Threats Observation 470,NETWORK THREATS,IP ADDRESS,198.51.100.217,Unknown Source,87,CRITICAL,79,FALSE_POSITIVE,2026-07-10,2026-07-27,Demo,SYNTHETIC / DEMO ONLY. This record is safe educational data and is not evidence of a real attack.,Command and Control,Application Layer Protocol,,CAMP-30,2026-07-10
THR-2026-0471,2026-07-08T00:00:00,Synthetic Web Threats Observation 471,WEB THREATS,URL,https://demo.invalid/threat/471,Unknown Source,65,HIGH,72,FALSE_POSITIVE,2026-06-15,2026-07-08,US,SYNTHETIC / DEMO ONLY. This record is safe educational data and is not evidence of a real attack.,, ,,CAMP-31,2026-06-15
THR-2026-0472,2026-09-27T00:00:00,Synthetic Web Threats Observation 472,WEB THREATS,DOMAIN,example.com,Public Threat Feed,93,MEDIUM,65,UNDER_REVIEW,2026-09-09,2026-09-27,IN,SYNTHETIC / DEMO ONLY. This record is safe educational data and is not evidence of a real attack.,Exfiltration,Exfiltration Over Web Service,,CAMP-32,2026-09-09
THR-2026-0473,2026-07-01T00:00:00,Synthetic Web Threats Observation 473,WEB THREATS,FILE HASH,a5c0b2676ba6dfa892c36580b9e52efe043761de23b65caff8f8a29906e2d774,Unknown Source,52,LOW,50,UNDER_REVIEW,2026-06-26,2026-07-01,Global,SYNTHETIC / DEMO ONLY. This record is safe educational data and is not evidence of a real attack.,Credential Access,Valid Accounts,,CAMP-33,2026-06-26
THR-2026-0474,2026-06-08T00:00:00,Synthetic Account Security Observation 474,ACCOUNT SECURITY,URL,https://demo.invalid/threat/474,Public Threat Feed,70,LOW,54,UNDER_REVIEW,2026-05-20,2026-06-08,IN,SYNTHETIC / DEMO ONLY. This record is safe educational data and is not evidence of a real attack.,Credential Access,Valid Accounts,,CAMP-34,2026-05-20
THR-2026-0475,2026-05-03T00:00:00,Synthetic Network Threats Observation 475,NETWORK THREATS,URL,https://demo.invalid/threat/475,Public Threat Feed,76,MEDIUM,68,MONITORING,2026-04-16,2026-05-03,Demo,SYNTHETIC / DEMO ONLY. This record is safe educational data and is not evidence of a real attack.,Initial Access,Phishing,,CAMP-35,2026-04-16
THR-2026-0476,2026-04-19T00:00:00,Synthetic Malware Observation 476,MALWARE,CVE ID,CVE-2026-1476,Research Report,58,LOW,57,CLOSED,2026-03-27,2026-04-19,Global,SYNTHETIC / DEMO ONLY. This record is safe educational data and is not evidence of a real attack.,Exfiltration,Exfiltration Over Web Service,CVE-2026-1476,CAMP-36,2026-03-27
THR-2026-0477,2026-02-22T00:00:00,Synthetic Credential Threats Observation 477,CREDENTIAL THREATS,CVE ID,CVE-2026-1477,Community Submission,50,HIGH,53,NEW,2026-02-04,2026-02-22,Global,SYNTHETIC / DEMO ONLY. This record is safe educational data and is not evidence of a real attack.,Impact,Data Encrypted for Impact,CVE-2026-1477,CAMP-37,2026-02-04
THR-2026-0478,2026-11-06T00:00:00,Synthetic Phishing Observation 478,PHISHING,FILE HASH,4dae40e71b1c7c7ef04265cc8333abd4ab4a8048b20fb0a9dcedb1d4964f68cb,Security Vendor,50,MEDIUM,60,MONITORING,2026-10-08,2026-11-06,US,SYNTHETIC / DEMO ONLY. This record is safe educational data and is not evidence of a real attack.,Initial Access,Phishing,,CAMP-38,2026-10-08
THR-2026-0479,2026-06-07T00:00:00,Synthetic Vulnerability Exposure Observation 479,VULNERABILITY EXPOSURE,DOMAIN,demo.invalid,Internal SOC,97,MEDIUM,70,UNDER_REVIEW,2026-05-20,2026-06-07,IN,SYNTHETIC / DEMO ONLY. This record is safe educational data and is not evidence of a real attack.,, ,,CAMP-39,2026-05-20
THR-2026-0480,2026-04-13T00:00:00,Synthetic Web Threats Observation 480,WEB THREATS,FILE HASH,61a6313b423dd00d5bf24ac7e4ae4e51b879987602344c43eaa4f909089069f1,Research Report,57,HIGH,59,UNDER_REVIEW,2026-03-23,2026-04-13,US,SYNTHETIC / DEMO ONLY. This record is safe educational data and is not evidence of a real attack.,Persistence,Account Access Removal,,CAMP-00,2026-03-23
THR-2026-0481,2026-03-15T00:00:00,Synthetic Network Threats Observation 481,NETWORK THREATS,DOMAIN,example.org,Research Report,55,MEDIUM,63,MONITORING,2026-02-18,2026-03-15,US,SYNTHETIC / DEMO ONLY. This record is safe educational data and is not evidence of a real attack.,, ,,CAMP-01,2026-02-18
THR-2026-0482,2026-02-23T00:00:00,Synthetic Network Threats Observation 482,NETWORK THREATS,URL,https://demo.invalid/threat/482,Community Submission,51,HIGH,62,UNDER_REVIEW,2026-02-20,2026-02-23,IN,SYNTHETIC / DEMO ONLY. This record is safe educational data and is not evidence of a real attack.,Exfiltration,Exfiltration Over Web Service,,CAMP-02,2026-02-20
THR-2026-0483,2026-03-03T00:00:00,Synthetic Ransomware Observation 483,RANSOMWARE,FILE HASH,d807c9ec3b2a209dee011e898aec86fb8877bfbf3297aba94197cee68b44e6e4,Internal SOC,78,LOW,62,MONITORING,2026-02-21,2026-03-03,Demo,SYNTHETIC / DEMO ONLY. This record is safe educational data and is not evidence of a real attack.,Credential Access,Valid Accounts,,CAMP-03,2026-02-21
THR-2026-0484,2026-06-30T00:00:00,Synthetic Vulnerability Exposure Observation 484,VULNERABILITY EXPOSURE,DOMAIN,example.com,Unknown Source,84,LOW,64,FALSE_POSITIVE,2026-06-27,2026-06-30,US,SYNTHETIC / DEMO ONLY. This record is safe educational data and is not evidence of a real attack.,Impact,Data Encrypted for Impact,,CAMP-04,2026-06-27
THR-2026-0485,2026-02-10T00:00:00,Synthetic Social Engineering Observation 485,SOCIAL ENGINEERING,EMAIL/SENDER DOMAIN,alerts.example.net,Internal SOC,51,LOW,51,UNDER_REVIEW,2026-02-06,2026-02-10,EU,SYNTHETIC / DEMO ONLY. This record is safe educational data and is not evidence of a real attack.,Persistence,Account Access Removal,,CAMP-05,2026-02-06
THR-2026-0486,2026-07-26T00:00:00,Synthetic Network Threats Observation 486,NETWORK THREATS,CVE ID,CVE-2026-1486,Internal SOC,94,LOW,67,UNDER_REVIEW,2026-07-14,2026-07-26,IN,SYNTHETIC / DEMO ONLY. This record is safe educational data and is not evidence of a real attack.,Discovery,Network Service Scanning,CVE-2026-1486,CAMP-06,2026-07-14
THR-2026-0487,2026-02-14T00:00:00,Synthetic Credential Threats Observation 487,CREDENTIAL THREATS,IP ADDRESS,198.51.100.234,Security Vendor,85,HIGH,74,NEW,2026-02-14,2026-02-14,US,SYNTHETIC / DEMO ONLY. This record is safe educational data and is not evidence of a real attack.,Persistence,Account Access Removal,,CAMP-07,2026-02-14
THR-2026-0488,2026-03-14T00:00:00,Synthetic Network Threats Observation 488,NETWORK THREATS,EMAIL/SENDER DOMAIN,alerts.example.net,Internal SOC,75,MEDIUM,63,NEW,2026-02-22,2026-03-14,Demo,SYNTHETIC / DEMO ONLY. This record is safe educational data and is not evidence of a real attack.,Exfiltration,Exfiltration Over Web Service,,CAMP-08,2026-02-22
THR-2026-0489,2026-07-15T00:00:00,Synthetic Phishing Observation 489,PHISHING,FILE HASH,cbd879f75112ff78e24b4e6d8de80c7f2e54d7d9396483aeb5c8984b1c526a57,Research Report,49,HIGH,69,NEW,2026-06-29,2026-07-15,Global,SYNTHETIC / DEMO ONLY. This record is safe educational data and is not evidence of a real attack.,Exfiltration,Exfiltration Over Web Service,,CAMP-09,2026-06-29
THR-2026-0490,2026-08-29T00:00:00,Synthetic Phishing Observation 490,PHISHING,URL,https://demo.invalid/threat/490,Public Threat Feed,58,LOW,47,CLOSED,2026-08-05,2026-08-29,IN,SYNTHETIC / DEMO ONLY. This record is safe educational data and is not evidence of a real attack.,Persistence,Account Access Removal,,CAMP-10,2026-08-05
THR-2026-0491,2026-09-18T00:00:00,Synthetic Malware Observation 491,MALWARE,CVE ID,CVE-2026-1491,Security Vendor,65,LOW,64,NEW,2026-08-20,2026-09-18,EU,SYNTHETIC / DEMO ONLY. This record is safe educational data and is not evidence of a real attack.,Discovery,Network Service Scanning,CVE-2026-1491,CAMP-11,2026-08-20
THR-2026-0492,2026-04-12T00:00:00,Synthetic Ransomware Observation 492,RANSOMWARE,DOMAIN,example.net,Internal SOC,47,HIGH,67,MONITORING,2026-03-13,2026-04-12,IN,SYNTHETIC / DEMO ONLY. This record is safe educational data and is not evidence of a real attack.,, ,,CAMP-12,2026-03-13
THR-2026-0493,2026-08-21T00:00:00,Synthetic Credential Threats Observation 493,CREDENTIAL THREATS,CVE ID,CVE-2026-1493,Security Vendor,93,MEDIUM,59,FALSE_POSITIVE,2026-08-11,2026-08-21,Demo,SYNTHETIC / DEMO ONLY. This record is safe educational data and is not evidence of a real attack.,Discovery,Network Service Scanning,CVE-2026-1493,CAMP-13,2026-08-11
THR-2026-0494,2026-06-28T00:00:00,Synthetic Web Threats Observation 494,WEB THREATS,URL,https://demo.invalid/threat/494,Community Submission,57,HIGH,65,NEW,2026-06-14,2026-06-28,Global,SYNTHETIC / DEMO ONLY. This record is safe educational data and is not evidence of a real attack.,Impact,Data Encrypted for Impact,,CAMP-14,2026-06-14
THR-2026-0495,2026-01-19T00:00:00,Synthetic Ransomware Observation 495,RANSOMWARE,IP ADDRESS,192.0.2.242,Community Submission,55,LOW,56,UNDER_REVIEW,2026-01-19,2026-01-19,IN,SYNTHETIC / DEMO ONLY. This record is safe educational data and is not evidence of a real attack.,Command and Control,Application Layer Protocol,,CAMP-15,2026-01-19
THR-2026-0496,2026-08-22T00:00:00,Synthetic Network Threats Observation 496,NETWORK THREATS,EMAIL/SENDER DOMAIN,alerts.example.net,Public Threat Feed,75,MEDIUM,69,MONITORING,2026-08-07,2026-08-22,IN,SYNTHETIC / DEMO ONLY. This record is safe educational data and is not evidence of a real attack.,Command and Control,Application Layer Protocol,,CAMP-16,2026-08-07
THR-2026-0497,2026-07-06T00:00:00,Synthetic Social Engineering Observation 497,SOCIAL ENGINEERING,IP ADDRESS,198.51.100.244,Community Submission,79,CRITICAL,76,MONITORING,2026-06-30,2026-07-06,US,SYNTHETIC / DEMO ONLY. This record is safe educational data and is not evidence of a real attack.,Impact,Data Encrypted for Impact,,CAMP-17,2026-06-30
THR-2026-0498,2026-02-19T00:00:00,Synthetic Phishing Observation 498,PHISHING,EMAIL/SENDER DOMAIN,alerts.example.net,Community Submission,97,LOW,62,FALSE_POSITIVE,2026-02-17,2026-02-19,Global,SYNTHETIC / DEMO ONLY. This record is safe educational data and is not evidence of a real attack.,Persistence,Account Access Removal,,CAMP-18,2026-02-17
THR-2026-0499,2026-09-24T00:00:00,Synthetic Vulnerability Exposure Observation 499,VULNERABILITY EXPOSURE,IP ADDRESS,203.0.113.246,Research Report,65,HIGH,68,CLOSED,2026-09-11,2026-09-24,Demo,SYNTHETIC / DEMO ONLY. This record is safe educational data and is not evidence of a real attack.,Exfiltration,Exfiltration Over Web Service,,CAMP-19,2026-09-11
THR-2026-0500,2026-07-25T00:00:00,Synthetic Malware Observation 500,MALWARE,URL,https://demo.invalid/threat/500,Research Report,65,MEDIUM,62,CLOSED,2026-07-19,2026-07-25,Demo,SYNTHETIC / DEMO ONLY. This record is safe educational data and is not evidence of a real attack.,Persistence,Account Access Removal,,CAMP-20,2026-07-19
THR-2026-0501,2026-03-23T00:00:00,Synthetic Ransomware Observation 501,RANSOMWARE,CVE ID,CVE-2026-1501,Internal SOC,70,INFORMATIONAL,44,NEW,2026-02-24,2026-03-23,Global,SYNTHETIC / DEMO ONLY. This record is safe educational data and is not evidence of a real attack.,Persistence,Account Access Removal,CVE-2026-1501,CAMP-21,2026-02-24
THR-2026-0502,2026-02-14T00:00:00,Synthetic Malware Observation 502,MALWARE,IP ADDRESS,192.0.2.249,Public Threat Feed,64,MEDIUM,63,UNDER_REVIEW,2026-01-15,2026-02-14,IN,SYNTHETIC / DEMO ONLY. This record is safe educational data and is not evidence of a real attack.,Persistence,Account Access Removal,,CAMP-22,2026-01-15
THR-2026-0503,2026-05-11T00:00:00,Synthetic Network Threats Observation 503,NETWORK THREATS,FILE HASH,37eba083c36e5062aeac55e51cc06b2bdcfc478991c568e3b0832d96af6ab6de,Security Vendor,54,HIGH,65,CLOSED,2026-05-01,2026-05-11,EU,SYNTHETIC / DEMO ONLY. This record is safe educational data and is not evidence of a real attack.,Exfiltration,Exfiltration Over Web Service,,CAMP-23,2026-05-01
THR-2026-0504,2026-03-15T00:00:00,Synthetic Network Threats Observation 504,NETWORK THREATS,DOMAIN,demo.invalid,Security Vendor,49,MEDIUM,50,NEW,2026-03-03,2026-03-15,US,SYNTHETIC / DEMO ONLY. This record is safe educational data and is not evidence of a real attack.,Impact,Data Encrypted for Impact,,CAMP-24,2026-03-03
THR-2026-0505,2026-09-17T00:00:00,Synthetic Web Threats Observation 505,WEB THREATS,URL,https://demo.invalid/threat/505,Security Vendor,55,MEDIUM,68,NEW,2026-08-28,2026-09-17,Global,SYNTHETIC / DEMO ONLY. This record is safe educational data and is not evidence of a real attack.,Discovery,Network Service Scanning,,CAMP-25,2026-08-28
THR-2026-0506,2026-06-20T00:00:00,Synthetic Credential Threats Observation 506,CREDENTIAL THREATS,URL,https://demo.invalid/threat/506,Community Submission,63,MEDIUM,56,CLOSED,2026-06-10,2026-06-20,US,SYNTHETIC / DEMO ONLY. This record is safe educational data and is not evidence of a real attack.,Initial Access,Phishing,,CAMP-26,2026-06-10
THR-2026-0507,2026-09-20T00:00:00,Synthetic Vulnerability Exposure Observation 507,VULNERABILITY EXPOSURE,FILE HASH,9afe181b889e688b9b388819d09d04cb9c18be6314075165d09fc55a9b241a2d,Internal SOC,97,HIGH,67,CLOSED,2026-08-24,2026-09-20,US,SYNTHETIC / DEMO ONLY. This record is safe educational data and is not evidence of a real attack.,Impact,Data Encrypted for Impact,,CAMP-27,2026-08-24
THR-2026-0508,2026-05-19T00:00:00,Synthetic Data Exposure Observation 508,DATA EXPOSURE,EMAIL/SENDER DOMAIN,mail.example.org,Research Report,81,MEDIUM,65,NEW,2026-05-08,2026-05-19,US,SYNTHETIC / DEMO ONLY. This record is safe educational data and is not evidence of a real attack.,Impact,Data Encrypted for Impact,,CAMP-28,2026-05-08
THR-2026-0509,2026-08-18T00:00:00,Synthetic Data Exposure Observation 509,DATA EXPOSURE,EMAIL/SENDER DOMAIN,mail.example.org,Security Vendor,91,MEDIUM,71,MONITORING,2026-08-01,2026-08-18,Demo,SYNTHETIC / DEMO ONLY. This record is safe educational data and is not evidence of a real attack.,Exfiltration,Exfiltration Over Web Service,,CAMP-29,2026-08-01
THR-2026-0510,2026-07-21T00:00:00,Synthetic Social Engineering Observation 510,SOCIAL ENGINEERING,URL,https://demo.invalid/threat/510,Internal SOC,92,HIGH,67,UNDER_REVIEW,2026-07-07,2026-07-21,US,SYNTHETIC / DEMO ONLY. This record is safe educational data and is not evidence of a real attack.,Impact,Data Encrypted for Impact,,CAMP-30,2026-07-07
THR-2026-0511,2026-04-08T00:00:00,Synthetic Data Exposure Observation 511,DATA EXPOSURE,DOMAIN,example.com,Research Report,51,INFORMATIONAL,42,NEW,2026-03-16,2026-04-08,US,SYNTHETIC / DEMO ONLY. This record is safe educational data and is not evidence of a real attack.,Initial Access,Phishing,,CAMP-31,2026-03-16
THR-2026-0512,2026-08-10T00:00:00,Synthetic Vulnerability Exposure Observation 512,VULNERABILITY EXPOSURE,URL,https://demo.invalid/threat/512,Community Submission,54,CRITICAL,67,UNDER_REVIEW,2026-07-25,2026-08-10,IN,SYNTHETIC / DEMO ONLY. This record is safe educational data and is not evidence of a real attack.,Persistence,Account Access Removal,,CAMP-32,2026-07-25
THR-2026-0513,2026-09-26T00:00:00,Synthetic Ransomware Observation 513,RANSOMWARE,DOMAIN,demo.invalid,Public Threat Feed,97,HIGH,81,CLOSED,2026-09-16,2026-09-26,Demo,SYNTHETIC / DEMO ONLY. This record is safe educational data and is not evidence of a real attack.,Initial Access,Phishing,,CAMP-33,2026-09-16
THR-2026-0514,2026-04-04T00:00:00,Synthetic Web Threats Observation 514,WEB THREATS,DOMAIN,example.net,Internal SOC,72,LOW,50,MONITORING,2026-04-04,2026-04-04,EU,SYNTHETIC / DEMO ONLY. This record is safe educational data and is not evidence of a real attack.,Persistence,Account Access Removal,,CAMP-34,2026-04-04
THR-2026-0515,2026-06-29T00:00:00,Synthetic Credential Threats Observation 515,CREDENTIAL THREATS,DOMAIN,example.com,Unknown Source,49,HIGH,67,FALSE_POSITIVE,2026-06-18,2026-06-29,EU,SYNTHETIC / DEMO ONLY. This record is safe educational data and is not evidence of a real attack.,Persistence,Account Access Removal,,CAMP-35,2026-06-18
THR-2026-0516,2026-06-17T00:00:00,Synthetic Credential Threats Observation 516,CREDENTIAL THREATS,FILE HASH,e1020d514afbfd780ca27eac6cec6588b776e90361ba0ed4c947c851ac65bbce,Research Report,68,CRITICAL,79,FALSE_POSITIVE,2026-05-24,2026-06-17,EU,SYNTHETIC / DEMO ONLY. This record is safe educational data and is not evidence of a real attack.,Credential Access,Valid Accounts,,CAMP-36,2026-05-24
THR-2026-0517,2026-02-23T00:00:00,Synthetic Ransomware Observation 517,RANSOMWARE,URL,https://demo.invalid/threat/517,Unknown Source,78,HIGH,80,FALSE_POSITIVE,2026-02-16,2026-02-23,Global,SYNTHETIC / DEMO ONLY. This record is safe educational data and is not evidence of a real attack.,Persistence,Account Access Removal,,CAMP-37,2026-02-16
THR-2026-0518,2026-02-01T00:00:00,Synthetic Credential Threats Observation 518,CREDENTIAL THREATS,FILE HASH,9f300f474f9e2c87c374bf6e9935d18917a71da660eb655f1d579c202861df93,Unknown Source,67,MEDIUM,70,CLOSED,2026-01-07,2026-02-01,Demo,SYNTHETIC / DEMO ONLY. This record is safe educational data and is not evidence of a real attack.,Command and Control,Application Layer Protocol,,CAMP-38,2026-01-07
THR-2026-0519,2026-06-04T00:00:00,Synthetic Data Exposure Observation 519,DATA EXPOSURE,URL,https://demo.invalid/threat/519,Unknown Source,51,LOW,55,UNDER_REVIEW,2026-05-20,2026-06-04,US,SYNTHETIC / DEMO ONLY. This record is safe educational data and is not evidence of a real attack.,Impact,Data Encrypted for Impact,,CAMP-39,2026-05-20
THR-2026-0520,2026-08-25T00:00:00,Synthetic Vulnerability Exposure Observation 520,VULNERABILITY EXPOSURE,DOMAIN,demo.invalid,Internal SOC,97,CRITICAL,91,UNDER_REVIEW,2026-08-14,2026-08-25,IN,SYNTHETIC / DEMO ONLY. This record is safe educational data and is not evidence of a real attack.,Credential Access,Valid Accounts,,CAMP-00,2026-08-14
THR-2026-0521,2026-07-17T00:00:00,Synthetic Web Threats Observation 521,WEB THREATS,CVE ID,CVE-2026-1521,Security Vendor,60,MEDIUM,58,FALSE_POSITIVE,2026-06-24,2026-07-17,US,SYNTHETIC / DEMO ONLY. This record is safe educational data and is not evidence of a real attack.,Initial Access,Phishing,CVE-2026-1521,CAMP-01,2026-06-24
THR-2026-0522,2026-09-13T00:00:00,Synthetic Web Threats Observation 522,WEB THREATS,EMAIL/SENDER DOMAIN,mail.example.org,Security Vendor,83,MEDIUM,70,FALSE_POSITIVE,2026-08-15,2026-09-13,US,SYNTHETIC / DEMO ONLY. This record is safe educational data and is not evidence of a real attack.,Impact,Data Encrypted for Impact,,CAMP-02,2026-08-15
THR-2026-0523,2026-04-26T00:00:00,Synthetic Social Engineering Observation 523,SOCIAL ENGINEERING,DOMAIN,example.com,Security Vendor,74,HIGH,72,MONITORING,2026-04-09,2026-04-26,Demo,SYNTHETIC / DEMO ONLY. This record is safe educational data and is not evidence of a real attack.,Persistence,Account Access Removal,,CAMP-03,2026-04-09
THR-2026-0524,2026-01-28T00:00:00,Synthetic Phishing Observation 524,PHISHING,DOMAIN,example.net,Internal SOC,52,CRITICAL,75,UNDER_REVIEW,2026-01-21,2026-01-28,US,SYNTHETIC / DEMO ONLY. This record is safe educational data and is not evidence of a real attack.,Discovery,Network Service Scanning,,CAMP-04,2026-01-21
THR-2026-0525,2026-03-07T00:00:00,Synthetic Vulnerability Exposure Observation 525,VULNERABILITY EXPOSURE,FILE HASH,fdd9ee703e7a50ce53fc2b8f7ee14dcdfb470cf312203dadbd6053579924f2bd,Research Report,79,HIGH,73,FALSE_POSITIVE,2026-02-16,2026-03-07,EU,SYNTHETIC / DEMO ONLY. This record is safe educational data and is not evidence of a real attack.,Discovery,Network Service Scanning,,CAMP-05,2026-02-16
THR-2026-0526,2026-04-22T00:00:00,Synthetic Vulnerability Exposure Observation 526,VULNERABILITY EXPOSURE,EMAIL/SENDER DOMAIN,mail.example.org,Community Submission,73,MEDIUM,58,NEW,2026-03-24,2026-04-22,EU,SYNTHETIC / DEMO ONLY. This record is safe educational data and is not evidence of a real attack.,, ,,CAMP-06,2026-03-24
THR-2026-0527,2026-09-23T00:00:00,Synthetic Credential Threats Observation 527,CREDENTIAL THREATS,IP ADDRESS,192.0.2.20,Internal SOC,56,LOW,46,MONITORING,2026-08-26,2026-09-23,EU,SYNTHETIC / DEMO ONLY. This record is safe educational data and is not evidence of a real attack.,Discovery,Network Service Scanning,,CAMP-07,2026-08-26
THR-2026-0528,2026-04-15T00:00:00,Synthetic Vulnerability Exposure Observation 528,VULNERABILITY EXPOSURE,CVE ID,CVE-2026-1528,Community Submission,66,MEDIUM,56,CLOSED,2026-03-26,2026-04-15,Demo,SYNTHETIC / DEMO ONLY. This record is safe educational data and is not evidence of a real attack.,Persistence,Account Access Removal,CVE-2026-1528,CAMP-08,2026-03-26
THR-2026-0529,2026-07-09T00:00:00,Synthetic Ransomware Observation 529,RANSOMWARE,CVE ID,CVE-2026-1529,Community Submission,79,MEDIUM,67,FALSE_POSITIVE,2026-07-05,2026-07-09,IN,SYNTHETIC / DEMO ONLY. This record is safe educational data and is not evidence of a real attack.,, ,CVE-2026-1529,CAMP-09,2026-07-05
THR-2026-0530,2026-06-28T00:00:00,Synthetic Credential Threats Observation 530,CREDENTIAL THREATS,IP ADDRESS,198.51.100.23,Public Threat Feed,48,CRITICAL,60,FALSE_POSITIVE,2026-06-25,2026-06-28,Demo,SYNTHETIC / DEMO ONLY. This record is safe educational data and is not evidence of a real attack.,Persistence,Account Access Removal,,CAMP-10,2026-06-25
THR-2026-0531,2026-10-24T00:00:00,Synthetic Malware Observation 531,MALWARE,IP ADDRESS,192.0.2.24,Public Threat Feed,87,MEDIUM,66,NEW,2026-10-01,2026-10-24,Demo,SYNTHETIC / DEMO ONLY. This record is safe educational data and is not evidence of a real attack.,Exfiltration,Exfiltration Over Web Service,,CAMP-11,2026-10-01
THR-2026-0532,2026-06-14T00:00:00,Synthetic Credential Threats Observation 532,CREDENTIAL THREATS,FILE HASH,c5cbbc4dd6e37df6c1be9625dd8d16c4631df96814ecd7b05e098ac2feb0e913,Research Report,50,MEDIUM,54,MONITORING,2026-05-26,2026-06-14,US,SYNTHETIC / DEMO ONLY. This record is safe educational data and is not evidence of a real attack.,, ,,CAMP-12,2026-05-26
THR-2026-0533,2026-05-15T00:00:00,Synthetic Phishing Observation 533,PHISHING,CVE ID,CVE-2026-1533,Public Threat Feed,77,MEDIUM,54,NEW,2026-04-20,2026-05-15,US,SYNTHETIC / DEMO ONLY. This record is safe educational data and is not evidence of a real attack.,Credential Access,Valid Accounts,CVE-2026-1533,CAMP-13,2026-04-20
THR-2026-0534,2026-09-22T00:00:00,Synthetic Ransomware Observation 534,RANSOMWARE,URL,https://demo.invalid/threat/534,Research Report,87,MEDIUM,67,MONITORING,2026-09-10,2026-09-22,Global,SYNTHETIC / DEMO ONLY. This record is safe educational data and is not evidence of a real attack.,Command and Control,Application Layer Protocol,,CAMP-14,2026-09-10
THR-2026-0535,2026-05-22T00:00:00,Synthetic Vulnerability Exposure Observation 535,VULNERABILITY EXPOSURE,CVE ID,CVE-2026-1535,Public Threat Feed,49,INFORMATIONAL,38,UNDER_REVIEW,2026-05-01,2026-05-22,IN,SYNTHETIC / DEMO ONLY. This record is safe educational data and is not evidence of a real attack.,Discovery,Network Service Scanning,CVE-2026-1535,CAMP-15,2026-05-01
THR-2026-0536,2026-03-14T00:00:00,Synthetic Web Threats Observation 536,WEB THREATS,URL,https://demo.invalid/threat/536,Security Vendor,88,MEDIUM,66,NEW,2026-03-14,2026-03-14,Global,SYNTHETIC / DEMO ONLY. This record is safe educational data and is not evidence of a real attack.,Exfiltration,Exfiltration Over Web Service,,CAMP-16,2026-03-14
THR-2026-0537,2026-08-09T00:00:00,Synthetic Phishing Observation 537,PHISHING,DOMAIN,example.com,Research Report,63,HIGH,66,CLOSED,2026-07-14,2026-08-09,Demo,SYNTHETIC / DEMO ONLY. This record is safe educational data and is not evidence of a real attack.,Exfiltration,Exfiltration Over Web Service,,CAMP-17,2026-07-14
THR-2026-0538,2026-06-19T00:00:00,Synthetic Credential Threats Observation 538,CREDENTIAL THREATS,DOMAIN,demo.invalid,Research Report,54,LOW,55,CLOSED,2026-05-25,2026-06-19,Demo,SYNTHETIC / DEMO ONLY. This record is safe educational data and is not evidence of a real attack.,Discovery,Network Service Scanning,,CAMP-18,2026-05-25
THR-2026-0539,2026-05-07T00:00:00,Synthetic Data Exposure Observation 539,DATA EXPOSURE,EMAIL/SENDER DOMAIN,mail.example.org,Research Report,74,MEDIUM,53,UNDER_REVIEW,2026-04-16,2026-05-07,US,SYNTHETIC / DEMO ONLY. This record is safe educational data and is not evidence of a real attack.,Exfiltration,Exfiltration Over Web Service,,CAMP-19,2026-04-16
THR-2026-0540,2026-10-13T00:00:00,Synthetic Network Threats Observation 540,NETWORK THREATS,URL,https://demo.invalid/threat/540,Research Report,50,MEDIUM,56,MONITORING,2026-09-23,2026-10-13,EU,SYNTHETIC / DEMO ONLY. This record is safe educational data and is not evidence of a real attack.,Initial Access,Phishing,,CAMP-20,2026-09-23
THR-2026-0541,2026-06-06T00:00:00,Synthetic Social Engineering Observation 541,SOCIAL ENGINEERING,CVE ID,CVE-2026-1541,Research Report,76,MEDIUM,63,NEW,2026-05-26,2026-06-06,Demo,SYNTHETIC / DEMO ONLY. This record is safe educational data and is not evidence of a real attack.,Exfiltration,Exfiltration Over Web Service,CVE-2026-1541,CAMP-21,2026-05-26
THR-2026-0542,2026-08-01T00:00:00,Synthetic Phishing Observation 542,PHISHING,DOMAIN,example.org,Security Vendor,93,MEDIUM,66,MONITORING,2026-07-24,2026-08-01,Demo,SYNTHETIC / DEMO ONLY. This record is safe educational data and is not evidence of a real attack.,, ,,CAMP-22,2026-07-24
THR-2026-0543,2026-03-07T00:00:00,Synthetic Malware Observation 543,MALWARE,CVE ID,CVE-2026-1543,Security Vendor,49,LOW,52,UNDER_REVIEW,2026-03-05,2026-03-07,Global,SYNTHETIC / DEMO ONLY. This record is safe educational data and is not evidence of a real attack.,Impact,Data Encrypted for Impact,CVE-2026-1543,CAMP-23,2026-03-05
THR-2026-0544,2026-06-29T00:00:00,Synthetic Vulnerability Exposure Observation 544,VULNERABILITY EXPOSURE,CVE ID,CVE-2026-1544,Research Report,77,MEDIUM,66,NEW,2026-06-12,2026-06-29,Global,SYNTHETIC / DEMO ONLY. This record is safe educational data and is not evidence of a real attack.,Initial Access,Phishing,CVE-2026-1544,CAMP-24,2026-06-12
THR-2026-0545,2026-04-25T00:00:00,Synthetic Account Security Observation 545,ACCOUNT SECURITY,EMAIL/SENDER DOMAIN,mail.example.org,Internal SOC,53,HIGH,68,MONITORING,2026-04-11,2026-04-25,EU,SYNTHETIC / DEMO ONLY. This record is safe educational data and is not evidence of a real attack.,Exfiltration,Exfiltration Over Web Service,,CAMP-25,2026-04-11
THR-2026-0546,2026-10-23T00:00:00,Synthetic Credential Threats Observation 546,CREDENTIAL THREATS,EMAIL/SENDER DOMAIN,mail.example.org,Research Report,85,MEDIUM,74,CLOSED,2026-09-27,2026-10-23,EU,SYNTHETIC / DEMO ONLY. This record is safe educational data and is not evidence of a real attack.,Exfiltration,Exfiltration Over Web Service,,CAMP-26,2026-09-27
THR-2026-0547,2026-02-16T00:00:00,Synthetic Credential Threats Observation 547,CREDENTIAL THREATS,FILE HASH,43fafe40ee1a1c0b4c913586d2c02307fb1cb0bd46b9c2ffcec537df12d65d94,Security Vendor,73,HIGH,64,MONITORING,2026-01-25,2026-02-16,Demo,SYNTHETIC / DEMO ONLY. This record is safe educational data and is not evidence of a real attack.,Credential Access,Valid Accounts,,CAMP-27,2026-01-25
THR-2026-0548,2026-05-08T00:00:00,Synthetic Social Engineering Observation 548,SOCIAL ENGINEERING,URL,https://demo.invalid/threat/548,Community Submission,80,MEDIUM,56,FALSE_POSITIVE,2026-04-12,2026-05-08,Demo,SYNTHETIC / DEMO ONLY. This record is safe educational data and is not evidence of a real attack.,Exfiltration,Exfiltration Over Web Service,,CAMP-28,2026-04-12
THR-2026-0549,2026-01-29T00:00:00,Synthetic Ransomware Observation 549,RANSOMWARE,IP ADDRESS,203.0.113.42,Unknown Source,92,CRITICAL,80,NEW,2026-01-14,2026-01-29,Demo,SYNTHETIC / DEMO ONLY. This record is safe educational data and is not evidence of a real attack.,Persistence,Account Access Removal,,CAMP-29,2026-01-14
THR-2026-0550,2026-10-31T00:00:00,Synthetic Vulnerability Exposure Observation 550,VULNERABILITY EXPOSURE,CVE ID,CVE-2026-1550,Unknown Source,46,MEDIUM,55,NEW,2026-10-08,2026-10-31,IN,SYNTHETIC / DEMO ONLY. This record is safe educational data and is not evidence of a real attack.,Impact,Data Encrypted for Impact,CVE-2026-1550,CAMP-30,2026-10-08
THR-2026-0551,2026-09-03T00:00:00,Synthetic Data Exposure Observation 551,DATA EXPOSURE,DOMAIN,example.net,Research Report,47,INFORMATIONAL,41,CLOSED,2026-08-29,2026-09-03,Demo,SYNTHETIC / DEMO ONLY. This record is safe educational data and is not evidence of a real attack.,Initial Access,Phishing,,CAMP-31,2026-08-29
THR-2026-0552,2026-04-12T00:00:00,Synthetic Credential Threats Observation 552,CREDENTIAL THREATS,CVE ID,CVE-2026-1552,Research Report,61,HIGH,66,CLOSED,2026-03-17,2026-04-12,IN,SYNTHETIC / DEMO ONLY. This record is safe educational data and is not evidence of a real attack.,, ,CVE-2026-1552,CAMP-32,2026-03-17
THR-2026-0553,2026-05-06T00:00:00,Synthetic Network Threats Observation 553,NETWORK THREATS,FILE HASH,b210e416bccabec0e4417216248cbecd7abe32f38196a01aa4f85530480500d3,Public Threat Feed,71,MEDIUM,67,CLOSED,2026-04-29,2026-05-06,IN,SYNTHETIC / DEMO ONLY. This record is safe educational data and is not evidence of a real attack.,Credential Access,Valid Accounts,,CAMP-33,2026-04-29
THR-2026-0554,2026-04-13T00:00:00,Synthetic Credential Threats Observation 554,CREDENTIAL THREATS,DOMAIN,example.net,Internal SOC,82,MEDIUM,66,FALSE_POSITIVE,2026-03-27,2026-04-13,Demo,SYNTHETIC / DEMO ONLY. This record is safe educational data and is not evidence of a real attack.,Credential Access,Valid Accounts,,CAMP-34,2026-03-27
THR-2026-0555,2026-02-09T00:00:00,Synthetic Account Security Observation 555,ACCOUNT SECURITY,FILE HASH,1e73917ccbe867d671d5c8d25e262993ec7d73781896c8ec6543fdfbfddb9906,Internal SOC,47,MEDIUM,61,NEW,2026-01-10,2026-02-09,IN,SYNTHETIC / DEMO ONLY. This record is safe educational data and is not evidence of a real attack.,Persistence,Account Access Removal,,CAMP-35,2026-01-10
THR-2026-0556,2026-07-20T00:00:00,Synthetic Account Security Observation 556,ACCOUNT SECURITY,DOMAIN,demo.invalid,Public Threat Feed,68,LOW,56,FALSE_POSITIVE,2026-07-02,2026-07-20,Global,SYNTHETIC / DEMO ONLY. This record is safe educational data and is not evidence of a real attack.,Credential Access,Valid Accounts,,CAMP-36,2026-07-02
THR-2026-0557,2026-02-16T00:00:00,Synthetic Malware Observation 557,MALWARE,IP ADDRESS,198.51.100.50,Internal SOC,98,HIGH,72,CLOSED,2026-01-17,2026-02-16,US,SYNTHETIC / DEMO ONLY. This record is safe educational data and is not evidence of a real attack.,Persistence,Account Access Removal,,CAMP-37,2026-01-17
THR-2026-0558,2026-03-25T00:00:00,Synthetic Phishing Observation 558,PHISHING,URL,https://demo.invalid/threat/558,Unknown Source,85,MEDIUM,67,UNDER_REVIEW,2026-02-28,2026-03-25,Global,SYNTHETIC / DEMO ONLY. This record is safe educational data and is not evidence of a real attack.,Command and Control,Application Layer Protocol,,CAMP-38,2026-02-28
THR-2026-0559,2026-09-14T00:00:00,Synthetic Account Security Observation 559,ACCOUNT SECURITY,IP ADDRESS,192.0.2.52,Research Report,69,HIGH,73,FALSE_POSITIVE,2026-09-12,2026-09-14,IN,SYNTHETIC / DEMO ONLY. This record is safe educational data and is not evidence of a real attack.,Persistence,Account Access Removal,,CAMP-39,2026-09-12
THR-2026-0560,2026-01-11T00:00:00,Synthetic Phishing Observation 560,PHISHING,IP ADDRESS,198.51.100.53,Research Report,63,HIGH,68,CLOSED,2026-01-06,2026-01-11,US,SYNTHETIC / DEMO ONLY. This record is safe educational data and is not evidence of a real attack.,, ,,CAMP-00,2026-01-06
THR-2026-0561,2026-05-15T00:00:00,Synthetic Malware Observation 561,MALWARE,FILE HASH,1a0dbe1b9c4d31de6ecea1293c26d88829e20cd9b1444a3acea0f087669d3782,Research Report,95,HIGH,79,NEW,2026-04-19,2026-05-15,Demo,SYNTHETIC / DEMO ONLY. This record is safe educational data and is not evidence of a real attack.,Command and Control,Application Layer Protocol,,CAMP-01,2026-04-19
THR-2026-0562,2026-02-18T00:00:00,Synthetic Data Exposure Observation 562,DATA EXPOSURE,EMAIL/SENDER DOMAIN,mail.example.org,Public Threat Feed,80,LOW,55,MONITORING,2026-02-04,2026-02-18,EU,SYNTHETIC / DEMO ONLY. This record is safe educational data and is not evidence of a real attack.,Exfiltration,Exfiltration Over Web Service,,CAMP-02,2026-02-04
THR-2026-0563,2026-06-20T00:00:00,Synthetic Malware Observation 563,MALWARE,URL,https://demo.invalid/threat/563,Research Report,82,HIGH,73,NEW,2026-05-27,2026-06-20,IN,SYNTHETIC / DEMO ONLY. This record is safe educational data and is not evidence of a real attack.,Impact,Data Encrypted for Impact,,CAMP-03,2026-05-27
THR-2026-0564,2026-05-20T00:00:00,Synthetic Web Threats Observation 564,WEB THREATS,URL,https://demo.invalid/threat/564,Unknown Source,58,MEDIUM,60,UNDER_REVIEW,2026-04-30,2026-05-20,Demo,SYNTHETIC / DEMO ONLY. This record is safe educational data and is not evidence of a real attack.,Discovery,Network Service Scanning,,CAMP-04,2026-04-30
THR-2026-0565,2026-07-09T00:00:00,Synthetic Web Threats Observation 565,WEB THREATS,URL,https://demo.invalid/threat/565,Research Report,81,LOW,62,CLOSED,2026-06-20,2026-07-09,Global,SYNTHETIC / DEMO ONLY. This record is safe educational data and is not evidence of a real attack.,Impact,Data Encrypted for Impact,,CAMP-05,2026-06-20
THR-2026-0566,2026-07-16T00:00:00,Synthetic Data Exposure Observation 566,DATA EXPOSURE,IP ADDRESS,198.51.100.59,Community Submission,54,LOW,51,UNDER_REVIEW,2026-07-03,2026-07-16,Global,SYNTHETIC / DEMO ONLY. This record is safe educational data and is not evidence of a real attack.,Exfiltration,Exfiltration Over Web Service,,CAMP-06,2026-07-03
THR-2026-0567,2026-07-28T00:00:00,Synthetic Malware Observation 567,MALWARE,DOMAIN,example.net,Research Report,94,MEDIUM,72,MONITORING,2026-07-25,2026-07-28,Global,SYNTHETIC / DEMO ONLY. This record is safe educational data and is not evidence of a real attack.,Exfiltration,Exfiltration Over Web Service,,CAMP-07,2026-07-25
THR-2026-0568,2026-02-17T00:00:00,Synthetic Malware Observation 568,MALWARE,URL,https://demo.invalid/threat/568,Public Threat Feed,87,MEDIUM,65,MONITORING,2026-02-13,2026-02-17,Global,SYNTHETIC / DEMO ONLY. This record is safe educational data and is not evidence of a real attack.,, ,,CAMP-08,2026-02-13
THR-2026-0569,2026-08-26T00:00:00,Synthetic Account Security Observation 569,ACCOUNT SECURITY,CVE ID,CVE-2026-1569,Internal SOC,67,INFORMATIONAL,46,NEW,2026-08-02,2026-08-26,IN,SYNTHETIC / DEMO ONLY. This record is safe educational data and is not evidence of a real attack.,Initial Access,Phishing,CVE-2026-1569,CAMP-09,2026-08-02
THR-2026-0570,2026-10-14T00:00:00,Synthetic Network Threats Observation 570,NETWORK THREATS,DOMAIN,example.com,Internal SOC,57,LOW,53,CLOSED,2026-09-14,2026-10-14,Demo,SYNTHETIC / DEMO ONLY. This record is safe educational data and is not evidence of a real attack.,Persistence,Account Access Removal,,CAMP-10,2026-09-14
THR-2026-0571,2026-08-03T00:00:00,Synthetic Account Security Observation 571,ACCOUNT SECURITY,URL,https://demo.invalid/threat/571,Unknown Source,74,HIGH,74,UNDER_REVIEW,2026-07-30,2026-08-03,Demo,SYNTHETIC / DEMO ONLY. This record is safe educational data and is not evidence of a real attack.,, ,,CAMP-11,2026-07-30
THR-2026-0572,2026-09-12T00:00:00,Synthetic Network Threats Observation 572,NETWORK THREATS,EMAIL/SENDER DOMAIN,alerts.example.net,Unknown Source,73,CRITICAL,76,CLOSED,2026-08-13,2026-09-12,IN,SYNTHETIC / DEMO ONLY. This record is safe educational data and is not evidence of a real attack.,Persistence,Account Access Removal,,CAMP-12,2026-08-13
THR-2026-0573,2026-04-11T00:00:00,Synthetic Malware Observation 573,MALWARE,IP ADDRESS,192.0.2.66,Public Threat Feed,82,LOW,55,CLOSED,2026-03-20,2026-04-11,Global,SYNTHETIC / DEMO ONLY. This record is safe educational data and is not evidence of a real attack.,Exfiltration,Exfiltration Over Web Service,,CAMP-13,2026-03-20
THR-2026-0574,2026-06-06T00:00:00,Synthetic Credential Threats Observation 574,CREDENTIAL THREATS,EMAIL/SENDER DOMAIN,alerts.example.net,Internal SOC,45,LOW,57,FALSE_POSITIVE,2026-05-13,2026-06-06,Global,SYNTHETIC / DEMO ONLY. This record is safe educational data and is not evidence of a real attack.,Initial Access,Phishing,,CAMP-14,2026-05-13
THR-2026-0575,2026-02-01T00:00:00,Synthetic Phishing Observation 575,PHISHING,DOMAIN,example.net,Security Vendor,90,HIGH,70,MONITORING,2026-01-22,2026-02-01,US,SYNTHETIC / DEMO ONLY. This record is safe educational data and is not evidence of a real attack.,Initial Access,Phishing,,CAMP-15,2026-01-22
THR-2026-0576,2026-07-23T00:00:00,Synthetic Web Threats Observation 576,WEB THREATS,DOMAIN,example.org,Public Threat Feed,80,INFORMATIONAL,52,NEW,2026-07-20,2026-07-23,Demo,SYNTHETIC / DEMO ONLY. This record is safe educational data and is not evidence of a real attack.,Discovery,Network Service Scanning,,CAMP-16,2026-07-20
THR-2026-0577,2026-10-26T00:00:00,Synthetic Account Security Observation 577,ACCOUNT SECURITY,IP ADDRESS,203.0.113.70,Community Submission,62,MEDIUM,55,FALSE_POSITIVE,2026-10-04,2026-10-26,Global,SYNTHETIC / DEMO ONLY. This record is safe educational data and is not evidence of a real attack.,Discovery,Network Service Scanning,,CAMP-17,2026-10-04
THR-2026-0578,2026-03-29T00:00:00,Synthetic Account Security Observation 578,ACCOUNT SECURITY,EMAIL/SENDER DOMAIN,alerts.example.net,Unknown Source,74,CRITICAL,82,UNDER_REVIEW,2026-03-07,2026-03-29,US,SYNTHETIC / DEMO ONLY. This record is safe educational data and is not evidence of a real attack.,Exfiltration,Exfiltration Over Web Service,,CAMP-18,2026-03-07
THR-2026-0579,2026-02-23T00:00:00,Synthetic Data Exposure Observation 579,DATA EXPOSURE,FILE HASH,65596738d17a9864ad5e44c1d52fbc8904e694c04381e7505c9ed4263f036047,Public Threat Feed,65,HIGH,59,UNDER_REVIEW,2026-02-02,2026-02-23,Global,SYNTHETIC / DEMO ONLY. This record is safe educational data and is not evidence of a real attack.,, ,,CAMP-19,2026-02-02
THR-2026-0580,2026-03-08T00:00:00,Synthetic Phishing Observation 580,PHISHING,URL,https://demo.invalid/threat/580,Research Report,74,INFORMATIONAL,53,MONITORING,2026-03-07,2026-03-08,IN,SYNTHETIC / DEMO ONLY. This record is safe educational data and is not evidence of a real attack.,, ,,CAMP-20,2026-03-07
THR-2026-0581,2026-08-16T00:00:00,Synthetic Ransomware Observation 581,RANSOMWARE,URL,https://demo.invalid/threat/581,Public Threat Feed,52,MEDIUM,56,CLOSED,2026-07-29,2026-08-16,EU,SYNTHETIC / DEMO ONLY. This record is safe educational data and is not evidence of a real attack.,, ,,CAMP-21,2026-07-29
THR-2026-0582,2026-04-21T00:00:00,Synthetic Credential Threats Observation 582,CREDENTIAL THREATS,CVE ID,CVE-2026-1582,Internal SOC,82,HIGH,76,MONITORING,2026-04-03,2026-04-21,Global,SYNTHETIC / DEMO ONLY. This record is safe educational data and is not evidence of a real attack.,Initial Access,Phishing,CVE-2026-1582,CAMP-22,2026-04-03
THR-2026-0583,2026-03-31T00:00:00,Synthetic Ransomware Observation 583,RANSOMWARE,FILE HASH,f01f11d1fdb888e8a57f0542ee39b2d2288e56edf4cfc6ee402e656df23942a8,Research Report,73,HIGH,82,FALSE_POSITIVE,2026-03-03,2026-03-31,Global,SYNTHETIC / DEMO ONLY. This record is safe educational data and is not evidence of a real attack.,, ,,CAMP-23,2026-03-03
THR-2026-0584,2026-02-20T00:00:00,Synthetic Web Threats Observation 584,WEB THREATS,URL,https://demo.invalid/threat/584,Community Submission,86,MEDIUM,64,UNDER_REVIEW,2026-02-17,2026-02-20,Global,SYNTHETIC / DEMO ONLY. This record is safe educational data and is not evidence of a real attack.,Discovery,Network Service Scanning,,CAMP-24,2026-02-17
THR-2026-0585,2026-05-01T00:00:00,Synthetic Social Engineering Observation 585,SOCIAL ENGINEERING,DOMAIN,example.com,Public Threat Feed,62,LOW,51,NEW,2026-04-08,2026-05-01,EU,SYNTHETIC / DEMO ONLY. This record is safe educational data and is not evidence of a real attack.,Exfiltration,Exfiltration Over Web Service,,CAMP-25,2026-04-08
THR-2026-0586,2026-10-02T00:00:00,Synthetic Social Engineering Observation 586,SOCIAL ENGINEERING,DOMAIN,example.com,Public Threat Feed,49,HIGH,68,NEW,2026-09-17,2026-10-02,Global,SYNTHETIC / DEMO ONLY. This record is safe educational data and is not evidence of a real attack.,Impact,Data Encrypted for Impact,,CAMP-26,2026-09-17
THR-2026-0587,2026-03-30T00:00:00,Synthetic Vulnerability Exposure Observation 587,VULNERABILITY EXPOSURE,IP ADDRESS,198.51.100.80,Public Threat Feed,72,MEDIUM,69,CLOSED,2026-03-15,2026-03-30,Global,SYNTHETIC / DEMO ONLY. This record is safe educational data and is not evidence of a real attack.,, ,,CAMP-27,2026-03-15
THR-2026-0588,2026-06-03T00:00:00,Synthetic Phishing Observation 588,PHISHING,FILE HASH,57ab2cb464f9f80812a052b63dc5485a1dc3e31e0469131f0063e4290cd6ab5c,Security Vendor,91,CRITICAL,92,FALSE_POSITIVE,2026-06-02,2026-06-03,Global,SYNTHETIC / DEMO ONLY. This record is safe educational data and is not evidence of a real attack.,Discovery,Network Service Scanning,,CAMP-28,2026-06-02
THR-2026-0589,2026-07-03T00:00:00,Synthetic Vulnerability Exposure Observation 589,VULNERABILITY EXPOSURE,CVE ID,CVE-2026-1589,Unknown Source,45,MEDIUM,55,MONITORING,2026-06-13,2026-07-03,Demo,SYNTHETIC / DEMO ONLY. This record is safe educational data and is not evidence of a real attack.,Exfiltration,Exfiltration Over Web Service,CVE-2026-1589,CAMP-29,2026-06-13
THR-2026-0590,2026-06-19T00:00:00,Synthetic Ransomware Observation 590,RANSOMWARE,DOMAIN,example.org,Security Vendor,88,MEDIUM,76,NEW,2026-05-22,2026-06-19,US,SYNTHETIC / DEMO ONLY. This record is safe educational data and is not evidence of a real attack.,Discovery,Network Service Scanning,,CAMP-30,2026-05-22
THR-2026-0591,2026-02-21T00:00:00,Synthetic Malware Observation 591,MALWARE,URL,https://demo.invalid/threat/591,Internal SOC,48,MEDIUM,53,NEW,2026-01-26,2026-02-21,US,SYNTHETIC / DEMO ONLY. This record is safe educational data and is not evidence of a real attack.,Impact,Data Encrypted for Impact,,CAMP-31,2026-01-26
THR-2026-0592,2026-07-16T00:00:00,Synthetic Account Security Observation 592,ACCOUNT SECURITY,IP ADDRESS,198.51.100.85,Security Vendor,56,HIGH,73,UNDER_REVIEW,2026-07-10,2026-07-16,US,SYNTHETIC / DEMO ONLY. This record is safe educational data and is not evidence of a real attack.,Exfiltration,Exfiltration Over Web Service,,CAMP-32,2026-07-10
THR-2026-0593,2026-04-24T00:00:00,Synthetic Ransomware Observation 593,RANSOMWARE,FILE HASH,785b4b953f7fc10b3a0fab1ca526f8d71855b6773547dea62c9f1f71cf9596c1,Unknown Source,47,HIGH,59,CLOSED,2026-04-19,2026-04-24,EU,SYNTHETIC / DEMO ONLY. This record is safe educational data and is not evidence of a real attack.,Command and Control,Application Layer Protocol,,CAMP-33,2026-04-19
THR-2026-0594,2026-02-16T00:00:00,Synthetic Network Threats Observation 594,NETWORK THREATS,CVE ID,CVE-2026-1594,Security Vendor,72,LOW,59,UNDER_REVIEW,2026-02-11,2026-02-16,Demo,SYNTHETIC / DEMO ONLY. This record is safe educational data and is not evidence of a real attack.,Discovery,Network Service Scanning,CVE-2026-1594,CAMP-34,2026-02-11
THR-2026-0595,2026-09-13T00:00:00,Synthetic Credential Threats Observation 595,CREDENTIAL THREATS,IP ADDRESS,203.0.113.88,Public Threat Feed,95,HIGH,76,CLOSED,2026-09-11,2026-09-13,Demo,SYNTHETIC / DEMO ONLY. This record is safe educational data and is not evidence of a real attack.,Discovery,Network Service Scanning,,CAMP-35,2026-09-11
THR-2026-0596,2026-06-08T00:00:00,Synthetic Web Threats Observation 596,WEB THREATS,CVE ID,CVE-2026-1596,Unknown Source,89,HIGH,73,NEW,2026-05-16,2026-06-08,EU,SYNTHETIC / DEMO ONLY. This record is safe educational data and is not evidence of a real attack.,Impact,Data Encrypted for Impact,CVE-2026-1596,CAMP-36,2026-05-16
THR-2026-0597,2026-07-16T00:00:00,Synthetic Ransomware Observation 597,RANSOMWARE,EMAIL/SENDER DOMAIN,mail.example.org,Research Report,75,CRITICAL,72,UNDER_REVIEW,2026-06-25,2026-07-16,US,SYNTHETIC / DEMO ONLY. This record is safe educational data and is not evidence of a real attack.,Impact,Data Encrypted for Impact,,CAMP-37,2026-06-25
THR-2026-0598,2026-10-03T00:00:00,Synthetic Credential Threats Observation 598,CREDENTIAL THREATS,FILE HASH,fb9b50675c95698995306259d02186b30b5c3346568794d2b46d6219631651f5,Security Vendor,45,HIGH,67,FALSE_POSITIVE,2026-09-20,2026-10-03,Demo,SYNTHETIC / DEMO ONLY. This record is safe educational data and is not evidence of a real attack.,Credential Access,Valid Accounts,,CAMP-38,2026-09-20
THR-2026-0599,2026-05-16T00:00:00,Synthetic Phishing Observation 599,PHISHING,DOMAIN,example.org,Unknown Source,71,CRITICAL,81,UNDER_REVIEW,2026-05-05,2026-05-16,US,SYNTHETIC / DEMO ONLY. This record is safe educational data and is not evidence of a real attack.,Persistence,Account Access Removal,,CAMP-39,2026-05-05
THR-2026-0600,2026-07-28T00:00:00,Synthetic Malware Observation 600,MALWARE,FILE HASH,0a52758555aa46602c07cd0b55f8a67ca626f6db8d65045447e6d0a802c9bee8,Research Report,97,MEDIUM,69,NEW,2026-07-02,2026-07-28,Global,SYNTHETIC / DEMO ONLY. This record is safe educational data and is not evidence of a real attack.,Command and Control,Application Layer Protocol,,CAMP-00,2026-07-02
THR-2026-0601,2026-01-30T00:00:00,Synthetic Data Exposure Observation 601,DATA EXPOSURE,IP ADDRESS,203.0.113.94,Research Report,75,LOW,59,CLOSED,2026-01-12,2026-01-30,EU,SYNTHETIC / DEMO ONLY. This record is safe educational data and is not evidence of a real attack.,Credential Access,Valid Accounts,,CAMP-01,2026-01-12
THR-2026-0602,2026-02-04T00:00:00,Synthetic Vulnerability Exposure Observation 602,VULNERABILITY EXPOSURE,URL,https://demo.invalid/threat/602,Research Report,97,MEDIUM,67,CLOSED,2026-01-21,2026-02-04,Demo,SYNTHETIC / DEMO ONLY. This record is safe educational data and is not evidence of a real attack.,Persistence,Account Access Removal,,CAMP-02,2026-01-21
THR-2026-0603,2026-05-07T00:00:00,Synthetic Phishing Observation 603,PHISHING,URL,https://demo.invalid/threat/603,Unknown Source,60,MEDIUM,65,MONITORING,2026-04-20,2026-05-07,Global,SYNTHETIC / DEMO ONLY. This record is safe educational data and is not evidence of a real attack.,Persistence,Account Access Removal,,CAMP-03,2026-04-20
THR-2026-0604,2026-10-08T00:00:00,Synthetic Credential Threats Observation 604,CREDENTIAL THREATS,FILE HASH,d44a1b0b2631d249f94eb151bafce6027f87864b991a7fe31ec84e45ee1f91b9,Unknown Source,62,INFORMATIONAL,47,CLOSED,2026-09-13,2026-10-08,US,SYNTHETIC / DEMO ONLY. This record is safe educational data and is not evidence of a real attack.,Command and Control,Application Layer Protocol,,CAMP-04,2026-09-13
THR-2026-0605,2026-03-03T00:00:00,Synthetic Malware Observation 605,MALWARE,FILE HASH,67df2465c1ed487d7d99e7ce61234ead77fc416965bb23b10e74433e69a45e2f,Unknown Source,71,HIGH,66,FALSE_POSITIVE,2026-02-12,2026-03-03,EU,SYNTHETIC / DEMO ONLY. This record is safe educational data and is not evidence of a real attack.,Command and Control,Application Layer Protocol,,CAMP-05,2026-02-12
THR-2026-0606,2026-05-21T00:00:00,Synthetic Credential Threats Observation 606,CREDENTIAL THREATS,EMAIL/SENDER DOMAIN,alerts.example.net,Public Threat Feed,52,MEDIUM,61,NEW,2026-04-21,2026-05-21,EU,SYNTHETIC / DEMO ONLY. This record is safe educational data and is not evidence of a real attack.,, ,,CAMP-06,2026-04-21
THR-2026-0607,2026-01-30T00:00:00,Synthetic Network Threats Observation 607,NETWORK THREATS,CVE ID,CVE-2026-1607,Public Threat Feed,53,LOW,48,MONITORING,2026-01-12,2026-01-30,IN,SYNTHETIC / DEMO ONLY. This record is safe educational data and is not evidence of a real attack.,Exfiltration,Exfiltration Over Web Service,CVE-2026-1607,CAMP-07,2026-01-12
THR-2026-0608,2026-05-21T00:00:00,Synthetic Ransomware Observation 608,RANSOMWARE,IP ADDRESS,198.51.100.101,Unknown Source,89,HIGH,64,CLOSED,2026-05-17,2026-05-21,US,SYNTHETIC / DEMO ONLY. This record is safe educational data and is not evidence of a real attack.,Discovery,Network Service Scanning,,CAMP-08,2026-05-17
THR-2026-0609,2026-07-13T00:00:00,Synthetic Credential Threats Observation 609,CREDENTIAL THREATS,IP ADDRESS,198.51.100.102,Community Submission,80,MEDIUM,70,UNDER_REVIEW,2026-07-04,2026-07-13,EU,SYNTHETIC / DEMO ONLY. This record is safe educational data and is not evidence of a real attack.,, ,,CAMP-09,2026-07-04
THR-2026-0610,2026-07-24T00:00:00,Synthetic Data Exposure Observation 610,DATA EXPOSURE,URL,https://demo.invalid/threat/610,Public Threat Feed,93,HIGH,76,FALSE_POSITIVE,2026-07-15,2026-07-24,US,SYNTHETIC / DEMO ONLY. This record is safe educational data and is not evidence of a real attack.,Initial Access,Phishing,,CAMP-10,2026-07-15
THR-2026-0611,2026-09-16T00:00:00,Synthetic Vulnerability Exposure Observation 611,VULNERABILITY EXPOSURE,CVE ID,CVE-2026-1611,Community Submission,72,HIGH,69,FALSE_POSITIVE,2026-08-17,2026-09-16,Demo,SYNTHETIC / DEMO ONLY. This record is safe educational data and is not evidence of a real attack.,Initial Access,Phishing,CVE-2026-1611,CAMP-11,2026-08-17
THR-2026-0612,2026-10-28T00:00:00,Synthetic Credential Threats Observation 612,CREDENTIAL THREATS,CVE ID,CVE-2026-1612,Research Report,97,LOW,65,MONITORING,2026-10-07,2026-10-28,US,SYNTHETIC / DEMO ONLY. This record is safe educational data and is not evidence of a real attack.,Exfiltration,Exfiltration Over Web Service,CVE-2026-1612,CAMP-12,2026-10-07
THR-2026-0613,2026-04-28T00:00:00,Synthetic Account Security Observation 613,ACCOUNT SECURITY,FILE HASH,7f4f715cf0682d431be3e821435143186f43eef2219d8fe37b519e07d1491118,Security Vendor,50,HIGH,56,FALSE_POSITIVE,2026-04-27,2026-04-28,Global,SYNTHETIC / DEMO ONLY. This record is safe educational data and is not evidence of a real attack.,Persistence,Account Access Removal,,CAMP-13,2026-04-27
THR-2026-0614,2026-06-05T00:00:00,Synthetic Phishing Observation 614,PHISHING,IP ADDRESS,198.51.100.107,Unknown Source,67,HIGH,70,NEW,2026-05-12,2026-06-05,IN,SYNTHETIC / DEMO ONLY. This record is safe educational data and is not evidence of a real attack.,, ,,CAMP-14,2026-05-12
THR-2026-0615,2026-09-14T00:00:00,Synthetic Malware Observation 615,MALWARE,URL,https://demo.invalid/threat/615,Research Report,56,HIGH,62,CLOSED,2026-09-07,2026-09-14,IN,SYNTHETIC / DEMO ONLY. This record is safe educational data and is not evidence of a real attack.,Credential Access,Valid Accounts,,CAMP-15,2026-09-07
THR-2026-0616,2026-09-19T00:00:00,Synthetic Vulnerability Exposure Observation 616,VULNERABILITY EXPOSURE,CVE ID,CVE-2026-1616,Public Threat Feed,85,MEDIUM,70,MONITORING,2026-08-25,2026-09-19,EU,SYNTHETIC / DEMO ONLY. This record is safe educational data and is not evidence of a real attack.,Credential Access,Valid Accounts,CVE-2026-1616,CAMP-16,2026-08-25
THR-2026-0617,2026-04-01T00:00:00,Synthetic Social Engineering Observation 617,SOCIAL ENGINEERING,FILE HASH,0e12bda50a810a201d07ebef26cd316e8b64b5272974533554778cfaad726022,Unknown Source,55,LOW,52,MONITORING,2026-03-22,2026-04-01,US,SYNTHETIC / DEMO ONLY. This record is safe educational data and is not evidence of a real attack.,Exfiltration,Exfiltration Over Web Service,,CAMP-17,2026-03-22
THR-2026-0618,2026-09-24T00:00:00,Synthetic Malware Observation 618,MALWARE,CVE ID,CVE-2026-1618,Internal SOC,56,MEDIUM,64,MONITORING,2026-09-08,2026-09-24,IN,SYNTHETIC / DEMO ONLY. This record is safe educational data and is not evidence of a real attack.,Credential Access,Valid Accounts,CVE-2026-1618,CAMP-18,2026-09-08
THR-2026-0619,2026-06-18T00:00:00,Synthetic Account Security Observation 619,ACCOUNT SECURITY,EMAIL/SENDER DOMAIN,mail.example.org,Public Threat Feed,49,LOW,47,FALSE_POSITIVE,2026-06-02,2026-06-18,Global,SYNTHETIC / DEMO ONLY. This record is safe educational data and is not evidence of a real attack.,Credential Access,Valid Accounts,,CAMP-19,2026-06-02
THR-2026-0620,2026-09-23T00:00:00,Synthetic Malware Observation 620,MALWARE,EMAIL/SENDER DOMAIN,mail.example.org,Research Report,86,HIGH,77,UNDER_REVIEW,2026-09-08,2026-09-23,US,SYNTHETIC / DEMO ONLY. This record is safe educational data and is not evidence of a real attack.,Persistence,Account Access Removal,,CAMP-20,2026-09-08
THR-2026-0621,2026-06-04T00:00:00,Synthetic Ransomware Observation 621,RANSOMWARE,DOMAIN,example.net,Security Vendor,46,MEDIUM,66,FALSE_POSITIVE,2026-06-01,2026-06-04,Global,SYNTHETIC / DEMO ONLY. This record is safe educational data and is not evidence of a real attack.,Discovery,Network Service Scanning,,CAMP-21,2026-06-01
THR-2026-0622,2026-10-12T00:00:00,Synthetic Social Engineering Observation 622,SOCIAL ENGINEERING,CVE ID,CVE-2026-1622,Internal SOC,49,MEDIUM,53,CLOSED,2026-10-04,2026-10-12,Global,SYNTHETIC / DEMO ONLY. This record is safe educational data and is not evidence of a real attack.,Credential Access,Valid Accounts,CVE-2026-1622,CAMP-22,2026-10-04
THR-2026-0623,2026-08-16T00:00:00,Synthetic Account Security Observation 623,ACCOUNT SECURITY,CVE ID,CVE-2026-1623,Security Vendor,76,MEDIUM,64,NEW,2026-07-26,2026-08-16,Global,SYNTHETIC / DEMO ONLY. This record is safe educational data and is not evidence of a real attack.,Persistence,Account Access Removal,CVE-2026-1623,CAMP-23,2026-07-26
THR-2026-0624,2026-05-28T00:00:00,Synthetic Vulnerability Exposure Observation 624,VULNERABILITY EXPOSURE,EMAIL/SENDER DOMAIN,mail.example.org,Security Vendor,77,INFORMATIONAL,58,FALSE_POSITIVE,2026-05-25,2026-05-28,US,SYNTHETIC / DEMO ONLY. This record is safe educational data and is not evidence of a real attack.,Exfiltration,Exfiltration Over Web Service,,CAMP-24,2026-05-25
THR-2026-0625,2026-08-14T00:00:00,Synthetic Social Engineering Observation 625,SOCIAL ENGINEERING,DOMAIN,example.org,Public Threat Feed,63,MEDIUM,70,FALSE_POSITIVE,2026-08-01,2026-08-14,Demo,SYNTHETIC / DEMO ONLY. This record is safe educational data and is not evidence of a real attack.,Initial Access,Phishing,,CAMP-25,2026-08-01
THR-2026-0626,2026-02-20T00:00:00,Synthetic Web Threats Observation 626,WEB THREATS,URL,https://demo.invalid/threat/626,Security Vendor,90,HIGH,70,CLOSED,2026-02-13,2026-02-20,Global,SYNTHETIC / DEMO ONLY. This record is safe educational data and is not evidence of a real attack.,Command and Control,Application Layer Protocol,,CAMP-26,2026-02-13
THR-2026-0627,2026-02-25T00:00:00,Synthetic Web Threats Observation 627,WEB THREATS,URL,https://demo.invalid/threat/627,Community Submission,63,INFORMATIONAL,49,FALSE_POSITIVE,2026-02-09,2026-02-25,Demo,SYNTHETIC / DEMO ONLY. This record is safe educational data and is not evidence of a real attack.,Persistence,Account Access Removal,,CAMP-27,2026-02-09
THR-2026-0628,2026-08-22T00:00:00,Synthetic Data Exposure Observation 628,DATA EXPOSURE,URL,https://demo.invalid/threat/628,Security Vendor,60,CRITICAL,66,MONITORING,2026-08-03,2026-08-22,Demo,SYNTHETIC / DEMO ONLY. This record is safe educational data and is not evidence of a real attack.,Impact,Data Encrypted for Impact,,CAMP-28,2026-08-03
THR-2026-0629,2026-04-27T00:00:00,Synthetic Account Security Observation 629,ACCOUNT SECURITY,CVE ID,CVE-2026-1629,Public Threat Feed,86,LOW,55,MONITORING,2026-04-13,2026-04-27,US,SYNTHETIC / DEMO ONLY. This record is safe educational data and is not evidence of a real attack.,, ,CVE-2026-1629,CAMP-29,2026-04-13
THR-2026-0630,2026-05-11T00:00:00,Synthetic Data Exposure Observation 630,DATA EXPOSURE,EMAIL/SENDER DOMAIN,mail.example.org,Security Vendor,89,LOW,63,NEW,2026-05-06,2026-05-11,Demo,SYNTHETIC / DEMO ONLY. This record is safe educational data and is not evidence of a real attack.,, ,,CAMP-30,2026-05-06
THR-2026-0631,2026-08-14T00:00:00,Synthetic Vulnerability Exposure Observation 631,VULNERABILITY EXPOSURE,URL,https://demo.invalid/threat/631,Community Submission,47,MEDIUM,56,FALSE_POSITIVE,2026-08-09,2026-08-14,Demo,SYNTHETIC / DEMO ONLY. This record is safe educational data and is not evidence of a real attack.,Exfiltration,Exfiltration Over Web Service,,CAMP-31,2026-08-09
THR-2026-0632,2026-09-15T00:00:00,Synthetic Malware Observation 632,MALWARE,CVE ID,CVE-2026-1632,Internal SOC,88,MEDIUM,75,CLOSED,2026-08-17,2026-09-15,Global,SYNTHETIC / DEMO ONLY. This record is safe educational data and is not evidence of a real attack.,Impact,Data Encrypted for Impact,CVE-2026-1632,CAMP-32,2026-08-17
THR-2026-0633,2026-08-25T00:00:00,Synthetic Malware Observation 633,MALWARE,EMAIL/SENDER DOMAIN,mail.example.org,Public Threat Feed,61,HIGH,73,FALSE_POSITIVE,2026-07-28,2026-08-25,EU,SYNTHETIC / DEMO ONLY. This record is safe educational data and is not evidence of a real attack.,Discovery,Network Service Scanning,,CAMP-33,2026-07-28
THR-2026-0634,2026-10-07T00:00:00,Synthetic Ransomware Observation 634,RANSOMWARE,DOMAIN,example.org,Unknown Source,48,LOW,53,MONITORING,2026-09-09,2026-10-07,US,SYNTHETIC / DEMO ONLY. This record is safe educational data and is not evidence of a real attack.,Command and Control,Application Layer Protocol,,CAMP-34,2026-09-09
THR-2026-0635,2026-02-09T00:00:00,Synthetic Phishing Observation 635,PHISHING,IP ADDRESS,203.0.113.128,Public Threat Feed,74,LOW,58,CLOSED,2026-01-18,2026-02-09,Demo,SYNTHETIC / DEMO ONLY. This record is safe educational data and is not evidence of a real attack.,Impact,Data Encrypted for Impact,,CAMP-35,2026-01-18
THR-2026-0636,2026-09-06T00:00:00,Synthetic Vulnerability Exposure Observation 636,VULNERABILITY EXPOSURE,CVE ID,CVE-2026-1636,Community Submission,97,HIGH,70,CLOSED,2026-09-05,2026-09-06,US,SYNTHETIC / DEMO ONLY. This record is safe educational data and is not evidence of a real attack.,Credential Access,Valid Accounts,CVE-2026-1636,CAMP-36,2026-09-05
THR-2026-0637,2026-02-01T00:00:00,Synthetic Credential Threats Observation 637,CREDENTIAL THREATS,FILE HASH,971309f07e7ea0ceb69f380afa98d1be33390d1ebd4bad5030b8b71d6e0dab2d,Research Report,84,HIGH,77,UNDER_REVIEW,2026-02-01,2026-02-01,IN,SYNTHETIC / DEMO ONLY. This record is safe educational data and is not evidence of a real attack.,, ,,CAMP-37,2026-02-01
THR-2026-0638,2026-06-23T00:00:00,Synthetic Malware Observation 638,MALWARE,EMAIL/SENDER DOMAIN,mail.example.org,Unknown Source,96,LOW,63,UNDER_REVIEW,2026-05-25,2026-06-23,Demo,SYNTHETIC / DEMO ONLY. This record is safe educational data and is not evidence of a real attack.,Impact,Data Encrypted for Impact,,CAMP-38,2026-05-25
THR-2026-0639,2026-04-05T00:00:00,Synthetic Social Engineering Observation 639,SOCIAL ENGINEERING,EMAIL/SENDER DOMAIN,mail.example.org,Research Report,66,MEDIUM,62,NEW,2026-03-22,2026-04-05,Demo,SYNTHETIC / DEMO ONLY. This record is safe educational data and is not evidence of a real attack.,, ,,CAMP-39,2026-03-22
THR-2026-0640,2026-10-27T00:00:00,Synthetic Web Threats Observation 640,WEB THREATS,IP ADDRESS,203.0.113.133,Security Vendor,88,MEDIUM,67,MONITORING,2026-10-01,2026-10-27,US,SYNTHETIC / DEMO ONLY. This record is safe educational data and is not evidence of a real attack.,, ,,CAMP-00,2026-10-01
THR-2026-0641,2026-05-12T00:00:00,Synthetic Account Security Observation 641,ACCOUNT SECURITY,URL,https://demo.invalid/threat/641,Unknown Source,68,INFORMATIONAL,43,MONITORING,2026-04-26,2026-05-12,Global,SYNTHETIC / DEMO ONLY. This record is safe educational data and is not evidence of a real attack.,Persistence,Account Access Removal,,CAMP-01,2026-04-26
THR-2026-0642,2026-01-23T00:00:00,Synthetic Account Security Observation 642,ACCOUNT SECURITY,IP ADDRESS,203.0.113.135,Public Threat Feed,73,MEDIUM,67,MONITORING,2026-01-14,2026-01-23,Global,SYNTHETIC / DEMO ONLY. This record is safe educational data and is not evidence of a real attack.,Exfiltration,Exfiltration Over Web Service,,CAMP-02,2026-01-14
THR-2026-0643,2026-02-04T00:00:00,Synthetic Ransomware Observation 643,RANSOMWARE,IP ADDRESS,198.51.100.136,Unknown Source,75,MEDIUM,71,NEW,2026-01-22,2026-02-04,IN,SYNTHETIC / DEMO ONLY. This record is safe educational data and is not evidence of a real attack.,Impact,Data Encrypted for Impact,,CAMP-03,2026-01-22
THR-2026-0644,2026-07-22T00:00:00,Synthetic Vulnerability Exposure Observation 644,VULNERABILITY EXPOSURE,EMAIL/SENDER DOMAIN,alerts.example.net,Public Threat Feed,47,MEDIUM,52,CLOSED,2026-07-01,2026-07-22,Global,SYNTHETIC / DEMO ONLY. This record is safe educational data and is not evidence of a real attack.,Persistence,Account Access Removal,,CAMP-04,2026-07-01
THR-2026-0645,2026-08-23T00:00:00,Synthetic Ransomware Observation 645,RANSOMWARE,FILE HASH,31b5b456630ebbe2526c59b77478a2db1fffebfc25af9911e7ad5751783950c9,Security Vendor,80,HIGH,67,UNDER_REVIEW,2026-08-10,2026-08-23,Demo,SYNTHETIC / DEMO ONLY. This record is safe educational data and is not evidence of a real attack.,Credential Access,Valid Accounts,,CAMP-05,2026-08-10
THR-2026-0646,2026-05-20T00:00:00,Synthetic Credential Threats Observation 646,CREDENTIAL THREATS,EMAIL/SENDER DOMAIN,mail.example.org,Community Submission,45,HIGH,62,CLOSED,2026-04-26,2026-05-20,IN,SYNTHETIC / DEMO ONLY. This record is safe educational data and is not evidence of a real attack.,Impact,Data Encrypted for Impact,,CAMP-06,2026-04-26
THR-2026-0647,2026-06-03T00:00:00,Synthetic Web Threats Observation 647,WEB THREATS,CVE ID,CVE-2026-1647,Public Threat Feed,84,MEDIUM,67,NEW,2026-05-15,2026-06-03,Demo,SYNTHETIC / DEMO ONLY. This record is safe educational data and is not evidence of a real attack.,Exfiltration,Exfiltration Over Web Service,CVE-2026-1647,CAMP-07,2026-05-15
THR-2026-0648,2026-04-29T00:00:00,Synthetic Account Security Observation 648,ACCOUNT SECURITY,URL,https://demo.invalid/threat/648,Internal SOC,50,HIGH,63,CLOSED,2026-04-02,2026-04-29,US,SYNTHETIC / DEMO ONLY. This record is safe educational data and is not evidence of a real attack.,Command and Control,Application Layer Protocol,,CAMP-08,2026-04-02
THR-2026-0649,2026-06-08T00:00:00,Synthetic Social Engineering Observation 649,SOCIAL ENGINEERING,URL,https://demo.invalid/threat/649,Research Report,50,MEDIUM,47,FALSE_POSITIVE,2026-05-10,2026-06-08,Global,SYNTHETIC / DEMO ONLY. This record is safe educational data and is not evidence of a real attack.,Exfiltration,Exfiltration Over Web Service,,CAMP-09,2026-05-10
THR-2026-0650,2026-03-20T00:00:00,Synthetic Malware Observation 650,MALWARE,IP ADDRESS,192.0.2.143,Internal SOC,63,MEDIUM,59,UNDER_REVIEW,2026-03-05,2026-03-20,US,SYNTHETIC / DEMO ONLY. This record is safe educational data and is not evidence of a real attack.,Initial Access,Phishing,,CAMP-10,2026-03-05
THR-2026-0651,2026-01-06T00:00:00,Synthetic Credential Threats Observation 651,CREDENTIAL THREATS,IP ADDRESS,192.0.2.144,Internal SOC,58,MEDIUM,62,FALSE_POSITIVE,2026-01-05,2026-01-06,US,SYNTHETIC / DEMO ONLY. This record is safe educational data and is not evidence of a real attack.,Credential Access,Valid Accounts,,CAMP-11,2026-01-05
THR-2026-0652,2026-06-12T00:00:00,Synthetic Malware Observation 652,MALWARE,EMAIL/SENDER DOMAIN,mail.example.org,Internal SOC,63,LOW,50,MONITORING,2026-05-23,2026-06-12,IN,SYNTHETIC / DEMO ONLY. This record is safe educational data and is not evidence of a real attack.,Credential Access,Valid Accounts,,CAMP-12,2026-05-23
THR-2026-0653,2026-02-16T00:00:00,Synthetic Malware Observation 653,MALWARE,FILE HASH,feb25bc5046e590c7aa04ac711dfee7c518dff2dd3103672b01bfd1b9269f8ac,Research Report,81,MEDIUM,70,CLOSED,2026-02-09,2026-02-16,Global,SYNTHETIC / DEMO ONLY. This record is safe educational data and is not evidence of a real attack.,, ,,CAMP-13,2026-02-09
THR-2026-0654,2026-09-05T00:00:00,Synthetic Data Exposure Observation 654,DATA EXPOSURE,FILE HASH,aedd0d533730354d7830a0a725e371424c243b0240493c739594e50fd5e82e23,Research Report,55,MEDIUM,62,CLOSED,2026-08-11,2026-09-05,IN,SYNTHETIC / DEMO ONLY. This record is safe educational data and is not evidence of a real attack.,Impact,Data Encrypted for Impact,,CAMP-14,2026-08-11
THR-2026-0655,2026-01-25T00:00:00,Synthetic Malware Observation 655,MALWARE,CVE ID,CVE-2026-1655,Research Report,58,INFORMATIONAL,52,UNDER_REVIEW,2026-01-03,2026-01-25,US,SYNTHETIC / DEMO ONLY. This record is safe educational data and is not evidence of a real attack.,Persistence,Account Access Removal,CVE-2026-1655,CAMP-15,2026-01-03
THR-2026-0656,2026-10-02T00:00:00,Synthetic Malware Observation 656,MALWARE,EMAIL/SENDER DOMAIN,alerts.example.net,Public Threat Feed,68,LOW,52,NEW,2026-09-25,2026-10-02,EU,SYNTHETIC / DEMO ONLY. This record is safe educational data and is not evidence of a real attack.,Credential Access,Valid Accounts,,CAMP-16,2026-09-25
THR-2026-0657,2026-01-18T00:00:00,Synthetic Phishing Observation 657,PHISHING,IP ADDRESS,203.0.113.150,Public Threat Feed,74,LOW,66,CLOSED,2026-01-04,2026-01-18,Demo,SYNTHETIC / DEMO ONLY. This record is safe educational data and is not evidence of a real attack.,Exfiltration,Exfiltration Over Web Service,,CAMP-17,2026-01-04
THR-2026-0658,2026-06-16T00:00:00,Synthetic Vulnerability Exposure Observation 658,VULNERABILITY EXPOSURE,CVE ID,CVE-2026-1658,Community Submission,66,LOW,52,UNDER_REVIEW,2026-06-03,2026-06-16,Demo,SYNTHETIC / DEMO ONLY. This record is safe educational data and is not evidence of a real attack.,Persistence,Account Access Removal,CVE-2026-1658,CAMP-18,2026-06-03
THR-2026-0659,2026-05-22T00:00:00,Synthetic Malware Observation 659,MALWARE,CVE ID,CVE-2026-1659,Security Vendor,84,MEDIUM,69,MONITORING,2026-05-10,2026-05-22,US,SYNTHETIC / DEMO ONLY. This record is safe educational data and is not evidence of a real attack.,, ,CVE-2026-1659,CAMP-19,2026-05-10
THR-2026-0660,2026-03-08T00:00:00,Synthetic Credential Threats Observation 660,CREDENTIAL THREATS,EMAIL/SENDER DOMAIN,mail.example.org,Internal SOC,77,MEDIUM,62,FALSE_POSITIVE,2026-03-04,2026-03-08,IN,SYNTHETIC / DEMO ONLY. This record is safe educational data and is not evidence of a real attack.,, ,,CAMP-20,2026-03-04
THR-2026-0661,2026-03-21T00:00:00,Synthetic Vulnerability Exposure Observation 661,VULNERABILITY EXPOSURE,FILE HASH,6dae91b30fd15880261a5307493d8226a6aaf3acf446aa1b09c88370ee02529b,Unknown Source,54,MEDIUM,59,MONITORING,2026-02-28,2026-03-21,EU,SYNTHETIC / DEMO ONLY. This record is safe educational data and is not evidence of a real attack.,Persistence,Account Access Removal,,CAMP-21,2026-02-28
THR-2026-0662,2026-09-25T00:00:00,Synthetic Data Exposure Observation 662,DATA EXPOSURE,EMAIL/SENDER DOMAIN,alerts.example.net,Internal SOC,56,HIGH,61,MONITORING,2026-09-03,2026-09-25,Global,SYNTHETIC / DEMO ONLY. This record is safe educational data and is not evidence of a real attack.,Persistence,Account Access Removal,,CAMP-22,2026-09-03
THR-2026-0663,2026-04-10T00:00:00,Synthetic Ransomware Observation 663,RANSOMWARE,EMAIL/SENDER DOMAIN,mail.example.org,Security Vendor,76,LOW,55,NEW,2026-03-12,2026-04-10,Demo,SYNTHETIC / DEMO ONLY. This record is safe educational data and is not evidence of a real attack.,Persistence,Account Access Removal,,CAMP-23,2026-03-12
THR-2026-0664,2026-07-05T00:00:00,Synthetic Ransomware Observation 664,RANSOMWARE,EMAIL/SENDER DOMAIN,alerts.example.net,Public Threat Feed,63,CRITICAL,76,FALSE_POSITIVE,2026-07-02,2026-07-05,Demo,SYNTHETIC / DEMO ONLY. This record is safe educational data and is not evidence of a real attack.,Exfiltration,Exfiltration Over Web Service,,CAMP-24,2026-07-02
THR-2026-0665,2026-04-10T00:00:00,Synthetic Credential Threats Observation 665,CREDENTIAL THREATS,FILE HASH,6bec00c75fece3c1a9d8da91dcf00bac51858bad1f6711003ec431ebd67170ea,Security Vendor,58,HIGH,65,FALSE_POSITIVE,2026-04-03,2026-04-10,EU,SYNTHETIC / DEMO ONLY. This record is safe educational data and is not evidence of a real attack.,Impact,Data Encrypted for Impact,,CAMP-25,2026-04-03
THR-2026-0666,2026-05-08T00:00:00,Synthetic Network Threats Observation 666,NETWORK THREATS,IP ADDRESS,198.51.100.159,Community Submission,70,CRITICAL,80,UNDER_REVIEW,2026-04-18,2026-05-08,US,SYNTHETIC / DEMO ONLY. This record is safe educational data and is not evidence of a real attack.,Credential Access,Valid Accounts,,CAMP-26,2026-04-18
THR-2026-0667,2026-06-26T00:00:00,Synthetic Vulnerability Exposure Observation 667,VULNERABILITY EXPOSURE,CVE ID,CVE-2026-1667,Public Threat Feed,48,HIGH,62,UNDER_REVIEW,2026-06-15,2026-06-26,Demo,SYNTHETIC / DEMO ONLY. This record is safe educational data and is not evidence of a real attack.,Credential Access,Valid Accounts,CVE-2026-1667,CAMP-27,2026-06-15
THR-2026-0668,2026-08-27T00:00:00,Synthetic Vulnerability Exposure Observation 668,VULNERABILITY EXPOSURE,FILE HASH,901a33cad5376ac40174da98e5705b08f8e035607d03679944c8c86247b50580,Internal SOC,91,MEDIUM,66,FALSE_POSITIVE,2026-08-19,2026-08-27,US,SYNTHETIC / DEMO ONLY. This record is safe educational data and is not evidence of a real attack.,, ,,CAMP-28,2026-08-19
THR-2026-0669,2026-04-30T00:00:00,Synthetic Web Threats Observation 669,WEB THREATS,URL,https://demo.invalid/threat/669,Research Report,95,LOW,74,UNDER_REVIEW,2026-04-10,2026-04-30,EU,SYNTHETIC / DEMO ONLY. This record is safe educational data and is not evidence of a real attack.,Discovery,Network Service Scanning,,CAMP-29,2026-04-10
THR-2026-0670,2026-05-07T00:00:00,Synthetic Social Engineering Observation 670,SOCIAL ENGINEERING,CVE ID,CVE-2026-1670,Public Threat Feed,65,INFORMATIONAL,51,NEW,2026-04-30,2026-05-07,US,SYNTHETIC / DEMO ONLY. This record is safe educational data and is not evidence of a real attack.,Command and Control,Application Layer Protocol,CVE-2026-1670,CAMP-30,2026-04-30
THR-2026-0671,2026-04-27T00:00:00,Synthetic Vulnerability Exposure Observation 671,VULNERABILITY EXPOSURE,EMAIL/SENDER DOMAIN,alerts.example.net,Internal SOC,46,MEDIUM,59,CLOSED,2026-04-03,2026-04-27,US,SYNTHETIC / DEMO ONLY. This record is safe educational data and is not evidence of a real attack.,Command and Control,Application Layer Protocol,,CAMP-31,2026-04-03
THR-2026-0672,2026-06-19T00:00:00,Synthetic Web Threats Observation 672,WEB THREATS,URL,https://demo.invalid/threat/672,Internal SOC,47,MEDIUM,56,UNDER_REVIEW,2026-05-29,2026-06-19,IN,SYNTHETIC / DEMO ONLY. This record is safe educational data and is not evidence of a real attack.,Persistence,Account Access Removal,,CAMP-32,2026-05-29
THR-2026-0673,2026-07-19T00:00:00,Synthetic Malware Observation 673,MALWARE,DOMAIN,example.net,Community Submission,78,MEDIUM,58,UNDER_REVIEW,2026-06-23,2026-07-19,US,SYNTHETIC / DEMO ONLY. This record is safe educational data and is not evidence of a real attack.,Impact,Data Encrypted for Impact,,CAMP-33,2026-06-23
THR-2026-0674,2026-02-04T00:00:00,Synthetic Account Security Observation 674,ACCOUNT SECURITY,FILE HASH,4bcbbb6b6e26533a5a0ec9bc406d848256de858f66f6a87280b4e405066727f1,Public Threat Feed,47,MEDIUM,50,UNDER_REVIEW,2026-02-02,2026-02-04,US,SYNTHETIC / DEMO ONLY. This record is safe educational data and is not evidence of a real attack.,Discovery,Network Service Scanning,,CAMP-34,2026-02-02
THR-2026-0675,2026-04-19T00:00:00,Synthetic Malware Observation 675,MALWARE,EMAIL/SENDER DOMAIN,alerts.example.net,Security Vendor,47,MEDIUM,57,MONITORING,2026-04-12,2026-04-19,US,SYNTHETIC / DEMO ONLY. This record is safe educational data and is not evidence of a real attack.,, ,,CAMP-35,2026-04-12
THR-2026-0676,2026-06-06T00:00:00,Synthetic Data Exposure Observation 676,DATA EXPOSURE,IP ADDRESS,203.0.113.169,Security Vendor,51,LOW,51,FALSE_POSITIVE,2026-06-05,2026-06-06,EU,SYNTHETIC / DEMO ONLY. This record is safe educational data and is not evidence of a real attack.,Impact,Data Encrypted for Impact,,CAMP-36,2026-06-05
THR-2026-0677,2026-06-21T00:00:00,Synthetic Phishing Observation 677,PHISHING,IP ADDRESS,198.51.100.170,Security Vendor,75,CRITICAL,74,MONITORING,2026-06-18,2026-06-21,Global,SYNTHETIC / DEMO ONLY. This record is safe educational data and is not evidence of a real attack.,Impact,Data Encrypted for Impact,,CAMP-37,2026-06-18
THR-2026-0678,2026-02-16T00:00:00,Synthetic Ransomware Observation 678,RANSOMWARE,FILE HASH,53e3c703bc535dbb14384ce2ca9587c2804ce8c0b50a96e5a706715a062b6afb,Unknown Source,88,HIGH,71,FALSE_POSITIVE,2026-01-25,2026-02-16,Global,SYNTHETIC / DEMO ONLY. This record is safe educational data and is not evidence of a real attack.,, ,,CAMP-38,2026-01-25
THR-2026-0679,2026-04-05T00:00:00,Synthetic Credential Threats Observation 679,CREDENTIAL THREATS,FILE HASH,871bed1e4bfa538f7244fe441fdc53f19e2524acd6196d77ca7c8a3b3134e618,Research Report,67,HIGH,65,CLOSED,2026-03-23,2026-04-05,US,SYNTHETIC / DEMO ONLY. This record is safe educational data and is not evidence of a real attack.,Command and Control,Application Layer Protocol,,CAMP-39,2026-03-23
THR-2026-0680,2026-10-07T00:00:00,Synthetic Data Exposure Observation 680,DATA EXPOSURE,FILE HASH,9f37df86813aea8e9afd44fac6636ec91311e1920e8a8bca841c8dc0612e51a0,Internal SOC,58,MEDIUM,56,UNDER_REVIEW,2026-10-03,2026-10-07,Global,SYNTHETIC / DEMO ONLY. This record is safe educational data and is not evidence of a real attack.,Discovery,Network Service Scanning,,CAMP-00,2026-10-03
THR-2026-0681,2026-03-04T00:00:00,Synthetic Vulnerability Exposure Observation 681,VULNERABILITY EXPOSURE,URL,https://demo.invalid/threat/681,Internal SOC,55,CRITICAL,72,NEW,2026-02-23,2026-03-04,EU,SYNTHETIC / DEMO ONLY. This record is safe educational data and is not evidence of a real attack.,Command and Control,Application Layer Protocol,,CAMP-01,2026-02-23
THR-2026-0682,2026-03-23T00:00:00,Synthetic Credential Threats Observation 682,CREDENTIAL THREATS,IP ADDRESS,203.0.113.175,Unknown Source,69,LOW,53,UNDER_REVIEW,2026-03-22,2026-03-23,Global,SYNTHETIC / DEMO ONLY. This record is safe educational data and is not evidence of a real attack.,Exfiltration,Exfiltration Over Web Service,,CAMP-02,2026-03-22
THR-2026-0683,2026-02-03T00:00:00,Synthetic Vulnerability Exposure Observation 683,VULNERABILITY EXPOSURE,EMAIL/SENDER DOMAIN,mail.example.org,Unknown Source,90,HIGH,73,UNDER_REVIEW,2026-01-28,2026-02-03,EU,SYNTHETIC / DEMO ONLY. This record is safe educational data and is not evidence of a real attack.,Impact,Data Encrypted for Impact,,CAMP-03,2026-01-28
THR-2026-0684,2026-09-06T00:00:00,Synthetic Malware Observation 684,MALWARE,CVE ID,CVE-2026-1684,Public Threat Feed,95,HIGH,74,CLOSED,2026-09-06,2026-09-06,US,SYNTHETIC / DEMO ONLY. This record is safe educational data and is not evidence of a real attack.,Persistence,Account Access Removal,CVE-2026-1684,CAMP-04,2026-09-06
THR-2026-0685,2026-03-06T00:00:00,Synthetic Account Security Observation 685,ACCOUNT SECURITY,FILE HASH,3d46fd5527ccdf32112a17bcb8cb620aadc8403325650a363a7bf98f79975ca8,Unknown Source,60,LOW,66,NEW,2026-02-23,2026-03-06,IN,SYNTHETIC / DEMO ONLY. This record is safe educational data and is not evidence of a real attack.,Command and Control,Application Layer Protocol,,CAMP-05,2026-02-23
THR-2026-0686,2026-06-20T00:00:00,Synthetic Phishing Observation 686,PHISHING,IP ADDRESS,198.51.100.179,Internal SOC,67,HIGH,66,MONITORING,2026-05-31,2026-06-20,IN,SYNTHETIC / DEMO ONLY. This record is safe educational data and is not evidence of a real attack.,Discovery,Network Service Scanning,,CAMP-06,2026-05-31
THR-2026-0687,2026-08-27T00:00:00,Synthetic Vulnerability Exposure Observation 687,VULNERABILITY EXPOSURE,EMAIL/SENDER DOMAIN,mail.example.org,Unknown Source,66,HIGH,69,CLOSED,2026-08-18,2026-08-27,IN,SYNTHETIC / DEMO ONLY. This record is safe educational data and is not evidence of a real attack.,Discovery,Network Service Scanning,,CAMP-07,2026-08-18
THR-2026-0688,2026-02-16T00:00:00,Synthetic Ransomware Observation 688,RANSOMWARE,URL,https://demo.invalid/threat/688,Internal SOC,45,HIGH,56,FALSE_POSITIVE,2026-02-07,2026-02-16,IN,SYNTHETIC / DEMO ONLY. This record is safe educational data and is not evidence of a real attack.,Initial Access,Phishing,,CAMP-08,2026-02-07
THR-2026-0689,2026-10-09T00:00:00,Synthetic Credential Threats Observation 689,CREDENTIAL THREATS,IP ADDRESS,198.51.100.182,Security Vendor,96,LOW,56,UNDER_REVIEW,2026-09-28,2026-10-09,IN,SYNTHETIC / DEMO ONLY. This record is safe educational data and is not evidence of a real attack.,Discovery,Network Service Scanning,,CAMP-09,2026-09-28
THR-2026-0690,2026-07-21T00:00:00,Synthetic Vulnerability Exposure Observation 690,VULNERABILITY EXPOSURE,IP ADDRESS,192.0.2.183,Unknown Source,84,HIGH,69,NEW,2026-07-19,2026-07-21,Demo,SYNTHETIC / DEMO ONLY. This record is safe educational data and is not evidence of a real attack.,Credential Access,Valid Accounts,,CAMP-10,2026-07-19
THR-2026-0691,2026-05-20T00:00:00,Synthetic Web Threats Observation 691,WEB THREATS,EMAIL/SENDER DOMAIN,alerts.example.net,Internal SOC,97,HIGH,75,NEW,2026-05-15,2026-05-20,US,SYNTHETIC / DEMO ONLY. This record is safe educational data and is not evidence of a real attack.,Discovery,Network Service Scanning,,CAMP-11,2026-05-15
THR-2026-0692,2026-06-06T00:00:00,Synthetic Malware Observation 692,MALWARE,DOMAIN,example.org,Community Submission,51,HIGH,70,UNDER_REVIEW,2026-05-11,2026-06-06,IN,SYNTHETIC / DEMO ONLY. This record is safe educational data and is not evidence of a real attack.,Discovery,Network Service Scanning,,CAMP-12,2026-05-11
THR-2026-0693,2026-06-28T00:00:00,Synthetic Credential Threats Observation 693,CREDENTIAL THREATS,URL,https://demo.invalid/threat/693,Internal SOC,59,LOW,64,MONITORING,2026-06-15,2026-06-28,Global,SYNTHETIC / DEMO ONLY. This record is safe educational data and is not evidence of a real attack.,, ,,CAMP-13,2026-06-15
THR-2026-0694,2026-08-05T00:00:00,Synthetic Phishing Observation 694,PHISHING,IP ADDRESS,198.51.100.187,Public Threat Feed,64,MEDIUM,63,CLOSED,2026-07-11,2026-08-05,IN,SYNTHETIC / DEMO ONLY. This record is safe educational data and is not evidence of a real attack.,Exfiltration,Exfiltration Over Web Service,,CAMP-14,2026-07-11
THR-2026-0695,2026-05-27T00:00:00,Synthetic Vulnerability Exposure Observation 695,VULNERABILITY EXPOSURE,IP ADDRESS,198.51.100.188,Internal SOC,57,LOW,56,MONITORING,2026-05-21,2026-05-27,EU,SYNTHETIC / DEMO ONLY. This record is safe educational data and is not evidence of a real attack.,Initial Access,Phishing,,CAMP-15,2026-05-21
THR-2026-0696,2026-09-16T00:00:00,Synthetic Ransomware Observation 696,RANSOMWARE,IP ADDRESS,203.0.113.189,Internal SOC,57,CRITICAL,66,UNDER_REVIEW,2026-09-05,2026-09-16,IN,SYNTHETIC / DEMO ONLY. This record is safe educational data and is not evidence of a real attack.,Persistence,Account Access Removal,,CAMP-16,2026-09-05
THR-2026-0697,2026-09-15T00:00:00,Synthetic Credential Threats Observation 697,CREDENTIAL THREATS,CVE ID,CVE-2026-1697,Community Submission,68,MEDIUM,60,MONITORING,2026-08-25,2026-09-15,EU,SYNTHETIC / DEMO ONLY. This record is safe educational data and is not evidence of a real attack.,Persistence,Account Access Removal,CVE-2026-1697,CAMP-17,2026-08-25
THR-2026-0698,2026-07-05T00:00:00,Synthetic Web Threats Observation 698,WEB THREATS,DOMAIN,example.org,Research Report,78,MEDIUM,63,CLOSED,2026-06-14,2026-07-05,US,SYNTHETIC / DEMO ONLY. This record is safe educational data and is not evidence of a real attack.,Discovery,Network Service Scanning,,CAMP-18,2026-06-14
THR-2026-0699,2026-03-20T00:00:00,Synthetic Phishing Observation 699,PHISHING,URL,https://demo.invalid/threat/699,Internal SOC,97,MEDIUM,63,CLOSED,2026-03-13,2026-03-20,IN,SYNTHETIC / DEMO ONLY. This record is safe educational data and is not evidence of a real attack.,, ,,CAMP-19,2026-03-13
THR-2026-0700,2026-01-01T00:00:00,Synthetic Phishing Observation 700,PHISHING,URL,https://demo.invalid/threat/700,Internal SOC,94,HIGH,77,CLOSED,2026-01-01,2026-01-01,Global,SYNTHETIC / DEMO ONLY. This record is safe educational data and is not evidence of a real attack.,Discovery,Network Service Scanning,,CAMP-20,2026-01-01
THR-2026-0701,2026-03-01T00:00:00,Synthetic Account Security Observation 701,ACCOUNT SECURITY,EMAIL/SENDER DOMAIN,alerts.example.net,Research Report,53,MEDIUM,51,NEW,2026-02-24,2026-03-01,EU,SYNTHETIC / DEMO ONLY. This record is safe educational data and is not evidence of a real attack.,Initial Access,Phishing,,CAMP-21,2026-02-24
THR-2026-0702,2026-02-11T00:00:00,Synthetic Web Threats Observation 702,WEB THREATS,FILE HASH,74e011022d7928d324d245a07210fb6379bdc6883cd68fdadaa189a40ddff5c1,Community Submission,72,MEDIUM,65,CLOSED,2026-01-18,2026-02-11,US,SYNTHETIC / DEMO ONLY. This record is safe educational data and is not evidence of a real attack.,Persistence,Account Access Removal,,CAMP-22,2026-01-18
THR-2026-0703,2026-07-02T00:00:00,Synthetic Web Threats Observation 703,WEB THREATS,IP ADDRESS,192.0.2.196,Security Vendor,95,LOW,64,UNDER_REVIEW,2026-06-09,2026-07-02,EU,SYNTHETIC / DEMO ONLY. This record is safe educational data and is not evidence of a real attack.,Initial Access,Phishing,,CAMP-23,2026-06-09
THR-2026-0704,2026-04-20T00:00:00,Synthetic Network Threats Observation 704,NETWORK THREATS,FILE HASH,81596159309b2614cd407497c01cb65347b53b888fdc081088c9184d1dba81ff,Public Threat Feed,89,LOW,64,FALSE_POSITIVE,2026-04-18,2026-04-20,EU,SYNTHETIC / DEMO ONLY. This record is safe educational data and is not evidence of a real attack.,Discovery,Network Service Scanning,,CAMP-24,2026-04-18
THR-2026-0705,2026-03-29T00:00:00,Synthetic Data Exposure Observation 705,DATA EXPOSURE,FILE HASH,96178663b075f2a9e3762f5645136351c8381a458701b48bfac8d4bb44e71145,Public Threat Feed,59,CRITICAL,84,UNDER_REVIEW,2026-03-17,2026-03-29,Global,SYNTHETIC / DEMO ONLY. This record is safe educational data and is not evidence of a real attack.,Exfiltration,Exfiltration Over Web Service,,CAMP-25,2026-03-17
THR-2026-0706,2026-01-24T00:00:00,Synthetic Vulnerability Exposure Observation 706,VULNERABILITY EXPOSURE,CVE ID,CVE-2026-1706,Internal SOC,71,CRITICAL,74,FALSE_POSITIVE,2026-01-19,2026-01-24,Demo,SYNTHETIC / DEMO ONLY. This record is safe educational data and is not evidence of a real attack.,Impact,Data Encrypted for Impact,CVE-2026-1706,CAMP-26,2026-01-19
THR-2026-0707,2026-10-13T00:00:00,Synthetic Account Security Observation 707,ACCOUNT SECURITY,IP ADDRESS,198.51.100.200,Public Threat Feed,84,HIGH,73,NEW,2026-09-29,2026-10-13,Demo,SYNTHETIC / DEMO ONLY. This record is safe educational data and is not evidence of a real attack.,Credential Access,Valid Accounts,,CAMP-27,2026-09-29
THR-2026-0708,2026-10-18T00:00:00,Synthetic Network Threats Observation 708,NETWORK THREATS,FILE HASH,e8ce48970965fdb8fc9ada90153b2f23ac7cfa59f7cb933362c3e805a098e1ff,Security Vendor,89,HIGH,79,UNDER_REVIEW,2026-09-21,2026-10-18,Demo,SYNTHETIC / DEMO ONLY. This record is safe educational data and is not evidence of a real attack.,Initial Access,Phishing,,CAMP-28,2026-09-21
THR-2026-0709,2026-01-21T00:00:00,Synthetic Web Threats Observation 709,WEB THREATS,URL,https://demo.invalid/threat/709,Internal SOC,54,LOW,54,FALSE_POSITIVE,2026-01-04,2026-01-21,Global,SYNTHETIC / DEMO ONLY. This record is safe educational data and is not evidence of a real attack.,Impact,Data Encrypted for Impact,,CAMP-29,2026-01-04
THR-2026-0710,2026-10-19T00:00:00,Synthetic Ransomware Observation 710,RANSOMWARE,URL,https://demo.invalid/threat/710,Internal SOC,54,HIGH,72,MONITORING,2026-09-29,2026-10-19,EU,SYNTHETIC / DEMO ONLY. This record is safe educational data and is not evidence of a real attack.,Command and Control,Application Layer Protocol,,CAMP-30,2026-09-29
THR-2026-0711,2026-02-14T00:00:00,Synthetic Malware Observation 711,MALWARE,URL,https://demo.invalid/threat/711,Unknown Source,51,HIGH,61,FALSE_POSITIVE,2026-01-25,2026-02-14,EU,SYNTHETIC / DEMO ONLY. This record is safe educational data and is not evidence of a real attack.,Persistence,Account Access Removal,,CAMP-31,2026-01-25
THR-2026-0712,2026-05-24T00:00:00,Synthetic Malware Observation 712,MALWARE,URL,https://demo.invalid/threat/712,Internal SOC,74,HIGH,69,UNDER_REVIEW,2026-05-24,2026-05-24,IN,SYNTHETIC / DEMO ONLY. This record is safe educational data and is not evidence of a real attack.,Impact,Data Encrypted for Impact,,CAMP-32,2026-05-24
THR-2026-0713,2026-04-24T00:00:00,Synthetic Malware Observation 713,MALWARE,URL,https://demo.invalid/threat/713,Unknown Source,68,LOW,54,UNDER_REVIEW,2026-04-15,2026-04-24,IN,SYNTHETIC / DEMO ONLY. This record is safe educational data and is not evidence of a real attack.,Discovery,Network Service Scanning,,CAMP-33,2026-04-15
THR-2026-0714,2026-01-18T00:00:00,Synthetic Vulnerability Exposure Observation 714,VULNERABILITY EXPOSURE,DOMAIN,demo.invalid,Unknown Source,82,MEDIUM,78,FALSE_POSITIVE,2026-01-04,2026-01-18,Demo,SYNTHETIC / DEMO ONLY. This record is safe educational data and is not evidence of a real attack.,Exfiltration,Exfiltration Over Web Service,,CAMP-34,2026-01-04
THR-2026-0715,2026-08-22T00:00:00,Synthetic Data Exposure Observation 715,DATA EXPOSURE,EMAIL/SENDER DOMAIN,mail.example.org,Public Threat Feed,97,HIGH,81,FALSE_POSITIVE,2026-07-23,2026-08-22,IN,SYNTHETIC / DEMO ONLY. This record is safe educational data and is not evidence of a real attack.,Discovery,Network Service Scanning,,CAMP-35,2026-07-23
THR-2026-0716,2026-08-21T00:00:00,Synthetic Data Exposure Observation 716,DATA EXPOSURE,EMAIL/SENDER DOMAIN,alerts.example.net,Community Submission,53,MEDIUM,50,UNDER_REVIEW,2026-08-13,2026-08-21,EU,SYNTHETIC / DEMO ONLY. This record is safe educational data and is not evidence of a real attack.,Exfiltration,Exfiltration Over Web Service,,CAMP-36,2026-08-13
THR-2026-0717,2026-01-21T00:00:00,Synthetic Account Security Observation 717,ACCOUNT SECURITY,DOMAIN,example.com,Unknown Source,81,LOW,52,FALSE_POSITIVE,2026-01-15,2026-01-21,EU,SYNTHETIC / DEMO ONLY. This record is safe educational data and is not evidence of a real attack.,Persistence,Account Access Removal,,CAMP-37,2026-01-15
THR-2026-0718,2026-07-26T00:00:00,Synthetic Data Exposure Observation 718,DATA EXPOSURE,URL,https://demo.invalid/threat/718,Community Submission,48,MEDIUM,61,NEW,2026-07-20,2026-07-26,EU,SYNTHETIC / DEMO ONLY. This record is safe educational data and is not evidence of a real attack.,Persistence,Account Access Removal,,CAMP-38,2026-07-20
THR-2026-0719,2026-07-23T00:00:00,Synthetic Account Security Observation 719,ACCOUNT SECURITY,IP ADDRESS,203.0.113.212,Community Submission,74,MEDIUM,52,UNDER_REVIEW,2026-07-05,2026-07-23,IN,SYNTHETIC / DEMO ONLY. This record is safe educational data and is not evidence of a real attack.,Exfiltration,Exfiltration Over Web Service,,CAMP-39,2026-07-05
THR-2026-0720,2026-06-13T00:00:00,Synthetic Vulnerability Exposure Observation 720,VULNERABILITY EXPOSURE,CVE ID,CVE-2026-1720,Public Threat Feed,92,HIGH,82,CLOSED,2026-06-01,2026-06-13,EU,SYNTHETIC / DEMO ONLY. This record is safe educational data and is not evidence of a real attack.,Impact,Data Encrypted for Impact,CVE-2026-1720,CAMP-00,2026-06-01
THR-2026-0721,2026-07-12T00:00:00,Synthetic Web Threats Observation 721,WEB THREATS,EMAIL/SENDER DOMAIN,mail.example.org,Unknown Source,98,LOW,65,NEW,2026-06-25,2026-07-12,US,SYNTHETIC / DEMO ONLY. This record is safe educational data and is not evidence of a real attack.,Exfiltration,Exfiltration Over Web Service,,CAMP-01,2026-06-25
THR-2026-0722,2026-03-22T00:00:00,Synthetic Data Exposure Observation 722,DATA EXPOSURE,DOMAIN,demo.invalid,Research Report,77,MEDIUM,63,NEW,2026-02-23,2026-03-22,Global,SYNTHETIC / DEMO ONLY. This record is safe educational data and is not evidence of a real attack.,Exfiltration,Exfiltration Over Web Service,,CAMP-02,2026-02-23
THR-2026-0723,2026-02-10T00:00:00,Synthetic Social Engineering Observation 723,SOCIAL ENGINEERING,URL,https://demo.invalid/threat/723,Internal SOC,61,HIGH,64,FALSE_POSITIVE,2026-01-21,2026-02-10,Demo,SYNTHETIC / DEMO ONLY. This record is safe educational data and is not evidence of a real attack.,Credential Access,Valid Accounts,,CAMP-03,2026-01-21
THR-2026-0724,2026-09-08T00:00:00,Synthetic Account Security Observation 724,ACCOUNT SECURITY,IP ADDRESS,198.51.100.217,Community Submission,92,HIGH,71,NEW,2026-08-31,2026-09-08,IN,SYNTHETIC / DEMO ONLY. This record is safe educational data and is not evidence of a real attack.,Exfiltration,Exfiltration Over Web Service,,CAMP-04,2026-08-31
THR-2026-0725,2026-03-22T00:00:00,Synthetic Web Threats Observation 725,WEB THREATS,DOMAIN,example.org,Internal SOC,58,LOW,43,CLOSED,2026-03-05,2026-03-22,Demo,SYNTHETIC / DEMO ONLY. This record is safe educational data and is not evidence of a real attack.,, ,,CAMP-05,2026-03-05
THR-2026-0726,2026-08-28T00:00:00,Synthetic Ransomware Observation 726,RANSOMWARE,DOMAIN,example.org,Community Submission,71,MEDIUM,62,NEW,2026-08-17,2026-08-28,Demo,SYNTHETIC / DEMO ONLY. This record is safe educational data and is not evidence of a real attack.,Credential Access,Valid Accounts,,CAMP-06,2026-08-17
THR-2026-0727,2026-01-20T00:00:00,Synthetic Network Threats Observation 727,NETWORK THREATS,EMAIL/SENDER DOMAIN,alerts.example.net,Research Report,63,LOW,59,CLOSED,2026-01-12,2026-01-20,Demo,SYNTHETIC / DEMO ONLY. This record is safe educational data and is not evidence of a real attack.,Impact,Data Encrypted for Impact,,CAMP-07,2026-01-12
THR-2026-0728,2026-03-12T00:00:00,Synthetic Credential Threats Observation 728,CREDENTIAL THREATS,CVE ID,CVE-2026-1728,Community Submission,93,MEDIUM,67,CLOSED,2026-02-27,2026-03-12,Global,SYNTHETIC / DEMO ONLY. This record is safe educational data and is not evidence of a real attack.,Impact,Data Encrypted for Impact,CVE-2026-1728,CAMP-08,2026-02-27
THR-2026-0729,2026-07-11T00:00:00,Synthetic Credential Threats Observation 729,CREDENTIAL THREATS,FILE HASH,85da27f0b8a149475dceb99eea18fdf5869f0e54279261a40d6cf8623a62caea,Unknown Source,67,HIGH,78,FALSE_POSITIVE,2026-06-16,2026-07-11,EU,SYNTHETIC / DEMO ONLY. This record is safe educational data and is not evidence of a real attack.,Initial Access,Phishing,,CAMP-09,2026-06-16
THR-2026-0730,2026-06-24T00:00:00,Synthetic Network Threats Observation 730,NETWORK THREATS,FILE HASH,29406fe28d705bb8deb3dd46f0efff0422f71b06a4576405242abe8c5007f08a,Security Vendor,79,HIGH,73,FALSE_POSITIVE,2026-06-22,2026-06-24,IN,SYNTHETIC / DEMO ONLY. This record is safe educational data and is not evidence of a real attack.,Exfiltration,Exfiltration Over Web Service,,CAMP-10,2026-06-22
THR-2026-0731,2026-09-06T00:00:00,Synthetic Vulnerability Exposure Observation 731,VULNERABILITY EXPOSURE,URL,https://demo.invalid/threat/731,Security Vendor,85,LOW,62,MONITORING,2026-08-19,2026-09-06,Global,SYNTHETIC / DEMO ONLY. This record is safe educational data and is not evidence of a real attack.,Initial Access,Phishing,,CAMP-11,2026-08-19
THR-2026-0732,2026-04-29T00:00:00,Synthetic Web Threats Observation 732,WEB THREATS,CVE ID,CVE-2026-1732,Security Vendor,76,MEDIUM,61,UNDER_REVIEW,2026-04-10,2026-04-29,US,SYNTHETIC / DEMO ONLY. This record is safe educational data and is not evidence of a real attack.,, ,CVE-2026-1732,CAMP-12,2026-04-10
THR-2026-0733,2026-04-09T00:00:00,Synthetic Malware Observation 733,MALWARE,EMAIL/SENDER DOMAIN,mail.example.org,Public Threat Feed,70,LOW,53,NEW,2026-03-20,2026-04-09,IN,SYNTHETIC / DEMO ONLY. This record is safe educational data and is not evidence of a real attack.,Discovery,Network Service Scanning,,CAMP-13,2026-03-20
THR-2026-0734,2026-05-02T00:00:00,Synthetic Account Security Observation 734,ACCOUNT SECURITY,DOMAIN,demo.invalid,Research Report,56,LOW,46,UNDER_REVIEW,2026-05-01,2026-05-02,IN,SYNTHETIC / DEMO ONLY. This record is safe educational data and is not evidence of a real attack.,Persistence,Account Access Removal,,CAMP-14,2026-05-01
THR-2026-0735,2026-02-28T00:00:00,Synthetic Network Threats Observation 735,NETWORK THREATS,CVE ID,CVE-2026-1735,Research Report,71,HIGH,62,FALSE_POSITIVE,2026-02-06,2026-02-28,Demo,SYNTHETIC / DEMO ONLY. This record is safe educational data and is not evidence of a real attack.,Impact,Data Encrypted for Impact,CVE-2026-1735,CAMP-15,2026-02-06
THR-2026-0736,2026-01-14T00:00:00,Synthetic Account Security Observation 736,ACCOUNT SECURITY,EMAIL/SENDER DOMAIN,mail.example.org,Community Submission,69,LOW,58,CLOSED,2026-01-09,2026-01-14,IN,SYNTHETIC / DEMO ONLY. This record is safe educational data and is not evidence of a real attack.,Credential Access,Valid Accounts,,CAMP-16,2026-01-09
THR-2026-0737,2026-04-19T00:00:00,Synthetic Network Threats Observation 737,NETWORK THREATS,IP ADDRESS,203.0.113.230,Community Submission,75,HIGH,72,FALSE_POSITIVE,2026-04-13,2026-04-19,IN,SYNTHETIC / DEMO ONLY. This record is safe educational data and is not evidence of a real attack.,Persistence,Account Access Removal,,CAMP-17,2026-04-13
THR-2026-0738,2026-07-01T00:00:00,Synthetic Data Exposure Observation 738,DATA EXPOSURE,DOMAIN,example.net,Unknown Source,45,CRITICAL,79,FALSE_POSITIVE,2026-06-12,2026-07-01,EU,SYNTHETIC / DEMO ONLY. This record is safe educational data and is not evidence of a real attack.,Credential Access,Valid Accounts,,CAMP-18,2026-06-12
THR-2026-0739,2026-02-21T00:00:00,Synthetic Vulnerability Exposure Observation 739,VULNERABILITY EXPOSURE,FILE HASH,f2366d7d14a5a1df14795620192214e96283d0b856a2d76667c49e81bc3949e3,Internal SOC,59,MEDIUM,54,CLOSED,2026-01-28,2026-02-21,Global,SYNTHETIC / DEMO ONLY. This record is safe educational data and is not evidence of a real attack.,Persistence,Account Access Removal,,CAMP-19,2026-01-28
THR-2026-0740,2026-05-10T00:00:00,Synthetic Network Threats Observation 740,NETWORK THREATS,DOMAIN,example.net,Community Submission,62,LOW,59,CLOSED,2026-04-17,2026-05-10,Demo,SYNTHETIC / DEMO ONLY. This record is safe educational data and is not evidence of a real attack.,Persistence,Account Access Removal,,CAMP-20,2026-04-17
THR-2026-0741,2026-09-20T00:00:00,Synthetic Credential Threats Observation 741,CREDENTIAL THREATS,IP ADDRESS,203.0.113.234,Research Report,67,LOW,52,UNDER_REVIEW,2026-08-21,2026-09-20,Demo,SYNTHETIC / DEMO ONLY. This record is safe educational data and is not evidence of a real attack.,Impact,Data Encrypted for Impact,,CAMP-21,2026-08-21
THR-2026-0742,2026-09-03T00:00:00,Synthetic Ransomware Observation 742,RANSOMWARE,IP ADDRESS,198.51.100.235,Research Report,91,CRITICAL,93,FALSE_POSITIVE,2026-08-17,2026-09-03,IN,SYNTHETIC / DEMO ONLY. This record is safe educational data and is not evidence of a real attack.,Exfiltration,Exfiltration Over Web Service,,CAMP-22,2026-08-17
THR-2026-0743,2026-04-04T00:00:00,Synthetic Ransomware Observation 743,RANSOMWARE,URL,https://demo.invalid/threat/743,Security Vendor,64,LOW,54,NEW,2026-04-02,2026-04-04,Global,SYNTHETIC / DEMO ONLY. This record is safe educational data and is not evidence of a real attack.,Exfiltration,Exfiltration Over Web Service,,CAMP-23,2026-04-02
THR-2026-0744,2026-08-22T00:00:00,Synthetic Phishing Observation 744,PHISHING,IP ADDRESS,203.0.113.237,Research Report,95,MEDIUM,68,FALSE_POSITIVE,2026-07-29,2026-08-22,EU,SYNTHETIC / DEMO ONLY. This record is safe educational data and is not evidence of a real attack.,Exfiltration,Exfiltration Over Web Service,,CAMP-24,2026-07-29
THR-2026-0745,2026-03-02T00:00:00,Synthetic Phishing Observation 745,PHISHING,DOMAIN,example.com,Unknown Source,71,MEDIUM,55,FALSE_POSITIVE,2026-02-05,2026-03-02,US,SYNTHETIC / DEMO ONLY. This record is safe educational data and is not evidence of a real attack.,, ,,CAMP-25,2026-02-05
THR-2026-0746,2026-06-06T00:00:00,Synthetic Malware Observation 746,MALWARE,EMAIL/SENDER DOMAIN,mail.example.org,Unknown Source,62,LOW,50,CLOSED,2026-05-31,2026-06-06,Demo,SYNTHETIC / DEMO ONLY. This record is safe educational data and is not evidence of a real attack.,Persistence,Account Access Removal,,CAMP-26,2026-05-31
THR-2026-0747,2026-10-03T00:00:00,Synthetic Social Engineering Observation 747,SOCIAL ENGINEERING,EMAIL/SENDER DOMAIN,mail.example.org,Public Threat Feed,87,HIGH,71,MONITORING,2026-09-19,2026-10-03,Global,SYNTHETIC / DEMO ONLY. This record is safe educational data and is not evidence of a real attack.,Initial Access,Phishing,,CAMP-27,2026-09-19
THR-2026-0748,2026-04-11T00:00:00,Synthetic Credential Threats Observation 748,CREDENTIAL THREATS,URL,https://demo.invalid/threat/748,Internal SOC,61,MEDIUM,50,FALSE_POSITIVE,2026-03-17,2026-04-11,Global,SYNTHETIC / DEMO ONLY. This record is safe educational data and is not evidence of a real attack.,Impact,Data Encrypted for Impact,,CAMP-28,2026-03-17
THR-2026-0749,2026-03-19T00:00:00,Synthetic Credential Threats Observation 749,CREDENTIAL THREATS,URL,https://demo.invalid/threat/749,Public Threat Feed,80,CRITICAL,67,UNDER_REVIEW,2026-03-14,2026-03-19,Demo,SYNTHETIC / DEMO ONLY. This record is safe educational data and is not evidence of a real attack.,, ,,CAMP-29,2026-03-14
THR-2026-0750,2026-10-16T00:00:00,Synthetic Data Exposure Observation 750,DATA EXPOSURE,DOMAIN,example.com,Internal SOC,65,MEDIUM,55,CLOSED,2026-09-25,2026-10-16,IN,SYNTHETIC / DEMO ONLY. This record is safe educational data and is not evidence of a real attack.,Discovery,Network Service Scanning,,CAMP-30,2026-09-25
THR-2026-0751,2026-08-10T00:00:00,Synthetic Account Security Observation 751,ACCOUNT SECURITY,EMAIL/SENDER DOMAIN,mail.example.org,Unknown Source,46,HIGH,58,UNDER_REVIEW,2026-08-04,2026-08-10,Global,SYNTHETIC / DEMO ONLY. This record is safe educational data and is not evidence of a real attack.,Impact,Data Encrypted for Impact,,CAMP-31,2026-08-04
THR-2026-0752,2026-03-17T00:00:00,Synthetic Phishing Observation 752,PHISHING,CVE ID,CVE-2026-1752,Unknown Source,46,LOW,48,NEW,2026-03-04,2026-03-17,Global,SYNTHETIC / DEMO ONLY. This record is safe educational data and is not evidence of a real attack.,, ,CVE-2026-1752,CAMP-32,2026-03-04
THR-2026-0753,2026-08-28T00:00:00,Synthetic Ransomware Observation 753,RANSOMWARE,URL,https://demo.invalid/threat/753,Internal SOC,97,HIGH,80,MONITORING,2026-08-23,2026-08-28,Global,SYNTHETIC / DEMO ONLY. This record is safe educational data and is not evidence of a real attack.,Credential Access,Valid Accounts,,CAMP-33,2026-08-23
THR-2026-0754,2026-03-30T00:00:00,Synthetic Malware Observation 754,MALWARE,FILE HASH,6367f12602236d529f6f85e9079184867f351fe8a7f3a5641e90ccd32765db23,Security Vendor,79,MEDIUM,67,UNDER_REVIEW,2026-03-19,2026-03-30,IN,SYNTHETIC / DEMO ONLY. This record is safe educational data and is not evidence of a real attack.,Impact,Data Encrypted for Impact,,CAMP-34,2026-03-19
THR-2026-0755,2026-04-27T00:00:00,Synthetic Malware Observation 755,MALWARE,IP ADDRESS,198.51.100.248,Internal SOC,96,HIGH,77,NEW,2026-04-16,2026-04-27,US,SYNTHETIC / DEMO ONLY. This record is safe educational data and is not evidence of a real attack.,Impact,Data Encrypted for Impact,,CAMP-35,2026-04-16
THR-2026-0756,2026-07-26T00:00:00,Synthetic Network Threats Observation 756,NETWORK THREATS,FILE HASH,f99c9511fed1ba2a510e14d783032c5bc018c5bbfca49c42817a4b2cab250dbb,Internal SOC,96,MEDIUM,65,NEW,2026-07-23,2026-07-26,IN,SYNTHETIC / DEMO ONLY. This record is safe educational data and is not evidence of a real attack.,Persistence,Account Access Removal,,CAMP-36,2026-07-23
THR-2026-0757,2026-02-02T00:00:00,Synthetic Account Security Observation 757,ACCOUNT SECURITY,DOMAIN,example.org,Community Submission,56,HIGH,65,UNDER_REVIEW,2026-01-29,2026-02-02,IN,SYNTHETIC / DEMO ONLY. This record is safe educational data and is not evidence of a real attack.,Discovery,Network Service Scanning,,CAMP-37,2026-01-29
THR-2026-0758,2026-09-26T00:00:00,Synthetic Social Engineering Observation 758,SOCIAL ENGINEERING,CVE ID,CVE-2026-1758,Public Threat Feed,59,HIGH,62,MONITORING,2026-09-09,2026-09-26,US,SYNTHETIC / DEMO ONLY. This record is safe educational data and is not evidence of a real attack.,Command and Control,Application Layer Protocol,CVE-2026-1758,CAMP-38,2026-09-09
THR-2026-0759,2026-09-20T00:00:00,Synthetic Credential Threats Observation 759,CREDENTIAL THREATS,CVE ID,CVE-2026-1759,Research Report,88,HIGH,78,FALSE_POSITIVE,2026-09-10,2026-09-20,Demo,SYNTHETIC / DEMO ONLY. This record is safe educational data and is not evidence of a real attack.,Persistence,Account Access Removal,CVE-2026-1759,CAMP-39,2026-09-10
THR-2026-0760,2026-03-04T00:00:00,Synthetic Vulnerability Exposure Observation 760,VULNERABILITY EXPOSURE,DOMAIN,example.org,Unknown Source,73,MEDIUM,65,UNDER_REVIEW,2026-02-15,2026-03-04,IN,SYNTHETIC / DEMO ONLY. This record is safe educational data and is not evidence of a real attack.,Initial Access,Phishing,,CAMP-00,2026-02-15
THR-2026-0761,2026-08-24T00:00:00,Synthetic Account Security Observation 761,ACCOUNT SECURITY,IP ADDRESS,203.0.113.254,Research Report,61,HIGH,74,FALSE_POSITIVE,2026-08-18,2026-08-24,Demo,SYNTHETIC / DEMO ONLY. This record is safe educational data and is not evidence of a real attack.,Exfiltration,Exfiltration Over Web Service,,CAMP-01,2026-08-18
THR-2026-0762,2026-08-19T00:00:00,Synthetic Network Threats Observation 762,NETWORK THREATS,FILE HASH,88771fe8ac499dfdc24bb737a9377217d5779d80beb045d27ae77c21091d6c26,Security Vendor,79,INFORMATIONAL,52,NEW,2026-07-21,2026-08-19,IN,SYNTHETIC / DEMO ONLY. This record is safe educational data and is not evidence of a real attack.,Command and Control,Application Layer Protocol,,CAMP-02,2026-07-21
THR-2026-0763,2026-09-17T00:00:00,Synthetic Vulnerability Exposure Observation 763,VULNERABILITY EXPOSURE,EMAIL/SENDER DOMAIN,alerts.example.net,Community Submission,50,HIGH,54,NEW,2026-08-27,2026-09-17,EU,SYNTHETIC / DEMO ONLY. This record is safe educational data and is not evidence of a real attack.,Credential Access,Valid Accounts,,CAMP-03,2026-08-27
THR-2026-0764,2026-10-21T00:00:00,Synthetic Web Threats Observation 764,WEB THREATS,FILE HASH,7decc09e602bda8cff33351cfe1415c1df6fe451c2563d4b0b46de7323da5dbc,Unknown Source,74,HIGH,76,CLOSED,2026-09-26,2026-10-21,IN,SYNTHETIC / DEMO ONLY. This record is safe educational data and is not evidence of a real attack.,Credential Access,Valid Accounts,,CAMP-04,2026-09-26
THR-2026-0765,2026-05-24T00:00:00,Synthetic Data Exposure Observation 765,DATA EXPOSURE,DOMAIN,example.net,Security Vendor,91,HIGH,76,UNDER_REVIEW,2026-05-04,2026-05-24,US,SYNTHETIC / DEMO ONLY. This record is safe educational data and is not evidence of a real attack.,Persistence,Account Access Removal,,CAMP-05,2026-05-04
THR-2026-0766,2026-10-31T00:00:00,Synthetic Social Engineering Observation 766,SOCIAL ENGINEERING,EMAIL/SENDER DOMAIN,alerts.example.net,Community Submission,88,LOW,63,MONITORING,2026-10-02,2026-10-31,EU,SYNTHETIC / DEMO ONLY. This record is safe educational data and is not evidence of a real attack.,Discovery,Network Service Scanning,,CAMP-06,2026-10-02
THR-2026-0767,2026-06-30T00:00:00,Synthetic Account Security Observation 767,ACCOUNT SECURITY,CVE ID,CVE-2026-1767,Community Submission,85,CRITICAL,83,NEW,2026-06-04,2026-06-30,Global,SYNTHETIC / DEMO ONLY. This record is safe educational data and is not evidence of a real attack.,Command and Control,Application Layer Protocol,CVE-2026-1767,CAMP-07,2026-06-04
THR-2026-0768,2026-09-28T00:00:00,Synthetic Social Engineering Observation 768,SOCIAL ENGINEERING,URL,https://demo.invalid/threat/768,Internal SOC,94,HIGH,72,NEW,2026-09-19,2026-09-28,EU,SYNTHETIC / DEMO ONLY. This record is safe educational data and is not evidence of a real attack.,Credential Access,Valid Accounts,,CAMP-08,2026-09-19
THR-2026-0769,2026-01-11T00:00:00,Synthetic Ransomware Observation 769,RANSOMWARE,URL,https://demo.invalid/threat/769,Community Submission,79,CRITICAL,84,FALSE_POSITIVE,2026-01-04,2026-01-11,US,SYNTHETIC / DEMO ONLY. This record is safe educational data and is not evidence of a real attack.,Discovery,Network Service Scanning,,CAMP-09,2026-01-04
THR-2026-0770,2026-08-23T00:00:00,Synthetic Vulnerability Exposure Observation 770,VULNERABILITY EXPOSURE,CVE ID,CVE-2026-1770,Internal SOC,70,LOW,51,NEW,2026-07-30,2026-08-23,US,SYNTHETIC / DEMO ONLY. This record is safe educational data and is not evidence of a real attack.,Discovery,Network Service Scanning,CVE-2026-1770,CAMP-10,2026-07-30
THR-2026-0771,2026-08-22T00:00:00,Synthetic Network Threats Observation 771,NETWORK THREATS,CVE ID,CVE-2026-1771,Internal SOC,75,HIGH,70,UNDER_REVIEW,2026-07-27,2026-08-22,Demo,SYNTHETIC / DEMO ONLY. This record is safe educational data and is not evidence of a real attack.,Persistence,Account Access Removal,CVE-2026-1771,CAMP-11,2026-07-27
THR-2026-0772,2026-02-16T00:00:00,Synthetic Phishing Observation 772,PHISHING,DOMAIN,example.org,Security Vendor,48,HIGH,61,CLOSED,2026-02-14,2026-02-16,Demo,SYNTHETIC / DEMO ONLY. This record is safe educational data and is not evidence of a real attack.,Impact,Data Encrypted for Impact,,CAMP-12,2026-02-14
THR-2026-0773,2026-01-28T00:00:00,Synthetic Vulnerability Exposure Observation 773,VULNERABILITY EXPOSURE,IP ADDRESS,198.51.100.12,Security Vendor,90,MEDIUM,69,FALSE_POSITIVE,2026-01-06,2026-01-28,Global,SYNTHETIC / DEMO ONLY. This record is safe educational data and is not evidence of a real attack.,Discovery,Network Service Scanning,,CAMP-13,2026-01-06
THR-2026-0774,2026-03-31T00:00:00,Synthetic Social Engineering Observation 774,SOCIAL ENGINEERING,CVE ID,CVE-2026-1774,Unknown Source,97,MEDIUM,63,UNDER_REVIEW,2026-03-21,2026-03-31,Demo,SYNTHETIC / DEMO ONLY. This record is safe educational data and is not evidence of a real attack.,Impact,Data Encrypted for Impact,CVE-2026-1774,CAMP-14,2026-03-21
THR-2026-0775,2026-10-01T00:00:00,Synthetic Ransomware Observation 775,RANSOMWARE,DOMAIN,example.org,Research Report,80,HIGH,76,UNDER_REVIEW,2026-09-28,2026-10-01,Demo,SYNTHETIC / DEMO ONLY. This record is safe educational data and is not evidence of a real attack.,Credential Access,Valid Accounts,,CAMP-15,2026-09-28
THR-2026-0776,2026-07-21T00:00:00,Synthetic Data Exposure Observation 776,DATA EXPOSURE,CVE ID,CVE-2026-1776,Community Submission,72,HIGH,73,NEW,2026-06-30,2026-07-21,Demo,SYNTHETIC / DEMO ONLY. This record is safe educational data and is not evidence of a real attack.,Credential Access,Valid Accounts,CVE-2026-1776,CAMP-16,2026-06-30
THR-2026-0777,2026-07-09T00:00:00,Synthetic Phishing Observation 777,PHISHING,EMAIL/SENDER DOMAIN,mail.example.org,Research Report,49,LOW,43,UNDER_REVIEW,2026-06-11,2026-07-09,Demo,SYNTHETIC / DEMO ONLY. This record is safe educational data and is not evidence of a real attack.,Persistence,Account Access Removal,,CAMP-17,2026-06-11
THR-2026-0778,2026-08-28T00:00:00,Synthetic Network Threats Observation 778,NETWORK THREATS,IP ADDRESS,192.0.2.17,Research Report,80,INFORMATIONAL,49,FALSE_POSITIVE,2026-08-08,2026-08-28,EU,SYNTHETIC / DEMO ONLY. This record is safe educational data and is not evidence of a real attack.,Persistence,Account Access Removal,,CAMP-18,2026-08-08
THR-2026-0779,2026-07-21T00:00:00,Synthetic Vulnerability Exposure Observation 779,VULNERABILITY EXPOSURE,DOMAIN,example.net,Research Report,83,MEDIUM,75,CLOSED,2026-07-12,2026-07-21,EU,SYNTHETIC / DEMO ONLY. This record is safe educational data and is not evidence of a real attack.,Impact,Data Encrypted for Impact,,CAMP-19,2026-07-12
THR-2026-0780,2026-08-03T00:00:00,Synthetic Network Threats Observation 780,NETWORK THREATS,CVE ID,CVE-2026-1780,Research Report,70,CRITICAL,69,CLOSED,2026-07-09,2026-08-03,IN,SYNTHETIC / DEMO ONLY. This record is safe educational data and is not evidence of a real attack.,Initial Access,Phishing,CVE-2026-1780,CAMP-20,2026-07-09
THR-2026-0781,2026-09-01T00:00:00,Synthetic Ransomware Observation 781,RANSOMWARE,CVE ID,CVE-2026-1781,Unknown Source,82,MEDIUM,70,CLOSED,2026-08-17,2026-09-01,IN,SYNTHETIC / DEMO ONLY. This record is safe educational data and is not evidence of a real attack.,Exfiltration,Exfiltration Over Web Service,CVE-2026-1781,CAMP-21,2026-08-17
THR-2026-0782,2026-10-07T00:00:00,Synthetic Data Exposure Observation 782,DATA EXPOSURE,EMAIL/SENDER DOMAIN,mail.example.org,Security Vendor,80,HIGH,71,CLOSED,2026-09-09,2026-10-07,Demo,SYNTHETIC / DEMO ONLY. This record is safe educational data and is not evidence of a real attack.,Persistence,Account Access Removal,,CAMP-22,2026-09-09
THR-2026-0783,2026-09-25T00:00:00,Synthetic Phishing Observation 783,PHISHING,EMAIL/SENDER DOMAIN,mail.example.org,Security Vendor,56,LOW,46,NEW,2026-09-19,2026-09-25,Global,SYNTHETIC / DEMO ONLY. This record is safe educational data and is not evidence of a real attack.,Credential Access,Valid Accounts,,CAMP-23,2026-09-19
THR-2026-0784,2026-01-28T00:00:00,Synthetic Network Threats Observation 784,NETWORK THREATS,URL,https://demo.invalid/threat/784,Unknown Source,60,HIGH,67,MONITORING,2026-01-21,2026-01-28,Demo,SYNTHETIC / DEMO ONLY. This record is safe educational data and is not evidence of a real attack.,Exfiltration,Exfiltration Over Web Service,,CAMP-24,2026-01-21
THR-2026-0785,2026-06-12T00:00:00,Synthetic Data Exposure Observation 785,DATA EXPOSURE,URL,https://demo.invalid/threat/785,Unknown Source,84,MEDIUM,75,CLOSED,2026-06-05,2026-06-12,US,SYNTHETIC / DEMO ONLY. This record is safe educational data and is not evidence of a real attack.,Impact,Data Encrypted for Impact,,CAMP-25,2026-06-05
THR-2026-0786,2026-08-16T00:00:00,Synthetic Account Security Observation 786,ACCOUNT SECURITY,FILE HASH,fe088f3d26f6fc59b5dbea74bea935dc33efc4260fda66ff6470610fd5516341,Internal SOC,72,MEDIUM,62,FALSE_POSITIVE,2026-07-29,2026-08-16,Demo,SYNTHETIC / DEMO ONLY. This record is safe educational data and is not evidence of a real attack.,, ,,CAMP-26,2026-07-29
THR-2026-0787,2026-06-05T00:00:00,Synthetic Ransomware Observation 787,RANSOMWARE,CVE ID,CVE-2026-1787,Unknown Source,83,CRITICAL,81,CLOSED,2026-05-17,2026-06-05,EU,SYNTHETIC / DEMO ONLY. This record is safe educational data and is not evidence of a real attack.,Initial Access,Phishing,CVE-2026-1787,CAMP-27,2026-05-17
THR-2026-0788,2026-05-12T00:00:00,Synthetic Malware Observation 788,MALWARE,DOMAIN,demo.invalid,Unknown Source,73,HIGH,64,UNDER_REVIEW,2026-04-29,2026-05-12,EU,SYNTHETIC / DEMO ONLY. This record is safe educational data and is not evidence of a real attack.,Impact,Data Encrypted for Impact,,CAMP-28,2026-04-29
THR-2026-0789,2026-02-24T00:00:00,Synthetic Account Security Observation 789,ACCOUNT SECURITY,FILE HASH,e44a032fee5028b2ab3e42ea9ab6755776041e4fdd448e59bb133a37a3c68316,Security Vendor,86,HIGH,72,FALSE_POSITIVE,2026-02-11,2026-02-24,EU,SYNTHETIC / DEMO ONLY. This record is safe educational data and is not evidence of a real attack.,Persistence,Account Access Removal,,CAMP-29,2026-02-11
THR-2026-0790,2026-05-28T00:00:00,Synthetic Social Engineering Observation 790,SOCIAL ENGINEERING,DOMAIN,example.com,Unknown Source,56,HIGH,73,NEW,2026-04-29,2026-05-28,IN,SYNTHETIC / DEMO ONLY. This record is safe educational data and is not evidence of a real attack.,, ,,CAMP-30,2026-04-29
THR-2026-0791,2026-09-09T00:00:00,Synthetic Network Threats Observation 791,NETWORK THREATS,DOMAIN,example.org,Internal SOC,74,MEDIUM,67,CLOSED,2026-08-17,2026-09-09,Demo,SYNTHETIC / DEMO ONLY. This record is safe educational data and is not evidence of a real attack.,Discovery,Network Service Scanning,,CAMP-31,2026-08-17
THR-2026-0792,2026-05-24T00:00:00,Synthetic Credential Threats Observation 792,CREDENTIAL THREATS,CVE ID,CVE-2026-1792,Unknown Source,64,MEDIUM,56,MONITORING,2026-05-16,2026-05-24,IN,SYNTHETIC / DEMO ONLY. This record is safe educational data and is not evidence of a real attack.,Initial Access,Phishing,CVE-2026-1792,CAMP-32,2026-05-16
THR-2026-0793,2026-08-28T00:00:00,Synthetic Ransomware Observation 793,RANSOMWARE,FILE HASH,5b63b2e506a77fd7357c2cc986341c929e045f1d9febc7ccf0247bea571aac21,Security Vendor,54,MEDIUM,65,CLOSED,2026-08-04,2026-08-28,EU,SYNTHETIC / DEMO ONLY. This record is safe educational data and is not evidence of a real attack.,Credential Access,Valid Accounts,,CAMP-33,2026-08-04
THR-2026-0794,2026-05-14T00:00:00,Synthetic Vulnerability Exposure Observation 794,VULNERABILITY EXPOSURE,FILE HASH,7bbc2bea6728161feecd16df47a5be7f423d8120d6d356402c14cdeeb2d9594e,Unknown Source,86,LOW,61,CLOSED,2026-04-16,2026-05-14,Demo,SYNTHETIC / DEMO ONLY. This record is safe educational data and is not evidence of a real attack.,Exfiltration,Exfiltration Over Web Service,,CAMP-34,2026-04-16
THR-2026-0795,2026-05-14T00:00:00,Synthetic Data Exposure Observation 795,DATA EXPOSURE,URL,https://demo.invalid/threat/795,Unknown Source,71,LOW,61,CLOSED,2026-04-17,2026-05-14,Global,SYNTHETIC / DEMO ONLY. This record is safe educational data and is not evidence of a real attack.,Persistence,Account Access Removal,,CAMP-35,2026-04-17
THR-2026-0796,2026-09-18T00:00:00,Synthetic Account Security Observation 796,ACCOUNT SECURITY,CVE ID,CVE-2026-1796,Internal SOC,49,CRITICAL,73,FALSE_POSITIVE,2026-08-30,2026-09-18,US,SYNTHETIC / DEMO ONLY. This record is safe educational data and is not evidence of a real attack.,Initial Access,Phishing,CVE-2026-1796,CAMP-36,2026-08-30
THR-2026-0797,2026-08-21T00:00:00,Synthetic Account Security Observation 797,ACCOUNT SECURITY,URL,https://demo.invalid/threat/797,Security Vendor,52,HIGH,69,FALSE_POSITIVE,2026-08-11,2026-08-21,Global,SYNTHETIC / DEMO ONLY. This record is safe educational data and is not evidence of a real attack.,Command and Control,Application Layer Protocol,,CAMP-37,2026-08-11
THR-2026-0798,2026-09-12T00:00:00,Synthetic Ransomware Observation 798,RANSOMWARE,IP ADDRESS,192.0.2.37,Unknown Source,87,HIGH,70,FALSE_POSITIVE,2026-08-31,2026-09-12,Global,SYNTHETIC / DEMO ONLY. This record is safe educational data and is not evidence of a real attack.,, ,,CAMP-38,2026-08-31
THR-2026-0799,2026-10-11T00:00:00,Synthetic Data Exposure Observation 799,DATA EXPOSURE,URL,https://demo.invalid/threat/799,Security Vendor,45,MEDIUM,62,NEW,2026-10-08,2026-10-11,Global,SYNTHETIC / DEMO ONLY. This record is safe educational data and is not evidence of a real attack.,Discovery,Network Service Scanning,,CAMP-39,2026-10-08
THR-2026-0800,2026-10-10T00:00:00,Synthetic Credential Threats Observation 800,CREDENTIAL THREATS,FILE HASH,7c1a9234bf17f1d65ceb361d035a8c597973aba6117bf1c675e5a13b7941714f,Unknown Source,47,HIGH,62,MONITORING,2026-10-08,2026-10-10,EU,SYNTHETIC / DEMO ONLY. This record is safe educational data and is not evidence of a real attack.,Persistence,Account Access Removal,,CAMP-00,2026-10-08
THR-2026-0801,2026-04-29T00:00:00,Synthetic Network Threats Observation 801,NETWORK THREATS,URL,https://demo.invalid/threat/801,Community Submission,79,LOW,52,FALSE_POSITIVE,2026-04-13,2026-04-29,IN,SYNTHETIC / DEMO ONLY. This record is safe educational data and is not evidence of a real attack.,Persistence,Account Access Removal,,CAMP-01,2026-04-13
THR-2026-0802,2026-06-07T00:00:00,Synthetic Social Engineering Observation 802,SOCIAL ENGINEERING,IP ADDRESS,203.0.113.41,Internal SOC,49,MEDIUM,52,CLOSED,2026-05-08,2026-06-07,EU,SYNTHETIC / DEMO ONLY. This record is safe educational data and is not evidence of a real attack.,Exfiltration,Exfiltration Over Web Service,,CAMP-02,2026-05-08
THR-2026-0803,2026-03-10T00:00:00,Synthetic Phishing Observation 803,PHISHING,DOMAIN,demo.invalid,Unknown Source,64,HIGH,72,CLOSED,2026-03-04,2026-03-10,EU,SYNTHETIC / DEMO ONLY. This record is safe educational data and is not evidence of a real attack.,, ,,CAMP-03,2026-03-04
THR-2026-0804,2026-08-14T00:00:00,Synthetic Ransomware Observation 804,RANSOMWARE,URL,https://demo.invalid/threat/804,Internal SOC,55,LOW,60,UNDER_REVIEW,2026-08-08,2026-08-14,US,SYNTHETIC / DEMO ONLY. This record is safe educational data and is not evidence of a real attack.,Impact,Data Encrypted for Impact,,CAMP-04,2026-08-08
THR-2026-0805,2026-07-31T00:00:00,Synthetic Credential Threats Observation 805,CREDENTIAL THREATS,URL,https://demo.invalid/threat/805,Public Threat Feed,96,MEDIUM,78,CLOSED,2026-07-08,2026-07-31,US,SYNTHETIC / DEMO ONLY. This record is safe educational data and is not evidence of a real attack.,Impact,Data Encrypted for Impact,,CAMP-05,2026-07-08
THR-2026-0806,2026-07-08T00:00:00,Synthetic Ransomware Observation 806,RANSOMWARE,IP ADDRESS,198.51.100.45,Security Vendor,67,MEDIUM,60,FALSE_POSITIVE,2026-07-02,2026-07-08,IN,SYNTHETIC / DEMO ONLY. This record is safe educational data and is not evidence of a real attack.,Credential Access,Valid Accounts,,CAMP-06,2026-07-02
THR-2026-0807,2026-02-28T00:00:00,Synthetic Malware Observation 807,MALWARE,DOMAIN,demo.invalid,Security Vendor,64,HIGH,81,UNDER_REVIEW,2026-02-01,2026-02-28,EU,SYNTHETIC / DEMO ONLY. This record is safe educational data and is not evidence of a real attack.,Initial Access,Phishing,,CAMP-07,2026-02-01
THR-2026-0808,2026-01-31T00:00:00,Synthetic Network Threats Observation 808,NETWORK THREATS,DOMAIN,demo.invalid,Community Submission,91,MEDIUM,68,NEW,2026-01-22,2026-01-31,IN,SYNTHETIC / DEMO ONLY. This record is safe educational data and is not evidence of a real attack.,Credential Access,Valid Accounts,,CAMP-08,2026-01-22
THR-2026-0809,2026-02-15T00:00:00,Synthetic Credential Threats Observation 809,CREDENTIAL THREATS,FILE HASH,675e1dffe24e6ddedeaee1c48bc94843352cfe18b345af123e6aceb9398f6383,Unknown Source,77,LOW,56,NEW,2026-02-10,2026-02-15,Demo,SYNTHETIC / DEMO ONLY. This record is safe educational data and is not evidence of a real attack.,, ,,CAMP-09,2026-02-10
THR-2026-0810,2026-03-06T00:00:00,Synthetic Ransomware Observation 810,RANSOMWARE,EMAIL/SENDER DOMAIN,mail.example.org,Security Vendor,54,HIGH,73,UNDER_REVIEW,2026-02-08,2026-03-06,IN,SYNTHETIC / DEMO ONLY. This record is safe educational data and is not evidence of a real attack.,Persistence,Account Access Removal,,CAMP-10,2026-02-08
THR-2026-0811,2026-03-11T00:00:00,Synthetic Malware Observation 811,MALWARE,URL,https://demo.invalid/threat/811,Community Submission,89,HIGH,71,UNDER_REVIEW,2026-03-09,2026-03-11,Demo,SYNTHETIC / DEMO ONLY. This record is safe educational data and is not evidence of a real attack.,Command and Control,Application Layer Protocol,,CAMP-11,2026-03-09
THR-2026-0812,2026-05-22T00:00:00,Synthetic Credential Threats Observation 812,CREDENTIAL THREATS,URL,https://demo.invalid/threat/812,Security Vendor,66,HIGH,63,MONITORING,2026-05-22,2026-05-22,EU,SYNTHETIC / DEMO ONLY. This record is safe educational data and is not evidence of a real attack.,Credential Access,Valid Accounts,,CAMP-12,2026-05-22
THR-2026-0813,2026-09-09T00:00:00,Synthetic Malware Observation 813,MALWARE,FILE HASH,d0752f158d1f48671492329428b4e3219efd02fbeddd54aca2e96bbb44612158,Unknown Source,94,MEDIUM,61,MONITORING,2026-08-11,2026-09-09,EU,SYNTHETIC / DEMO ONLY. This record is safe educational data and is not evidence of a real attack.,Discovery,Network Service Scanning,,CAMP-13,2026-08-11
THR-2026-0814,2026-03-23T00:00:00,Synthetic Data Exposure Observation 814,DATA EXPOSURE,CVE ID,CVE-2026-1814,Community Submission,89,MEDIUM,59,FALSE_POSITIVE,2026-03-16,2026-03-23,EU,SYNTHETIC / DEMO ONLY. This record is safe educational data and is not evidence of a real attack.,Credential Access,Valid Accounts,CVE-2026-1814,CAMP-14,2026-03-16
THR-2026-0815,2026-01-09T00:00:00,Synthetic Malware Observation 815,MALWARE,EMAIL/SENDER DOMAIN,mail.example.org,Security Vendor,54,LOW,56,FALSE_POSITIVE,2026-01-05,2026-01-09,EU,SYNTHETIC / DEMO ONLY. This record is safe educational data and is not evidence of a real attack.,Command and Control,Application Layer Protocol,,CAMP-15,2026-01-05
THR-2026-0816,2026-07-20T00:00:00,Synthetic Account Security Observation 816,ACCOUNT SECURITY,FILE HASH,61b1babb322a67bb3a7bc6d13f67872819fa710e458ace45d1ddddcd6c6243d9,Unknown Source,80,LOW,51,MONITORING,2026-07-16,2026-07-20,IN,SYNTHETIC / DEMO ONLY. This record is safe educational data and is not evidence of a real attack.,Impact,Data Encrypted for Impact,,CAMP-16,2026-07-16
THR-2026-0817,2026-03-14T00:00:00,Synthetic Ransomware Observation 817,RANSOMWARE,FILE HASH,8ca9ef95fee63779573fabdc7868e959216ae4f2b373735db8ba0eed43313e8e,Community Submission,74,MEDIUM,61,MONITORING,2026-03-12,2026-03-14,US,SYNTHETIC / DEMO ONLY. This record is safe educational data and is not evidence of a real attack.,Impact,Data Encrypted for Impact,,CAMP-17,2026-03-12
THR-2026-0818,2026-10-01T00:00:00,Synthetic Social Engineering Observation 818,SOCIAL ENGINEERING,DOMAIN,example.org,Internal SOC,58,MEDIUM,60,NEW,2026-09-19,2026-10-01,Demo,SYNTHETIC / DEMO ONLY. This record is safe educational data and is not evidence of a real attack.,Command and Control,Application Layer Protocol,,CAMP-18,2026-09-19
THR-2026-0819,2026-08-09T00:00:00,Synthetic Credential Threats Observation 819,CREDENTIAL THREATS,FILE HASH,87dafe186e82a57aec14849a7255cc40c37c8d12a35621ed3aa89d999c185d57,Security Vendor,55,HIGH,66,CLOSED,2026-08-02,2026-08-09,Demo,SYNTHETIC / DEMO ONLY. This record is safe educational data and is not evidence of a real attack.,Persistence,Account Access Removal,,CAMP-19,2026-08-02
THR-2026-0820,2026-06-14T00:00:00,Synthetic Account Security Observation 820,ACCOUNT SECURITY,EMAIL/SENDER DOMAIN,mail.example.org,Research Report,84,HIGH,71,CLOSED,2026-06-06,2026-06-14,Demo,SYNTHETIC / DEMO ONLY. This record is safe educational data and is not evidence of a real attack.,Exfiltration,Exfiltration Over Web Service,,CAMP-20,2026-06-06
THR-2026-0821,2026-09-03T00:00:00,Synthetic Malware Observation 821,MALWARE,EMAIL/SENDER DOMAIN,mail.example.org,Security Vendor,86,HIGH,80,CLOSED,2026-08-04,2026-09-03,Demo,SYNTHETIC / DEMO ONLY. This record is safe educational data and is not evidence of a real attack.,, ,,CAMP-21,2026-08-04
THR-2026-0822,2026-07-05T00:00:00,Synthetic Vulnerability Exposure Observation 822,VULNERABILITY EXPOSURE,FILE HASH,6a649543ca54957e32c8eed1416755a14a04ab3c5328064edd3d3e6041d80073,Research Report,89,LOW,58,CLOSED,2026-06-07,2026-07-05,EU,SYNTHETIC / DEMO ONLY. This record is safe educational data and is not evidence of a real attack.,Command and Control,Application Layer Protocol,,CAMP-22,2026-06-07
THR-2026-0823,2026-10-04T00:00:00,Synthetic Malware Observation 823,MALWARE,URL,https://demo.invalid/threat/823,Public Threat Feed,67,MEDIUM,63,MONITORING,2026-10-02,2026-10-04,Global,SYNTHETIC / DEMO ONLY. This record is safe educational data and is not evidence of a real attack.,Discovery,Network Service Scanning,,CAMP-23,2026-10-02
THR-2026-0824,2026-09-13T00:00:00,Synthetic Data Exposure Observation 824,DATA EXPOSURE,EMAIL/SENDER DOMAIN,alerts.example.net,Internal SOC,60,CRITICAL,80,UNDER_REVIEW,2026-08-31,2026-09-13,Demo,SYNTHETIC / DEMO ONLY. This record is safe educational data and is not evidence of a real attack.,Persistence,Account Access Removal,,CAMP-24,2026-08-31
THR-2026-0825,2026-08-07T00:00:00,Synthetic Ransomware Observation 825,RANSOMWARE,DOMAIN,example.net,Internal SOC,72,MEDIUM,63,MONITORING,2026-08-01,2026-08-07,EU,SYNTHETIC / DEMO ONLY. This record is safe educational data and is not evidence of a real attack.,, ,,CAMP-25,2026-08-01
THR-2026-0826,2026-09-08T00:00:00,Synthetic Credential Threats Observation 826,CREDENTIAL THREATS,URL,https://demo.invalid/threat/826,Research Report,98,HIGH,78,FALSE_POSITIVE,2026-08-09,2026-09-08,EU,SYNTHETIC / DEMO ONLY. This record is safe educational data and is not evidence of a real attack.,Persistence,Account Access Removal,,CAMP-26,2026-08-09
THR-2026-0827,2026-04-20T00:00:00,Synthetic Social Engineering Observation 827,SOCIAL ENGINEERING,EMAIL/SENDER DOMAIN,mail.example.org,Internal SOC,73,HIGH,66,MONITORING,2026-03-28,2026-04-20,Demo,SYNTHETIC / DEMO ONLY. This record is safe educational data and is not evidence of a real attack.,Exfiltration,Exfiltration Over Web Service,,CAMP-27,2026-03-28
THR-2026-0828,2026-03-13T00:00:00,Synthetic Credential Threats Observation 828,CREDENTIAL THREATS,URL,https://demo.invalid/threat/828,Public Threat Feed,64,LOW,54,UNDER_REVIEW,2026-03-04,2026-03-13,IN,SYNTHETIC / DEMO ONLY. This record is safe educational data and is not evidence of a real attack.,Persistence,Account Access Removal,,CAMP-28,2026-03-04
THR-2026-0829,2026-03-19T00:00:00,Synthetic Malware Observation 829,MALWARE,DOMAIN,demo.invalid,Public Threat Feed,88,HIGH,68,NEW,2026-02-27,2026-03-19,Global,SYNTHETIC / DEMO ONLY. This record is safe educational data and is not evidence of a real attack.,Credential Access,Valid Accounts,,CAMP-29,2026-02-27
THR-2026-0830,2026-10-11T00:00:00,Synthetic Phishing Observation 830,PHISHING,EMAIL/SENDER DOMAIN,alerts.example.net,Community Submission,75,MEDIUM,73,MONITORING,2026-09-26,2026-10-11,IN,SYNTHETIC / DEMO ONLY. This record is safe educational data and is not evidence of a real attack.,Command and Control,Application Layer Protocol,,CAMP-30,2026-09-26
THR-2026-0831,2026-07-24T00:00:00,Synthetic Web Threats Observation 831,WEB THREATS,DOMAIN,example.net,Security Vendor,84,HIGH,70,FALSE_POSITIVE,2026-07-04,2026-07-24,IN,SYNTHETIC / DEMO ONLY. This record is safe educational data and is not evidence of a real attack.,Exfiltration,Exfiltration Over Web Service,,CAMP-31,2026-07-04
THR-2026-0832,2026-02-15T00:00:00,Synthetic Data Exposure Observation 832,DATA EXPOSURE,FILE HASH,1b2028bee743fff65719cb0349372d20d485a19d1e2363d964e955d08a6c8aa6,Public Threat Feed,96,HIGH,71,UNDER_REVIEW,2026-01-30,2026-02-15,IN,SYNTHETIC / DEMO ONLY. This record is safe educational data and is not evidence of a real attack.,Exfiltration,Exfiltration Over Web Service,,CAMP-32,2026-01-30
THR-2026-0833,2026-10-08T00:00:00,Synthetic Credential Threats Observation 833,CREDENTIAL THREATS,EMAIL/SENDER DOMAIN,mail.example.org,Security Vendor,47,MEDIUM,58,NEW,2026-09-20,2026-10-08,EU,SYNTHETIC / DEMO ONLY. This record is safe educational data and is not evidence of a real attack.,Credential Access,Valid Accounts,,CAMP-33,2026-09-20
THR-2026-0834,2026-08-09T00:00:00,Synthetic Phishing Observation 834,PHISHING,DOMAIN,example.com,Research Report,54,MEDIUM,56,UNDER_REVIEW,2026-07-12,2026-08-09,US,SYNTHETIC / DEMO ONLY. This record is safe educational data and is not evidence of a real attack.,Command and Control,Application Layer Protocol,,CAMP-34,2026-07-12
THR-2026-0835,2026-05-17T00:00:00,Synthetic Vulnerability Exposure Observation 835,VULNERABILITY EXPOSURE,URL,https://demo.invalid/threat/835,Security Vendor,69,CRITICAL,69,CLOSED,2026-05-09,2026-05-17,Global,SYNTHETIC / DEMO ONLY. This record is safe educational data and is not evidence of a real attack.,Discovery,Network Service Scanning,,CAMP-35,2026-05-09
THR-2026-0836,2026-03-28T00:00:00,Synthetic Vulnerability Exposure Observation 836,VULNERABILITY EXPOSURE,URL,https://demo.invalid/threat/836,Community Submission,75,CRITICAL,76,MONITORING,2026-03-15,2026-03-28,Global,SYNTHETIC / DEMO ONLY. This record is safe educational data and is not evidence of a real attack.,Discovery,Network Service Scanning,,CAMP-36,2026-03-15
THR-2026-0837,2026-09-27T00:00:00,Synthetic Social Engineering Observation 837,SOCIAL ENGINEERING,CVE ID,CVE-2026-1837,Internal SOC,47,HIGH,57,UNDER_REVIEW,2026-09-15,2026-09-27,US,SYNTHETIC / DEMO ONLY. This record is safe educational data and is not evidence of a real attack.,Discovery,Network Service Scanning,CVE-2026-1837,CAMP-37,2026-09-15
THR-2026-0838,2026-02-05T00:00:00,Synthetic Web Threats Observation 838,WEB THREATS,FILE HASH,bcf8fbdada68391ba1b7641c44fa9436667f3833bc4f20e97c2120dd3c5c6974,Public Threat Feed,82,HIGH,73,CLOSED,2026-01-07,2026-02-05,IN,SYNTHETIC / DEMO ONLY. This record is safe educational data and is not evidence of a real attack.,Credential Access,Valid Accounts,,CAMP-38,2026-01-07
THR-2026-0839,2026-07-23T00:00:00,Synthetic Web Threats Observation 839,WEB THREATS,DOMAIN,example.net,Research Report,86,LOW,62,FALSE_POSITIVE,2026-06-28,2026-07-23,Global,SYNTHETIC / DEMO ONLY. This record is safe educational data and is not evidence of a real attack.,, ,,CAMP-39,2026-06-28
THR-2026-0840,2026-01-25T00:00:00,Synthetic Network Threats Observation 840,NETWORK THREATS,CVE ID,CVE-2026-1840,Research Report,61,MEDIUM,57,MONITORING,2026-01-01,2026-01-25,IN,SYNTHETIC / DEMO ONLY. This record is safe educational data and is not evidence of a real attack.,Exfiltration,Exfiltration Over Web Service,CVE-2026-1840,CAMP-00,2026-01-01
THR-2026-0841,2026-02-27T00:00:00,Synthetic Vulnerability Exposure Observation 841,VULNERABILITY EXPOSURE,FILE HASH,9a0ceb8969d1372f616bd96995bcb6b08c992e03987d65a36aba72682939f1c0,Research Report,70,MEDIUM,61,UNDER_REVIEW,2026-01-29,2026-02-27,US,SYNTHETIC / DEMO ONLY. This record is safe educational data and is not evidence of a real attack.,Discovery,Network Service Scanning,,CAMP-01,2026-01-29
THR-2026-0842,2026-08-07T00:00:00,Synthetic Phishing Observation 842,PHISHING,FILE HASH,6854a135ed4e4bdd2f523ce7545bf63bafeeb00f98194b08999dc3214f019259,Security Vendor,61,LOW,51,UNDER_REVIEW,2026-07-26,2026-08-07,IN,SYNTHETIC / DEMO ONLY. This record is safe educational data and is not evidence of a real attack.,Initial Access,Phishing,,CAMP-02,2026-07-26
THR-2026-0843,2026-08-12T00:00:00,Synthetic Credential Threats Observation 843,CREDENTIAL THREATS,FILE HASH,343fa5a0658dd9e969ba24a5f203e6a1dfa8c9e96fad649fe09ff6264e393c22,Public Threat Feed,51,LOW,53,UNDER_REVIEW,2026-08-02,2026-08-12,Global,SYNTHETIC / DEMO ONLY. This record is safe educational data and is not evidence of a real attack.,Command and Control,Application Layer Protocol,,CAMP-03,2026-08-02
THR-2026-0844,2026-10-01T00:00:00,Synthetic Web Threats Observation 844,WEB THREATS,IP ADDRESS,203.0.113.83,Security Vendor,75,MEDIUM,68,FALSE_POSITIVE,2026-09-07,2026-10-01,EU,SYNTHETIC / DEMO ONLY. This record is safe educational data and is not evidence of a real attack.,Impact,Data Encrypted for Impact,,CAMP-04,2026-09-07
THR-2026-0845,2026-10-08T00:00:00,Synthetic Ransomware Observation 845,RANSOMWARE,DOMAIN,example.com,Public Threat Feed,95,HIGH,75,UNDER_REVIEW,2026-10-05,2026-10-08,EU,SYNTHETIC / DEMO ONLY. This record is safe educational data and is not evidence of a real attack.,, ,,CAMP-05,2026-10-05
THR-2026-0846,2026-06-04T00:00:00,Synthetic Web Threats Observation 846,WEB THREATS,EMAIL/SENDER DOMAIN,mail.example.org,Unknown Source,77,CRITICAL,83,CLOSED,2026-05-14,2026-06-04,IN,SYNTHETIC / DEMO ONLY. This record is safe educational data and is not evidence of a real attack.,Discovery,Network Service Scanning,,CAMP-06,2026-05-14
THR-2026-0847,2026-05-19T00:00:00,Synthetic Web Threats Observation 847,WEB THREATS,CVE ID,CVE-2026-1847,Public Threat Feed,68,MEDIUM,56,FALSE_POSITIVE,2026-05-01,2026-05-19,Demo,SYNTHETIC / DEMO ONLY. This record is safe educational data and is not evidence of a real attack.,Impact,Data Encrypted for Impact,CVE-2026-1847,CAMP-07,2026-05-01
THR-2026-0848,2026-05-05T00:00:00,Synthetic Vulnerability Exposure Observation 848,VULNERABILITY EXPOSURE,DOMAIN,example.org,Security Vendor,94,HIGH,78,UNDER_REVIEW,2026-04-11,2026-05-05,US,SYNTHETIC / DEMO ONLY. This record is safe educational data and is not evidence of a real attack.,Persistence,Account Access Removal,,CAMP-08,2026-04-11
THR-2026-0849,2026-04-07T00:00:00,Synthetic Credential Threats Observation 849,CREDENTIAL THREATS,URL,https://demo.invalid/threat/849,Public Threat Feed,50,MEDIUM,59,FALSE_POSITIVE,2026-04-04,2026-04-07,Global,SYNTHETIC / DEMO ONLY. This record is safe educational data and is not evidence of a real attack.,Credential Access,Valid Accounts,,CAMP-09,2026-04-04
THR-2026-0850,2026-07-29T00:00:00,Synthetic Social Engineering Observation 850,SOCIAL ENGINEERING,EMAIL/SENDER DOMAIN,mail.example.org,Internal SOC,59,HIGH,67,NEW,2026-07-08,2026-07-29,Global,SYNTHETIC / DEMO ONLY. This record is safe educational data and is not evidence of a real attack.,Command and Control,Application Layer Protocol,,CAMP-10,2026-07-08
THR-2026-0851,2026-09-30T00:00:00,Synthetic Phishing Observation 851,PHISHING,CVE ID,CVE-2026-1851,Unknown Source,90,MEDIUM,66,NEW,2026-09-22,2026-09-30,Demo,SYNTHETIC / DEMO ONLY. This record is safe educational data and is not evidence of a real attack.,Credential Access,Valid Accounts,CVE-2026-1851,CAMP-11,2026-09-22
THR-2026-0852,2026-05-30T00:00:00,Synthetic Account Security Observation 852,ACCOUNT SECURITY,DOMAIN,example.org,Research Report,63,LOW,54,FALSE_POSITIVE,2026-05-19,2026-05-30,EU,SYNTHETIC / DEMO ONLY. This record is safe educational data and is not evidence of a real attack.,Discovery,Network Service Scanning,,CAMP-12,2026-05-19
THR-2026-0853,2026-07-11T00:00:00,Synthetic Web Threats Observation 853,WEB THREATS,IP ADDRESS,198.51.100.92,Research Report,86,MEDIUM,62,UNDER_REVIEW,2026-06-21,2026-07-11,Global,SYNTHETIC / DEMO ONLY. This record is safe educational data and is not evidence of a real attack.,Command and Control,Application Layer Protocol,,CAMP-13,2026-06-21
THR-2026-0854,2026-06-11T00:00:00,Synthetic Network Threats Observation 854,NETWORK THREATS,EMAIL/SENDER DOMAIN,alerts.example.net,Unknown Source,87,LOW,68,CLOSED,2026-06-08,2026-06-11,EU,SYNTHETIC / DEMO ONLY. This record is safe educational data and is not evidence of a real attack.,Initial Access,Phishing,,CAMP-14,2026-06-08
THR-2026-0855,2026-03-03T00:00:00,Synthetic Social Engineering Observation 855,SOCIAL ENGINEERING,FILE HASH,c6486eafcecfd4233e6b0110247304e520953c8f59586f058bf4d4d9271ee3d4,Security Vendor,73,MEDIUM,61,CLOSED,2026-02-22,2026-03-03,Demo,SYNTHETIC / DEMO ONLY. This record is safe educational data and is not evidence of a real attack.,Command and Control,Application Layer Protocol,,CAMP-15,2026-02-22
THR-2026-0856,2026-03-08T00:00:00,Synthetic Ransomware Observation 856,RANSOMWARE,CVE ID,CVE-2026-1856,Community Submission,96,INFORMATIONAL,56,NEW,2026-02-20,2026-03-08,US,SYNTHETIC / DEMO ONLY. This record is safe educational data and is not evidence of a real attack.,Command and Control,Application Layer Protocol,CVE-2026-1856,CAMP-16,2026-02-20
THR-2026-0857,2026-06-25T00:00:00,Synthetic Credential Threats Observation 857,CREDENTIAL THREATS,IP ADDRESS,192.0.2.96,Public Threat Feed,70,LOW,50,FALSE_POSITIVE,2026-06-11,2026-06-25,EU,SYNTHETIC / DEMO ONLY. This record is safe educational data and is not evidence of a real attack.,Persistence,Account Access Removal,,CAMP-17,2026-06-11
THR-2026-0858,2026-09-25T00:00:00,Synthetic Malware Observation 858,MALWARE,URL,https://demo.invalid/threat/858,Research Report,58,CRITICAL,77,UNDER_REVIEW,2026-09-07,2026-09-25,US,SYNTHETIC / DEMO ONLY. This record is safe educational data and is not evidence of a real attack.,Persistence,Account Access Removal,,CAMP-18,2026-09-07
THR-2026-0859,2026-04-02T00:00:00,Synthetic Malware Observation 859,MALWARE,URL,https://demo.invalid/threat/859,Internal SOC,62,CRITICAL,72,NEW,2026-03-24,2026-04-02,IN,SYNTHETIC / DEMO ONLY. This record is safe educational data and is not evidence of a real attack.,Initial Access,Phishing,,CAMP-19,2026-03-24
THR-2026-0860,2026-08-27T00:00:00,Synthetic Social Engineering Observation 860,SOCIAL ENGINEERING,EMAIL/SENDER DOMAIN,alerts.example.net,Unknown Source,46,MEDIUM,56,NEW,2026-08-27,2026-08-27,Global,SYNTHETIC / DEMO ONLY. This record is safe educational data and is not evidence of a real attack.,, ,,CAMP-20,2026-08-27
THR-2026-0861,2026-07-06T00:00:00,Synthetic Vulnerability Exposure Observation 861,VULNERABILITY EXPOSURE,CVE ID,CVE-2026-1861,Research Report,55,INFORMATIONAL,47,FALSE_POSITIVE,2026-07-06,2026-07-06,US,SYNTHETIC / DEMO ONLY. This record is safe educational data and is not evidence of a real attack.,Impact,Data Encrypted for Impact,CVE-2026-1861,CAMP-21,2026-07-06
THR-2026-0862,2026-10-15T00:00:00,Synthetic Malware Observation 862,MALWARE,FILE HASH,c61ee1d86ae485fbe59cab73dbc09121051899c9971a420faa9081d6158f1272,Community Submission,90,HIGH,74,NEW,2026-10-06,2026-10-15,Global,SYNTHETIC / DEMO ONLY. This record is safe educational data and is not evidence of a real attack.,Impact,Data Encrypted for Impact,,CAMP-22,2026-10-06
THR-2026-0863,2026-07-07T00:00:00,Synthetic Vulnerability Exposure Observation 863,VULNERABILITY EXPOSURE,IP ADDRESS,203.0.113.102,Security Vendor,67,LOW,50,FALSE_POSITIVE,2026-07-04,2026-07-07,US,SYNTHETIC / DEMO ONLY. This record is safe educational data and is not evidence of a real attack.,Persistence,Account Access Removal,,CAMP-23,2026-07-04
THR-2026-0864,2026-02-24T00:00:00,Synthetic Account Security Observation 864,ACCOUNT SECURITY,FILE HASH,4a25d946ec60f83e7f7e4598013aca3deb9e11be63458846d70bf94f24fd233f,Community Submission,61,LOW,63,CLOSED,2026-02-09,2026-02-24,Global,SYNTHETIC / DEMO ONLY. This record is safe educational data and is not evidence of a real attack.,Initial Access,Phishing,,CAMP-24,2026-02-09
THR-2026-0865,2026-09-05T00:00:00,Synthetic Data Exposure Observation 865,DATA EXPOSURE,IP ADDRESS,198.51.100.104,Security Vendor,93,LOW,59,MONITORING,2026-09-05,2026-09-05,US,SYNTHETIC / DEMO ONLY. This record is safe educational data and is not evidence of a real attack.,Impact,Data Encrypted for Impact,,CAMP-25,2026-09-05
THR-2026-0866,2026-04-30T00:00:00,Synthetic Social Engineering Observation 866,SOCIAL ENGINEERING,FILE HASH,7b4d4800cbf02e1f493fc33cc84162c2168708b9452a8733afb23a3082f10f52,Public Threat Feed,77,MEDIUM,67,FALSE_POSITIVE,2026-04-04,2026-04-30,EU,SYNTHETIC / DEMO ONLY. This record is safe educational data and is not evidence of a real attack.,Initial Access,Phishing,,CAMP-26,2026-04-04
THR-2026-0867,2026-06-30T00:00:00,Synthetic Malware Observation 867,MALWARE,DOMAIN,example.net,Security Vendor,80,CRITICAL,77,CLOSED,2026-06-06,2026-06-30,Global,SYNTHETIC / DEMO ONLY. This record is safe educational data and is not evidence of a real attack.,Initial Access,Phishing,,CAMP-27,2026-06-06
THR-2026-0868,2026-03-07T00:00:00,Synthetic Phishing Observation 868,PHISHING,EMAIL/SENDER DOMAIN,mail.example.org,Internal SOC,61,MEDIUM,60,FALSE_POSITIVE,2026-03-04,2026-03-07,US,SYNTHETIC / DEMO ONLY. This record is safe educational data and is not evidence of a real attack.,Credential Access,Valid Accounts,,CAMP-28,2026-03-04
THR-2026-0869,2026-09-23T00:00:00,Synthetic Network Threats Observation 869,NETWORK THREATS,CVE ID,CVE-2026-1869,Internal SOC,49,MEDIUM,62,CLOSED,2026-09-06,2026-09-23,Demo,SYNTHETIC / DEMO ONLY. This record is safe educational data and is not evidence of a real attack.,Command and Control,Application Layer Protocol,CVE-2026-1869,CAMP-29,2026-09-06
THR-2026-0870,2026-03-11T00:00:00,Synthetic Social Engineering Observation 870,SOCIAL ENGINEERING,IP ADDRESS,198.51.100.109,Security Vendor,79,HIGH,69,NEW,2026-02-09,2026-03-11,US,SYNTHETIC / DEMO ONLY. This record is safe educational data and is not evidence of a real attack.,Exfiltration,Exfiltration Over Web Service,,CAMP-30,2026-02-09
THR-2026-0871,2026-01-07T00:00:00,Synthetic Ransomware Observation 871,RANSOMWARE,CVE ID,CVE-2026-1871,Internal SOC,67,MEDIUM,62,CLOSED,2026-01-03,2026-01-07,Global,SYNTHETIC / DEMO ONLY. This record is safe educational data and is not evidence of a real attack.,Impact,Data Encrypted for Impact,CVE-2026-1871,CAMP-31,2026-01-03
THR-2026-0872,2026-07-11T00:00:00,Synthetic Malware Observation 872,MALWARE,EMAIL/SENDER DOMAIN,mail.example.org,Internal SOC,57,MEDIUM,61,MONITORING,2026-07-07,2026-07-11,US,SYNTHETIC / DEMO ONLY. This record is safe educational data and is not evidence of a real attack.,Persistence,Account Access Removal,,CAMP-32,2026-07-07
THR-2026-0873,2026-07-07T00:00:00,Synthetic Social Engineering Observation 873,SOCIAL ENGINEERING,URL,https://demo.invalid/threat/873,Research Report,48,HIGH,66,CLOSED,2026-06-17,2026-07-07,EU,SYNTHETIC / DEMO ONLY. This record is safe educational data and is not evidence of a real attack.,, ,,CAMP-33,2026-06-17
THR-2026-0874,2026-01-30T00:00:00,Synthetic Malware Observation 874,MALWARE,IP ADDRESS,198.51.100.113,Community Submission,85,LOW,61,CLOSED,2026-01-05,2026-01-30,Demo,SYNTHETIC / DEMO ONLY. This record is safe educational data and is not evidence of a real attack.,Exfiltration,Exfiltration Over Web Service,,CAMP-34,2026-01-05
THR-2026-0875,2026-03-07T00:00:00,Synthetic Data Exposure Observation 875,DATA EXPOSURE,EMAIL/SENDER DOMAIN,mail.example.org,Public Threat Feed,85,MEDIUM,63,FALSE_POSITIVE,2026-02-12,2026-03-07,Demo,SYNTHETIC / DEMO ONLY. This record is safe educational data and is not evidence of a real attack.,Command and Control,Application Layer Protocol,,CAMP-35,2026-02-12
THR-2026-0876,2026-09-06T00:00:00,Synthetic Account Security Observation 876,ACCOUNT SECURITY,URL,https://demo.invalid/threat/876,Unknown Source,47,LOW,46,FALSE_POSITIVE,2026-08-13,2026-09-06,EU,SYNTHETIC / DEMO ONLY. This record is safe educational data and is not evidence of a real attack.,Credential Access,Valid Accounts,,CAMP-36,2026-08-13
THR-2026-0877,2026-06-25T00:00:00,Synthetic Credential Threats Observation 877,CREDENTIAL THREATS,EMAIL/SENDER DOMAIN,mail.example.org,Public Threat Feed,46,MEDIUM,53,MONITORING,2026-06-17,2026-06-25,IN,SYNTHETIC / DEMO ONLY. This record is safe educational data and is not evidence of a real attack.,Impact,Data Encrypted for Impact,,CAMP-37,2026-06-17
THR-2026-0878,2026-04-29T00:00:00,Synthetic Ransomware Observation 878,RANSOMWARE,EMAIL/SENDER DOMAIN,mail.example.org,Research Report,87,HIGH,79,CLOSED,2026-04-14,2026-04-29,Demo,SYNTHETIC / DEMO ONLY. This record is safe educational data and is not evidence of a real attack.,Command and Control,Application Layer Protocol,,CAMP-38,2026-04-14
THR-2026-0879,2026-05-27T00:00:00,Synthetic Vulnerability Exposure Observation 879,VULNERABILITY EXPOSURE,CVE ID,CVE-2026-1879,Public Threat Feed,87,CRITICAL,82,FALSE_POSITIVE,2026-05-13,2026-05-27,EU,SYNTHETIC / DEMO ONLY. This record is safe educational data and is not evidence of a real attack.,Discovery,Network Service Scanning,CVE-2026-1879,CAMP-39,2026-05-13
THR-2026-0880,2026-08-16T00:00:00,Synthetic Ransomware Observation 880,RANSOMWARE,DOMAIN,example.org,Research Report,82,HIGH,65,UNDER_REVIEW,2026-07-25,2026-08-16,Global,SYNTHETIC / DEMO ONLY. This record is safe educational data and is not evidence of a real attack.,Credential Access,Valid Accounts,,CAMP-00,2026-07-25
THR-2026-0881,2026-05-24T00:00:00,Synthetic Credential Threats Observation 881,CREDENTIAL THREATS,EMAIL/SENDER DOMAIN,alerts.example.net,Research Report,50,MEDIUM,62,NEW,2026-05-05,2026-05-24,Demo,SYNTHETIC / DEMO ONLY. This record is safe educational data and is not evidence of a real attack.,Credential Access,Valid Accounts,,CAMP-01,2026-05-05
THR-2026-0882,2026-04-22T00:00:00,Synthetic Malware Observation 882,MALWARE,CVE ID,CVE-2026-1882,Public Threat Feed,63,LOW,50,MONITORING,2026-04-07,2026-04-22,Global,SYNTHETIC / DEMO ONLY. This record is safe educational data and is not evidence of a real attack.,Persistence,Account Access Removal,CVE-2026-1882,CAMP-02,2026-04-07
THR-2026-0883,2026-07-04T00:00:00,Synthetic Network Threats Observation 883,NETWORK THREATS,URL,https://demo.invalid/threat/883,Internal SOC,57,HIGH,72,FALSE_POSITIVE,2026-06-10,2026-07-04,US,SYNTHETIC / DEMO ONLY. This record is safe educational data and is not evidence of a real attack.,Discovery,Network Service Scanning,,CAMP-03,2026-06-10
THR-2026-0884,2026-08-18T00:00:00,Synthetic Data Exposure Observation 884,DATA EXPOSURE,FILE HASH,64b7c4ae359aa28bff8121adcba7d3ccefb59563740c5d1b8fbd8545b50bc3e5,Public Threat Feed,50,MEDIUM,57,FALSE_POSITIVE,2026-08-12,2026-08-18,Global,SYNTHETIC / DEMO ONLY. This record is safe educational data and is not evidence of a real attack.,Exfiltration,Exfiltration Over Web Service,,CAMP-04,2026-08-12
THR-2026-0885,2026-07-20T00:00:00,Synthetic Phishing Observation 885,PHISHING,EMAIL/SENDER DOMAIN,alerts.example.net,Security Vendor,83,MEDIUM,61,UNDER_REVIEW,2026-07-16,2026-07-20,US,SYNTHETIC / DEMO ONLY. This record is safe educational data and is not evidence of a real attack.,Exfiltration,Exfiltration Over Web Service,,CAMP-05,2026-07-16
THR-2026-0886,2026-02-26T00:00:00,Synthetic Phishing Observation 886,PHISHING,FILE HASH,a484f3add1f5bb161bbdfb4dc48d959a5e3d3fc3262b1a8e8f50081438346d42,Research Report,96,HIGH,76,UNDER_REVIEW,2026-02-12,2026-02-26,Demo,SYNTHETIC / DEMO ONLY. This record is safe educational data and is not evidence of a real attack.,Command and Control,Application Layer Protocol,,CAMP-06,2026-02-12
THR-2026-0887,2026-02-06T00:00:00,Synthetic Malware Observation 887,MALWARE,URL,https://demo.invalid/threat/887,Security Vendor,49,MEDIUM,53,UNDER_REVIEW,2026-01-25,2026-02-06,US,SYNTHETIC / DEMO ONLY. This record is safe educational data and is not evidence of a real attack.,Discovery,Network Service Scanning,,CAMP-07,2026-01-25
THR-2026-0888,2026-07-15T00:00:00,Synthetic Data Exposure Observation 888,DATA EXPOSURE,FILE HASH,9279343d05c097242e3d9a34f44a1a3ae104887f12937bfb93b3d1d6efdcc4ab,Research Report,70,MEDIUM,59,UNDER_REVIEW,2026-06-28,2026-07-15,EU,SYNTHETIC / DEMO ONLY. This record is safe educational data and is not evidence of a real attack.,Discovery,Network Service Scanning,,CAMP-08,2026-06-28
THR-2026-0889,2026-08-06T00:00:00,Synthetic Social Engineering Observation 889,SOCIAL ENGINEERING,FILE HASH,b35a414f069c64a553d6ce15af63464789157897e6b284a2cbdca66afba9ae3a,Security Vendor,81,MEDIUM,70,MONITORING,2026-07-29,2026-08-06,US,SYNTHETIC / DEMO ONLY. This record is safe educational data and is not evidence of a real attack.,Command and Control,Application Layer Protocol,,CAMP-09,2026-07-29
THR-2026-0890,2026-08-21T00:00:00,Synthetic Account Security Observation 890,ACCOUNT SECURITY,FILE HASH,53432cc21259e461924c3d21033950f677c81549b43bb3470a9fa01c0c08c416,Research Report,63,MEDIUM,62,FALSE_POSITIVE,2026-07-31,2026-08-21,IN,SYNTHETIC / DEMO ONLY. This record is safe educational data and is not evidence of a real attack.,Persistence,Account Access Removal,,CAMP-10,2026-07-31
THR-2026-0891,2026-10-13T00:00:00,Synthetic Social Engineering Observation 891,SOCIAL ENGINEERING,DOMAIN,example.org,Public Threat Feed,59,CRITICAL,76,UNDER_REVIEW,2026-09-17,2026-10-13,IN,SYNTHETIC / DEMO ONLY. This record is safe educational data and is not evidence of a real attack.,Initial Access,Phishing,,CAMP-11,2026-09-17
THR-2026-0892,2026-04-27T00:00:00,Synthetic Network Threats Observation 892,NETWORK THREATS,DOMAIN,example.org,Security Vendor,61,LOW,48,CLOSED,2026-04-15,2026-04-27,Global,SYNTHETIC / DEMO ONLY. This record is safe educational data and is not evidence of a real attack.,Exfiltration,Exfiltration Over Web Service,,CAMP-12,2026-04-15
THR-2026-0893,2026-05-14T00:00:00,Synthetic Data Exposure Observation 893,DATA EXPOSURE,EMAIL/SENDER DOMAIN,mail.example.org,Security Vendor,59,LOW,64,UNDER_REVIEW,2026-05-04,2026-05-14,Demo,SYNTHETIC / DEMO ONLY. This record is safe educational data and is not evidence of a real attack.,Discovery,Network Service Scanning,,CAMP-13,2026-05-04
THR-2026-0894,2026-04-02T00:00:00,Synthetic Network Threats Observation 894,NETWORK THREATS,EMAIL/SENDER DOMAIN,mail.example.org,Community Submission,51,HIGH,63,FALSE_POSITIVE,2026-03-07,2026-04-02,Demo,SYNTHETIC / DEMO ONLY. This record is safe educational data and is not evidence of a real attack.,Command and Control,Application Layer Protocol,,CAMP-14,2026-03-07
THR-2026-0895,2026-08-16T00:00:00,Synthetic Social Engineering Observation 895,SOCIAL ENGINEERING,FILE HASH,a8362add84f3910fc8c9c29d293dc27e2add4e41e3d69ddb6d98309177269fae,Community Submission,78,LOW,47,NEW,2026-08-08,2026-08-16,Global,SYNTHETIC / DEMO ONLY. This record is safe educational data and is not evidence of a real attack.,Command and Control,Application Layer Protocol,,CAMP-15,2026-08-08
THR-2026-0896,2026-04-24T00:00:00,Synthetic Web Threats Observation 896,WEB THREATS,EMAIL/SENDER DOMAIN,alerts.example.net,Internal SOC,50,MEDIUM,68,MONITORING,2026-04-13,2026-04-24,US,SYNTHETIC / DEMO ONLY. This record is safe educational data and is not evidence of a real attack.,Persistence,Account Access Removal,,CAMP-16,2026-04-13
THR-2026-0897,2026-08-30T00:00:00,Synthetic Credential Threats Observation 897,CREDENTIAL THREATS,CVE ID,CVE-2026-1897,Public Threat Feed,51,HIGH,67,UNDER_REVIEW,2026-08-15,2026-08-30,US,SYNTHETIC / DEMO ONLY. This record is safe educational data and is not evidence of a real attack.,Exfiltration,Exfiltration Over Web Service,CVE-2026-1897,CAMP-17,2026-08-15
THR-2026-0898,2026-06-22T00:00:00,Synthetic Ransomware Observation 898,RANSOMWARE,DOMAIN,example.net,Unknown Source,54,MEDIUM,62,CLOSED,2026-05-23,2026-06-22,EU,SYNTHETIC / DEMO ONLY. This record is safe educational data and is not evidence of a real attack.,Discovery,Network Service Scanning,,CAMP-18,2026-05-23
THR-2026-0899,2026-10-16T00:00:00,Synthetic Web Threats Observation 899,WEB THREATS,DOMAIN,demo.invalid,Security Vendor,71,LOW,61,CLOSED,2026-09-18,2026-10-16,Demo,SYNTHETIC / DEMO ONLY. This record is safe educational data and is not evidence of a real attack.,Exfiltration,Exfiltration Over Web Service,,CAMP-19,2026-09-18
THR-2026-0900,2026-06-25T00:00:00,Synthetic Ransomware Observation 900,RANSOMWARE,EMAIL/SENDER DOMAIN,alerts.example.net,Community Submission,62,MEDIUM,60,UNDER_REVIEW,2026-05-27,2026-06-25,Demo,SYNTHETIC / DEMO ONLY. This record is safe educational data and is not evidence of a real attack.,Discovery,Network Service Scanning,,CAMP-20,2026-05-27
THR-2026-0901,2026-08-27T00:00:00,Synthetic Network Threats Observation 901,NETWORK THREATS,FILE HASH,a59e7373bdb764db8a84c5827e11a0e73f4b47bd413d95fd484f0807b35220af,Internal SOC,90,HIGH,72,MONITORING,2026-08-09,2026-08-27,Global,SYNTHETIC / DEMO ONLY. This record is safe educational data and is not evidence of a real attack.,Credential Access,Valid Accounts,,CAMP-21,2026-08-09
THR-2026-0902,2026-04-23T00:00:00,Synthetic Malware Observation 902,MALWARE,DOMAIN,demo.invalid,Community Submission,91,CRITICAL,79,UNDER_REVIEW,2026-04-07,2026-04-23,Global,SYNTHETIC / DEMO ONLY. This record is safe educational data and is not evidence of a real attack.,Persistence,Account Access Removal,,CAMP-22,2026-04-07
THR-2026-0903,2026-03-22T00:00:00,Synthetic Account Security Observation 903,ACCOUNT SECURITY,IP ADDRESS,192.0.2.142,Community Submission,63,MEDIUM,60,FALSE_POSITIVE,2026-03-21,2026-03-22,Demo,SYNTHETIC / DEMO ONLY. This record is safe educational data and is not evidence of a real attack.,Discovery,Network Service Scanning,,CAMP-23,2026-03-21
THR-2026-0904,2026-08-21T00:00:00,Synthetic Credential Threats Observation 904,CREDENTIAL THREATS,FILE HASH,985163aeaf9ac6877e0c1cafb7087de23a6d303e0d96b34282367e8782a0c029,Security Vendor,46,HIGH,70,UNDER_REVIEW,2026-07-22,2026-08-21,US,SYNTHETIC / DEMO ONLY. This record is safe educational data and is not evidence of a real attack.,Exfiltration,Exfiltration Over Web Service,,CAMP-24,2026-07-22
THR-2026-0905,2026-06-05T00:00:00,Synthetic Ransomware Observation 905,RANSOMWARE,EMAIL/SENDER DOMAIN,mail.example.org,Public Threat Feed,65,LOW,50,UNDER_REVIEW,2026-05-31,2026-06-05,Demo,SYNTHETIC / DEMO ONLY. This record is safe educational data and is not evidence of a real attack.,Command and Control,Application Layer Protocol,,CAMP-25,2026-05-31
THR-2026-0906,2026-09-07T00:00:00,Synthetic Account Security Observation 906,ACCOUNT SECURITY,IP ADDRESS,192.0.2.145,Public Threat Feed,78,HIGH,80,FALSE_POSITIVE,2026-09-03,2026-09-07,IN,SYNTHETIC / DEMO ONLY. This record is safe educational data and is not evidence of a real attack.,Exfiltration,Exfiltration Over Web Service,,CAMP-26,2026-09-03
THR-2026-0907,2026-10-24T00:00:00,Synthetic Vulnerability Exposure Observation 907,VULNERABILITY EXPOSURE,IP ADDRESS,203.0.113.146,Internal SOC,87,HIGH,68,UNDER_REVIEW,2026-10-07,2026-10-24,EU,SYNTHETIC / DEMO ONLY. This record is safe educational data and is not evidence of a real attack.,Credential Access,Valid Accounts,,CAMP-27,2026-10-07
THR-2026-0908,2026-03-03T00:00:00,Synthetic Data Exposure Observation 908,DATA EXPOSURE,IP ADDRESS,203.0.113.147,Research Report,76,MEDIUM,56,CLOSED,2026-02-06,2026-03-03,Global,SYNTHETIC / DEMO ONLY. This record is safe educational data and is not evidence of a real attack.,Persistence,Account Access Removal,,CAMP-28,2026-02-06
THR-2026-0909,2026-04-17T00:00:00,Synthetic Phishing Observation 909,PHISHING,FILE HASH,207236c015b4639a7a6282015c855fe46d37045d85b8033b6b7cf08a1925bf56,Unknown Source,88,MEDIUM,67,FALSE_POSITIVE,2026-03-20,2026-04-17,IN,SYNTHETIC / DEMO ONLY. This record is safe educational data and is not evidence of a real attack.,Exfiltration,Exfiltration Over Web Service,,CAMP-29,2026-03-20
THR-2026-0910,2026-09-22T00:00:00,Synthetic Malware Observation 910,MALWARE,EMAIL/SENDER DOMAIN,mail.example.org,Community Submission,45,HIGH,68,NEW,2026-09-22,2026-09-22,IN,SYNTHETIC / DEMO ONLY. This record is safe educational data and is not evidence of a real attack.,Exfiltration,Exfiltration Over Web Service,,CAMP-30,2026-09-22
THR-2026-0911,2026-09-21T00:00:00,Synthetic Malware Observation 911,MALWARE,CVE ID,CVE-2026-1911,Public Threat Feed,66,MEDIUM,58,CLOSED,2026-09-18,2026-09-21,EU,SYNTHETIC / DEMO ONLY. This record is safe educational data and is not evidence of a real attack.,Exfiltration,Exfiltration Over Web Service,CVE-2026-1911,CAMP-31,2026-09-18
THR-2026-0912,2026-07-02T00:00:00,Synthetic Network Threats Observation 912,NETWORK THREATS,DOMAIN,example.org,Research Report,52,INFORMATIONAL,47,FALSE_POSITIVE,2026-06-03,2026-07-02,IN,SYNTHETIC / DEMO ONLY. This record is safe educational data and is not evidence of a real attack.,, ,,CAMP-32,2026-06-03
THR-2026-0913,2026-10-26T00:00:00,Synthetic Social Engineering Observation 913,SOCIAL ENGINEERING,IP ADDRESS,203.0.113.152,Public Threat Feed,77,HIGH,68,CLOSED,2026-10-04,2026-10-26,EU,SYNTHETIC / DEMO ONLY. This record is safe educational data and is not evidence of a real attack.,Discovery,Network Service Scanning,,CAMP-33,2026-10-04
THR-2026-0914,2026-02-16T00:00:00,Synthetic Vulnerability Exposure Observation 914,VULNERABILITY EXPOSURE,CVE ID,CVE-2026-1914,Public Threat Feed,88,CRITICAL,80,NEW,2026-02-10,2026-02-16,Global,SYNTHETIC / DEMO ONLY. This record is safe educational data and is not evidence of a real attack.,Impact,Data Encrypted for Impact,CVE-2026-1914,CAMP-34,2026-02-10
THR-2026-0915,2026-03-31T00:00:00,Synthetic Web Threats Observation 915,WEB THREATS,EMAIL/SENDER DOMAIN,alerts.example.net,Unknown Source,85,MEDIUM,63,CLOSED,2026-03-24,2026-03-31,US,SYNTHETIC / DEMO ONLY. This record is safe educational data and is not evidence of a real attack.,Credential Access,Valid Accounts,,CAMP-35,2026-03-24
THR-2026-0916,2026-02-23T00:00:00,Synthetic Social Engineering Observation 916,SOCIAL ENGINEERING,CVE ID,CVE-2026-1916,Research Report,87,MEDIUM,64,MONITORING,2026-02-18,2026-02-23,IN,SYNTHETIC / DEMO ONLY. This record is safe educational data and is not evidence of a real attack.,Discovery,Network Service Scanning,CVE-2026-1916,CAMP-36,2026-02-18
THR-2026-0917,2026-05-27T00:00:00,Synthetic Social Engineering Observation 917,SOCIAL ENGINEERING,CVE ID,CVE-2026-1917,Community Submission,72,MEDIUM,60,FALSE_POSITIVE,2026-05-07,2026-05-27,US,SYNTHETIC / DEMO ONLY. This record is safe educational data and is not evidence of a real attack.,Command and Control,Application Layer Protocol,CVE-2026-1917,CAMP-37,2026-05-07
THR-2026-0918,2026-01-26T00:00:00,Synthetic Social Engineering Observation 918,SOCIAL ENGINEERING,FILE HASH,99791d4a2c8158516530143e32d494a942b19cda1fab1f5632384e4b86e7e46a,Unknown Source,46,CRITICAL,67,CLOSED,2026-01-20,2026-01-26,IN,SYNTHETIC / DEMO ONLY. This record is safe educational data and is not evidence of a real attack.,Command and Control,Application Layer Protocol,,CAMP-38,2026-01-20
THR-2026-0919,2026-01-14T00:00:00,Synthetic Credential Threats Observation 919,CREDENTIAL THREATS,URL,https://demo.invalid/threat/919,Internal SOC,58,MEDIUM,60,FALSE_POSITIVE,2026-01-08,2026-01-14,Demo,SYNTHETIC / DEMO ONLY. This record is safe educational data and is not evidence of a real attack.,Credential Access,Valid Accounts,,CAMP-39,2026-01-08
THR-2026-0920,2026-04-13T00:00:00,Synthetic Malware Observation 920,MALWARE,FILE HASH,36eafacb143a6760cadc094ab46e5b14ea1dc26ca9ca0c36734668237e577aa5,Research Report,50,MEDIUM,56,CLOSED,2026-03-20,2026-04-13,EU,SYNTHETIC / DEMO ONLY. This record is safe educational data and is not evidence of a real attack.,Command and Control,Application Layer Protocol,,CAMP-00,2026-03-20
THR-2026-0921,2026-03-10T00:00:00,Synthetic Ransomware Observation 921,RANSOMWARE,EMAIL/SENDER DOMAIN,alerts.example.net,Research Report,79,LOW,59,MONITORING,2026-02-21,2026-03-10,IN,SYNTHETIC / DEMO ONLY. This record is safe educational data and is not evidence of a real attack.,, ,,CAMP-01,2026-02-21
THR-2026-0922,2026-08-03T00:00:00,Synthetic Web Threats Observation 922,WEB THREATS,CVE ID,CVE-2026-1922,Security Vendor,89,HIGH,70,FALSE_POSITIVE,2026-07-27,2026-08-03,Global,SYNTHETIC / DEMO ONLY. This record is safe educational data and is not evidence of a real attack.,Exfiltration,Exfiltration Over Web Service,CVE-2026-1922,CAMP-02,2026-07-27
THR-2026-0923,2026-07-22T00:00:00,Synthetic Data Exposure Observation 923,DATA EXPOSURE,CVE ID,CVE-2026-1923,Public Threat Feed,78,LOW,62,CLOSED,2026-07-06,2026-07-22,IN,SYNTHETIC / DEMO ONLY. This record is safe educational data and is not evidence of a real attack.,Initial Access,Phishing,CVE-2026-1923,CAMP-03,2026-07-06
THR-2026-0924,2026-03-28T00:00:00,Synthetic Malware Observation 924,MALWARE,IP ADDRESS,198.51.100.163,Security Vendor,45,HIGH,63,UNDER_REVIEW,2026-03-05,2026-03-28,US,SYNTHETIC / DEMO ONLY. This record is safe educational data and is not evidence of a real attack.,Exfiltration,Exfiltration Over Web Service,,CAMP-04,2026-03-05
THR-2026-0925,2026-09-01T00:00:00,Synthetic Account Security Observation 925,ACCOUNT SECURITY,DOMAIN,example.org,Internal SOC,58,MEDIUM,51,NEW,2026-08-30,2026-09-01,EU,SYNTHETIC / DEMO ONLY. This record is safe educational data and is not evidence of a real attack.,Command and Control,Application Layer Protocol,,CAMP-05,2026-08-30
THR-2026-0926,2026-08-21T00:00:00,Synthetic Vulnerability Exposure Observation 926,VULNERABILITY EXPOSURE,URL,https://demo.invalid/threat/926,Research Report,82,CRITICAL,80,FALSE_POSITIVE,2026-07-27,2026-08-21,EU,SYNTHETIC / DEMO ONLY. This record is safe educational data and is not evidence of a real attack.,Discovery,Network Service Scanning,,CAMP-06,2026-07-27
THR-2026-0927,2026-07-26T00:00:00,Synthetic Vulnerability Exposure Observation 927,VULNERABILITY EXPOSURE,EMAIL/SENDER DOMAIN,mail.example.org,Community Submission,98,CRITICAL,86,UNDER_REVIEW,2026-07-19,2026-07-26,EU,SYNTHETIC / DEMO ONLY. This record is safe educational data and is not evidence of a real attack.,Exfiltration,Exfiltration Over Web Service,,CAMP-07,2026-07-19
THR-2026-0928,2026-01-27T00:00:00,Synthetic Ransomware Observation 928,RANSOMWARE,IP ADDRESS,198.51.100.167,Community Submission,76,HIGH,62,FALSE_POSITIVE,2026-01-19,2026-01-27,US,SYNTHETIC / DEMO ONLY. This record is safe educational data and is not evidence of a real attack.,, ,,CAMP-08,2026-01-19
THR-2026-0929,2026-01-25T00:00:00,Synthetic Malware Observation 929,MALWARE,IP ADDRESS,192.0.2.168,Community Submission,82,MEDIUM,61,MONITORING,2026-01-20,2026-01-25,EU,SYNTHETIC / DEMO ONLY. This record is safe educational data and is not evidence of a real attack.,Credential Access,Valid Accounts,,CAMP-09,2026-01-20
THR-2026-0930,2026-07-12T00:00:00,Synthetic Data Exposure Observation 930,DATA EXPOSURE,EMAIL/SENDER DOMAIN,alerts.example.net,Research Report,81,MEDIUM,70,MONITORING,2026-06-17,2026-07-12,US,SYNTHETIC / DEMO ONLY. This record is safe educational data and is not evidence of a real attack.,Exfiltration,Exfiltration Over Web Service,,CAMP-10,2026-06-17
THR-2026-0931,2026-09-21T00:00:00,Synthetic Ransomware Observation 931,RANSOMWARE,CVE ID,CVE-2026-1931,Research Report,81,MEDIUM,67,CLOSED,2026-09-08,2026-09-21,EU,SYNTHETIC / DEMO ONLY. This record is safe educational data and is not evidence of a real attack.,Impact,Data Encrypted for Impact,CVE-2026-1931,CAMP-11,2026-09-08
THR-2026-0932,2026-08-29T00:00:00,Synthetic Web Threats Observation 932,WEB THREATS,FILE HASH,9044c214db90bcec355c21a3ca3544eba33ad26bdfbf476665f26e12eff9befa,Public Threat Feed,86,MEDIUM,63,CLOSED,2026-08-29,2026-08-29,Global,SYNTHETIC / DEMO ONLY. This record is safe educational data and is not evidence of a real attack.,Persistence,Account Access Removal,,CAMP-12,2026-08-29
THR-2026-0933,2026-08-03T00:00:00,Synthetic Credential Threats Observation 933,CREDENTIAL THREATS,EMAIL/SENDER DOMAIN,alerts.example.net,Security Vendor,97,LOW,71,UNDER_REVIEW,2026-07-18,2026-08-03,IN,SYNTHETIC / DEMO ONLY. This record is safe educational data and is not evidence of a real attack.,, ,,CAMP-13,2026-07-18
THR-2026-0934,2026-09-26T00:00:00,Synthetic Network Threats Observation 934,NETWORK THREATS,EMAIL/SENDER DOMAIN,mail.example.org,Security Vendor,84,HIGH,81,NEW,2026-09-21,2026-09-26,IN,SYNTHETIC / DEMO ONLY. This record is safe educational data and is not evidence of a real attack.,, ,,CAMP-14,2026-09-21
THR-2026-0935,2026-06-21T00:00:00,Synthetic Malware Observation 935,MALWARE,DOMAIN,example.com,Unknown Source,72,HIGH,78,UNDER_REVIEW,2026-06-01,2026-06-21,Global,SYNTHETIC / DEMO ONLY. This record is safe educational data and is not evidence of a real attack.,Command and Control,Application Layer Protocol,,CAMP-15,2026-06-01
THR-2026-0936,2026-09-05T00:00:00,Synthetic Phishing Observation 936,PHISHING,DOMAIN,example.org,Unknown Source,49,CRITICAL,76,UNDER_REVIEW,2026-08-22,2026-09-05,Demo,SYNTHETIC / DEMO ONLY. This record is safe educational data and is not evidence of a real attack.,Persistence,Account Access Removal,,CAMP-16,2026-08-22
THR-2026-0937,2026-02-26T00:00:00,Synthetic Network Threats Observation 937,NETWORK THREATS,URL,https://demo.invalid/threat/937,Internal SOC,68,MEDIUM,67,NEW,2026-02-01,2026-02-26,IN,SYNTHETIC / DEMO ONLY. This record is safe educational data and is not evidence of a real attack.,Discovery,Network Service Scanning,,CAMP-17,2026-02-01
THR-2026-0938,2026-03-17T00:00:00,Synthetic Account Security Observation 938,ACCOUNT SECURITY,URL,https://demo.invalid/threat/938,Public Threat Feed,74,CRITICAL,67,UNDER_REVIEW,2026-03-10,2026-03-17,Global,SYNTHETIC / DEMO ONLY. This record is safe educational data and is not evidence of a real attack.,Credential Access,Valid Accounts,,CAMP-18,2026-03-10
THR-2026-0939,2026-08-20T00:00:00,Synthetic Web Threats Observation 939,WEB THREATS,IP ADDRESS,192.0.2.178,Unknown Source,54,HIGH,58,UNDER_REVIEW,2026-08-17,2026-08-20,Demo,SYNTHETIC / DEMO ONLY. This record is safe educational data and is not evidence of a real attack.,Command and Control,Application Layer Protocol,,CAMP-19,2026-08-17
THR-2026-0940,2026-09-16T00:00:00,Synthetic Credential Threats Observation 940,CREDENTIAL THREATS,DOMAIN,example.org,Public Threat Feed,89,MEDIUM,70,FALSE_POSITIVE,2026-08-17,2026-09-16,EU,SYNTHETIC / DEMO ONLY. This record is safe educational data and is not evidence of a real attack.,Impact,Data Encrypted for Impact,,CAMP-20,2026-08-17
THR-2026-0941,2026-01-13T00:00:00,Synthetic Account Security Observation 941,ACCOUNT SECURITY,IP ADDRESS,198.51.100.180,Internal SOC,51,HIGH,65,FALSE_POSITIVE,2026-01-03,2026-01-13,EU,SYNTHETIC / DEMO ONLY. This record is safe educational data and is not evidence of a real attack.,Impact,Data Encrypted for Impact,,CAMP-21,2026-01-03
THR-2026-0942,2026-02-28T00:00:00,Synthetic Malware Observation 942,MALWARE,EMAIL/SENDER DOMAIN,mail.example.org,Public Threat Feed,93,MEDIUM,73,NEW,2026-02-23,2026-02-28,US,SYNTHETIC / DEMO ONLY. This record is safe educational data and is not evidence of a real attack.,Discovery,Network Service Scanning,,CAMP-22,2026-02-23
THR-2026-0943,2026-02-03T00:00:00,Synthetic Network Threats Observation 943,NETWORK THREATS,FILE HASH,190e70a9b15f1d7a05ec48c2e0271458551e9bc2e83cf5fa6f54fdcbca8640c6,Security Vendor,91,MEDIUM,78,NEW,2026-02-02,2026-02-03,IN,SYNTHETIC / DEMO ONLY. This record is safe educational data and is not evidence of a real attack.,Command and Control,Application Layer Protocol,,CAMP-23,2026-02-02
THR-2026-0944,2026-03-05T00:00:00,Synthetic Network Threats Observation 944,NETWORK THREATS,IP ADDRESS,203.0.113.183,Security Vendor,86,LOW,54,MONITORING,2026-02-13,2026-03-05,IN,SYNTHETIC / DEMO ONLY. This record is safe educational data and is not evidence of a real attack.,Impact,Data Encrypted for Impact,,CAMP-24,2026-02-13
THR-2026-0945,2026-05-16T00:00:00,Synthetic Account Security Observation 945,ACCOUNT SECURITY,CVE ID,CVE-2026-1945,Internal SOC,96,CRITICAL,77,FALSE_POSITIVE,2026-05-07,2026-05-16,US,SYNTHETIC / DEMO ONLY. This record is safe educational data and is not evidence of a real attack.,Initial Access,Phishing,CVE-2026-1945,CAMP-25,2026-05-07
THR-2026-0946,2026-05-06T00:00:00,Synthetic Account Security Observation 946,ACCOUNT SECURITY,IP ADDRESS,192.0.2.185,Research Report,67,MEDIUM,62,UNDER_REVIEW,2026-04-08,2026-05-06,Demo,SYNTHETIC / DEMO ONLY. This record is safe educational data and is not evidence of a real attack.,Discovery,Network Service Scanning,,CAMP-26,2026-04-08
THR-2026-0947,2026-10-02T00:00:00,Synthetic Web Threats Observation 947,WEB THREATS,CVE ID,CVE-2026-1947,Research Report,67,LOW,54,MONITORING,2026-10-01,2026-10-02,US,SYNTHETIC / DEMO ONLY. This record is safe educational data and is not evidence of a real attack.,Impact,Data Encrypted for Impact,CVE-2026-1947,CAMP-27,2026-10-01
THR-2026-0948,2026-02-10T00:00:00,Synthetic Ransomware Observation 948,RANSOMWARE,DOMAIN,example.net,Public Threat Feed,61,CRITICAL,75,MONITORING,2026-01-22,2026-02-10,US,SYNTHETIC / DEMO ONLY. This record is safe educational data and is not evidence of a real attack.,Persistence,Account Access Removal,,CAMP-28,2026-01-22
THR-2026-0949,2026-05-13T00:00:00,Synthetic Malware Observation 949,MALWARE,CVE ID,CVE-2026-1949,Public Threat Feed,45,HIGH,71,NEW,2026-04-17,2026-05-13,Demo,SYNTHETIC / DEMO ONLY. This record is safe educational data and is not evidence of a real attack.,Persistence,Account Access Removal,CVE-2026-1949,CAMP-29,2026-04-17
THR-2026-0950,2026-08-28T00:00:00,Synthetic Social Engineering Observation 950,SOCIAL ENGINEERING,DOMAIN,example.org,Community Submission,74,MEDIUM,50,NEW,2026-08-10,2026-08-28,Demo,SYNTHETIC / DEMO ONLY. This record is safe educational data and is not evidence of a real attack.,Discovery,Network Service Scanning,,CAMP-30,2026-08-10
THR-2026-0951,2026-10-13T00:00:00,Synthetic Web Threats Observation 951,WEB THREATS,CVE ID,CVE-2026-1951,Unknown Source,49,HIGH,72,UNDER_REVIEW,2026-09-22,2026-10-13,Global,SYNTHETIC / DEMO ONLY. This record is safe educational data and is not evidence of a real attack.,Command and Control,Application Layer Protocol,CVE-2026-1951,CAMP-31,2026-09-22
THR-2026-0952,2026-04-11T00:00:00,Synthetic Web Threats Observation 952,WEB THREATS,FILE HASH,d0a9c115b9a964f62b87c6b7a5ae7b6b618700e92664cfb1cf944f56200d05c0,Security Vendor,52,LOW,47,UNDER_REVIEW,2026-03-18,2026-04-11,US,SYNTHETIC / DEMO ONLY. This record is safe educational data and is not evidence of a real attack.,Persistence,Account Access Removal,,CAMP-32,2026-03-18
THR-2026-0953,2026-07-29T00:00:00,Synthetic Ransomware Observation 953,RANSOMWARE,URL,https://demo.invalid/threat/953,Security Vendor,54,CRITICAL,68,MONITORING,2026-07-15,2026-07-29,EU,SYNTHETIC / DEMO ONLY. This record is safe educational data and is not evidence of a real attack.,Initial Access,Phishing,,CAMP-33,2026-07-15
THR-2026-0954,2026-04-13T00:00:00,Synthetic Web Threats Observation 954,WEB THREATS,FILE HASH,0c5b4434f69a4dc1bbabf04248938eaa23cbc5379342b03598e73d33cd002605,Public Threat Feed,69,HIGH,72,MONITORING,2026-04-12,2026-04-13,Global,SYNTHETIC / DEMO ONLY. This record is safe educational data and is not evidence of a real attack.,Discovery,Network Service Scanning,,CAMP-34,2026-04-12
THR-2026-0955,2026-09-08T00:00:00,Synthetic Ransomware Observation 955,RANSOMWARE,IP ADDRESS,203.0.113.194,Security Vendor,88,HIGH,72,UNDER_REVIEW,2026-08-13,2026-09-08,IN,SYNTHETIC / DEMO ONLY. This record is safe educational data and is not evidence of a real attack.,Credential Access,Valid Accounts,,CAMP-35,2026-08-13
THR-2026-0956,2026-03-09T00:00:00,Synthetic Vulnerability Exposure Observation 956,VULNERABILITY EXPOSURE,IP ADDRESS,203.0.113.195,Public Threat Feed,88,LOW,50,UNDER_REVIEW,2026-02-27,2026-03-09,Global,SYNTHETIC / DEMO ONLY. This record is safe educational data and is not evidence of a real attack.,Discovery,Network Service Scanning,,CAMP-36,2026-02-27
THR-2026-0957,2026-09-19T00:00:00,Synthetic Data Exposure Observation 957,DATA EXPOSURE,URL,https://demo.invalid/threat/957,Public Threat Feed,73,HIGH,68,UNDER_REVIEW,2026-09-19,2026-09-19,IN,SYNTHETIC / DEMO ONLY. This record is safe educational data and is not evidence of a real attack.,Credential Access,Valid Accounts,,CAMP-37,2026-09-19
THR-2026-0958,2026-07-11T00:00:00,Synthetic Network Threats Observation 958,NETWORK THREATS,FILE HASH,3a6517eba5ebb76f7155bd3418ec4842c84421b3e97d168e734521dae3b0d27c,Community Submission,46,HIGH,65,CLOSED,2026-06-28,2026-07-11,IN,SYNTHETIC / DEMO ONLY. This record is safe educational data and is not evidence of a real attack.,Exfiltration,Exfiltration Over Web Service,,CAMP-38,2026-06-28
THR-2026-0959,2026-06-05T00:00:00,Synthetic Phishing Observation 959,PHISHING,URL,https://demo.invalid/threat/959,Security Vendor,64,MEDIUM,56,UNDER_REVIEW,2026-05-14,2026-06-05,US,SYNTHETIC / DEMO ONLY. This record is safe educational data and is not evidence of a real attack.,Persistence,Account Access Removal,,CAMP-39,2026-05-14
THR-2026-0960,2026-03-16T00:00:00,Synthetic Malware Observation 960,MALWARE,FILE HASH,071472ec2db5fc8ae61256081e6116d810ad7adc87e5ff8107495041fea02c55,Public Threat Feed,74,HIGH,66,FALSE_POSITIVE,2026-02-26,2026-03-16,IN,SYNTHETIC / DEMO ONLY. This record is safe educational data and is not evidence of a real attack.,, ,,CAMP-00,2026-02-26
THR-2026-0961,2026-03-01T00:00:00,Synthetic Malware Observation 961,MALWARE,URL,https://demo.invalid/threat/961,Community Submission,52,HIGH,60,CLOSED,2026-01-30,2026-03-01,Global,SYNTHETIC / DEMO ONLY. This record is safe educational data and is not evidence of a real attack.,Persistence,Account Access Removal,,CAMP-01,2026-01-30
THR-2026-0962,2026-10-08T00:00:00,Synthetic Social Engineering Observation 962,SOCIAL ENGINEERING,IP ADDRESS,192.0.2.201,Public Threat Feed,53,MEDIUM,61,CLOSED,2026-09-19,2026-10-08,Global,SYNTHETIC / DEMO ONLY. This record is safe educational data and is not evidence of a real attack.,Initial Access,Phishing,,CAMP-02,2026-09-19
THR-2026-0963,2026-07-21T00:00:00,Synthetic Account Security Observation 963,ACCOUNT SECURITY,EMAIL/SENDER DOMAIN,alerts.example.net,Unknown Source,55,MEDIUM,61,NEW,2026-06-25,2026-07-21,Demo,SYNTHETIC / DEMO ONLY. This record is safe educational data and is not evidence of a real attack.,Credential Access,Valid Accounts,,CAMP-03,2026-06-25
THR-2026-0964,2026-01-20T00:00:00,Synthetic Malware Observation 964,MALWARE,DOMAIN,example.com,Research Report,94,MEDIUM,64,CLOSED,2026-01-19,2026-01-20,Global,SYNTHETIC / DEMO ONLY. This record is safe educational data and is not evidence of a real attack.,Discovery,Network Service Scanning,,CAMP-04,2026-01-19
THR-2026-0965,2026-03-09T00:00:00,Synthetic Data Exposure Observation 965,DATA EXPOSURE,IP ADDRESS,192.0.2.204,Research Report,89,CRITICAL,73,NEW,2026-02-11,2026-03-09,US,SYNTHETIC / DEMO ONLY. This record is safe educational data and is not evidence of a real attack.,Command and Control,Application Layer Protocol,,CAMP-05,2026-02-11
THR-2026-0966,2026-09-25T00:00:00,Synthetic Network Threats Observation 966,NETWORK THREATS,DOMAIN,example.org,Research Report,82,HIGH,70,NEW,2026-09-08,2026-09-25,EU,SYNTHETIC / DEMO ONLY. This record is safe educational data and is not evidence of a real attack.,Credential Access,Valid Accounts,,CAMP-06,2026-09-08
THR-2026-0967,2026-04-08T00:00:00,Synthetic Social Engineering Observation 967,SOCIAL ENGINEERING,DOMAIN,demo.invalid,Security Vendor,57,HIGH,65,UNDER_REVIEW,2026-03-17,2026-04-08,IN,SYNTHETIC / DEMO ONLY. This record is safe educational data and is not evidence of a real attack.,Discovery,Network Service Scanning,,CAMP-07,2026-03-17
THR-2026-0968,2026-05-17T00:00:00,Synthetic Web Threats Observation 968,WEB THREATS,DOMAIN,demo.invalid,Unknown Source,73,MEDIUM,51,MONITORING,2026-04-30,2026-05-17,Demo,SYNTHETIC / DEMO ONLY. This record is safe educational data and is not evidence of a real attack.,Impact,Data Encrypted for Impact,,CAMP-08,2026-04-30
THR-2026-0969,2026-05-09T00:00:00,Synthetic Social Engineering Observation 969,SOCIAL ENGINEERING,CVE ID,CVE-2026-1969,Unknown Source,56,HIGH,66,MONITORING,2026-05-01,2026-05-09,IN,SYNTHETIC / DEMO ONLY. This record is safe educational data and is not evidence of a real attack.,Exfiltration,Exfiltration Over Web Service,CVE-2026-1969,CAMP-09,2026-05-01
THR-2026-0970,2026-10-10T00:00:00,Synthetic Web Threats Observation 970,WEB THREATS,FILE HASH,ed64de0354757dcc17bc8f7ea03ce5024af29b154fd3228786382ede15d6f553,Community Submission,84,CRITICAL,83,MONITORING,2026-09-20,2026-10-10,IN,SYNTHETIC / DEMO ONLY. This record is safe educational data and is not evidence of a real attack.,, ,,CAMP-10,2026-09-20
THR-2026-0971,2026-09-30T00:00:00,Synthetic Account Security Observation 971,ACCOUNT SECURITY,DOMAIN,example.com,Research Report,57,HIGH,65,CLOSED,2026-09-11,2026-09-30,Demo,SYNTHETIC / DEMO ONLY. This record is safe educational data and is not evidence of a real attack.,Command and Control,Application Layer Protocol,,CAMP-11,2026-09-11
THR-2026-0972,2026-10-12T00:00:00,Synthetic Account Security Observation 972,ACCOUNT SECURITY,CVE ID,CVE-2026-1972,Research Report,90,MEDIUM,61,NEW,2026-10-04,2026-10-12,IN,SYNTHETIC / DEMO ONLY. This record is safe educational data and is not evidence of a real attack.,Exfiltration,Exfiltration Over Web Service,CVE-2026-1972,CAMP-12,2026-10-04
THR-2026-0973,2026-10-17T00:00:00,Synthetic Phishing Observation 973,PHISHING,DOMAIN,example.org,Public Threat Feed,60,MEDIUM,64,MONITORING,2026-09-19,2026-10-17,EU,SYNTHETIC / DEMO ONLY. This record is safe educational data and is not evidence of a real attack.,Impact,Data Encrypted for Impact,,CAMP-13,2026-09-19
THR-2026-0974,2026-06-01T00:00:00,Synthetic Vulnerability Exposure Observation 974,VULNERABILITY EXPOSURE,CVE ID,CVE-2026-1974,Security Vendor,80,LOW,54,NEW,2026-05-19,2026-06-01,US,SYNTHETIC / DEMO ONLY. This record is safe educational data and is not evidence of a real attack.,Impact,Data Encrypted for Impact,CVE-2026-1974,CAMP-14,2026-05-19
THR-2026-0975,2026-06-07T00:00:00,Synthetic Malware Observation 975,MALWARE,URL,https://demo.invalid/threat/975,Research Report,74,MEDIUM,61,NEW,2026-05-10,2026-06-07,Demo,SYNTHETIC / DEMO ONLY. This record is safe educational data and is not evidence of a real attack.,Credential Access,Valid Accounts,,CAMP-15,2026-05-10
THR-2026-0976,2026-09-06T00:00:00,Synthetic Data Exposure Observation 976,DATA EXPOSURE,IP ADDRESS,192.0.2.215,Internal SOC,61,MEDIUM,66,MONITORING,2026-09-04,2026-09-06,IN,SYNTHETIC / DEMO ONLY. This record is safe educational data and is not evidence of a real attack.,Command and Control,Application Layer Protocol,,CAMP-16,2026-09-04
THR-2026-0977,2026-05-31T00:00:00,Synthetic Social Engineering Observation 977,SOCIAL ENGINEERING,IP ADDRESS,198.51.100.216,Community Submission,83,HIGH,82,CLOSED,2026-05-01,2026-05-31,IN,SYNTHETIC / DEMO ONLY. This record is safe educational data and is not evidence of a real attack.,Exfiltration,Exfiltration Over Web Service,,CAMP-17,2026-05-01
THR-2026-0978,2026-05-05T00:00:00,Synthetic Social Engineering Observation 978,SOCIAL ENGINEERING,DOMAIN,example.com,Security Vendor,72,LOW,63,CLOSED,2026-04-10,2026-05-05,US,SYNTHETIC / DEMO ONLY. This record is safe educational data and is not evidence of a real attack.,Command and Control,Application Layer Protocol,,CAMP-18,2026-04-10
THR-2026-0979,2026-06-27T00:00:00,Synthetic Network Threats Observation 979,NETWORK THREATS,URL,https://demo.invalid/threat/979,Community Submission,50,MEDIUM,60,UNDER_REVIEW,2026-05-30,2026-06-27,Global,SYNTHETIC / DEMO ONLY. This record is safe educational data and is not evidence of a real attack.,Exfiltration,Exfiltration Over Web Service,,CAMP-19,2026-05-30
THR-2026-0980,2026-08-21T00:00:00,Synthetic Network Threats Observation 980,NETWORK THREATS,EMAIL/SENDER DOMAIN,mail.example.org,Internal SOC,74,MEDIUM,58,NEW,2026-07-26,2026-08-21,EU,SYNTHETIC / DEMO ONLY. This record is safe educational data and is not evidence of a real attack.,Discovery,Network Service Scanning,,CAMP-20,2026-07-26
THR-2026-0981,2026-01-24T00:00:00,Synthetic Social Engineering Observation 981,SOCIAL ENGINEERING,URL,https://demo.invalid/threat/981,Internal SOC,50,HIGH,56,UNDER_REVIEW,2026-01-07,2026-01-24,EU,SYNTHETIC / DEMO ONLY. This record is safe educational data and is not evidence of a real attack.,Impact,Data Encrypted for Impact,,CAMP-21,2026-01-07
THR-2026-0982,2026-03-20T00:00:00,Synthetic Vulnerability Exposure Observation 982,VULNERABILITY EXPOSURE,URL,https://demo.invalid/threat/982,Internal SOC,72,MEDIUM,64,CLOSED,2026-03-09,2026-03-20,Demo,SYNTHETIC / DEMO ONLY. This record is safe educational data and is not evidence of a real attack.,Discovery,Network Service Scanning,,CAMP-22,2026-03-09
THR-2026-0983,2026-07-19T00:00:00,Synthetic Vulnerability Exposure Observation 983,VULNERABILITY EXPOSURE,CVE ID,CVE-2026-1983,Internal SOC,52,CRITICAL,78,FALSE_POSITIVE,2026-07-18,2026-07-19,Demo,SYNTHETIC / DEMO ONLY. This record is safe educational data and is not evidence of a real attack.,, ,CVE-2026-1983,CAMP-23,2026-07-18
THR-2026-0984,2026-10-18T00:00:00,Synthetic Social Engineering Observation 984,SOCIAL ENGINEERING,URL,https://demo.invalid/threat/984,Security Vendor,95,MEDIUM,67,CLOSED,2026-10-01,2026-10-18,Global,SYNTHETIC / DEMO ONLY. This record is safe educational data and is not evidence of a real attack.,Impact,Data Encrypted for Impact,,CAMP-24,2026-10-01
THR-2026-0985,2026-07-04T00:00:00,Synthetic Web Threats Observation 985,WEB THREATS,EMAIL/SENDER DOMAIN,mail.example.org,Public Threat Feed,58,MEDIUM,55,CLOSED,2026-06-17,2026-07-04,Global,SYNTHETIC / DEMO ONLY. This record is safe educational data and is not evidence of a real attack.,Persistence,Account Access Removal,,CAMP-25,2026-06-17
THR-2026-0986,2026-07-17T00:00:00,Synthetic Account Security Observation 986,ACCOUNT SECURITY,FILE HASH,bb6e6a8d1d28b7fb13c7640b9bf875049dad0976492c4f3cdd97640a42bb815f,Internal SOC,48,LOW,41,CLOSED,2026-06-21,2026-07-17,Global,SYNTHETIC / DEMO ONLY. This record is safe educational data and is not evidence of a real attack.,Credential Access,Valid Accounts,,CAMP-26,2026-06-21
THR-2026-0987,2026-08-25T00:00:00,Synthetic Network Threats Observation 987,NETWORK THREATS,FILE HASH,8825f89b3e7f30d2a1e42c90eafd1099e88478f669ccca2f85acb2eb2769c3a8,Research Report,68,HIGH,67,MONITORING,2026-08-02,2026-08-25,EU,SYNTHETIC / DEMO ONLY. This record is safe educational data and is not evidence of a real attack.,, ,,CAMP-27,2026-08-02
THR-2026-0988,2026-01-25T00:00:00,Synthetic Network Threats Observation 988,NETWORK THREATS,URL,https://demo.invalid/threat/988,Security Vendor,82,INFORMATIONAL,47,MONITORING,2026-01-09,2026-01-25,IN,SYNTHETIC / DEMO ONLY. This record is safe educational data and is not evidence of a real attack.,Persistence,Account Access Removal,,CAMP-28,2026-01-09
THR-2026-0989,2026-01-19T00:00:00,Synthetic Malware Observation 989,MALWARE,URL,https://demo.invalid/threat/989,Public Threat Feed,75,HIGH,67,FALSE_POSITIVE,2026-01-19,2026-01-19,Demo,SYNTHETIC / DEMO ONLY. This record is safe educational data and is not evidence of a real attack.,Persistence,Account Access Removal,,CAMP-29,2026-01-19
THR-2026-0990,2026-05-14T00:00:00,Synthetic Vulnerability Exposure Observation 990,VULNERABILITY EXPOSURE,URL,https://demo.invalid/threat/990,Internal SOC,96,MEDIUM,75,MONITORING,2026-04-25,2026-05-14,IN,SYNTHETIC / DEMO ONLY. This record is safe educational data and is not evidence of a real attack.,Impact,Data Encrypted for Impact,,CAMP-30,2026-04-25
THR-2026-0991,2026-05-01T00:00:00,Synthetic Ransomware Observation 991,RANSOMWARE,EMAIL/SENDER DOMAIN,mail.example.org,Community Submission,70,LOW,52,CLOSED,2026-04-20,2026-05-01,IN,SYNTHETIC / DEMO ONLY. This record is safe educational data and is not evidence of a real attack.,Initial Access,Phishing,,CAMP-31,2026-04-20
THR-2026-0992,2026-03-13T00:00:00,Synthetic Ransomware Observation 992,RANSOMWARE,CVE ID,CVE-2026-1992,Public Threat Feed,92,HIGH,71,UNDER_REVIEW,2026-03-07,2026-03-13,EU,SYNTHETIC / DEMO ONLY. This record is safe educational data and is not evidence of a real attack.,Command and Control,Application Layer Protocol,CVE-2026-1992,CAMP-32,2026-03-07
THR-2026-0993,2026-04-01T00:00:00,Synthetic Credential Threats Observation 993,CREDENTIAL THREATS,CVE ID,CVE-2026-1993,Research Report,71,HIGH,69,CLOSED,2026-03-05,2026-04-01,Demo,SYNTHETIC / DEMO ONLY. This record is safe educational data and is not evidence of a real attack.,Impact,Data Encrypted for Impact,CVE-2026-1993,CAMP-33,2026-03-05
THR-2026-0994,2026-05-11T00:00:00,Synthetic Data Exposure Observation 994,DATA EXPOSURE,CVE ID,CVE-2026-1994,Public Threat Feed,86,HIGH,64,UNDER_REVIEW,2026-05-01,2026-05-11,EU,SYNTHETIC / DEMO ONLY. This record is safe educational data and is not evidence of a real attack.,Impact,Data Encrypted for Impact,CVE-2026-1994,CAMP-34,2026-05-01
THR-2026-0995,2026-07-16T00:00:00,Synthetic Ransomware Observation 995,RANSOMWARE,URL,https://demo.invalid/threat/995,Research Report,59,MEDIUM,67,UNDER_REVIEW,2026-06-18,2026-07-16,Demo,SYNTHETIC / DEMO ONLY. This record is safe educational data and is not evidence of a real attack.,Impact,Data Encrypted for Impact,,CAMP-35,2026-06-18
THR-2026-0996,2026-09-25T00:00:00,Synthetic Account Security Observation 996,ACCOUNT SECURITY,URL,https://demo.invalid/threat/996,Security Vendor,93,HIGH,70,CLOSED,2026-09-18,2026-09-25,IN,SYNTHETIC / DEMO ONLY. This record is safe educational data and is not evidence of a real attack.,Exfiltration,Exfiltration Over Web Service,,CAMP-36,2026-09-18
THR-2026-0997,2026-07-03T00:00:00,Synthetic Account Security Observation 997,ACCOUNT SECURITY,CVE ID,CVE-2026-1997,Research Report,89,CRITICAL,84,NEW,2026-06-18,2026-07-03,Demo,SYNTHETIC / DEMO ONLY. This record is safe educational data and is not evidence of a real attack.,Credential Access,Valid Accounts,CVE-2026-1997,CAMP-37,2026-06-18
THR-2026-0998,2026-07-14T00:00:00,Synthetic Ransomware Observation 998,RANSOMWARE,CVE ID,CVE-2026-1998,Public Threat Feed,78,HIGH,76,FALSE_POSITIVE,2026-06-30,2026-07-14,Global,SYNTHETIC / DEMO ONLY. This record is safe educational data and is not evidence of a real attack.,Credential Access,Valid Accounts,CVE-2026-1998,CAMP-38,2026-06-30
THR-2026-0999,2026-05-09T00:00:00,Synthetic Network Threats Observation 999,NETWORK THREATS,URL,https://demo.invalid/threat/999,Community Submission,87,MEDIUM,69,NEW,2026-04-19,2026-05-09,IN,SYNTHETIC / DEMO ONLY. This record is safe educational data and is not evidence of a real attack.,Command and Control,Application Layer Protocol,,CAMP-39,2026-04-19
THR-2026-1000,2026-01-17T00:00:00,Synthetic Malware Observation 1000,MALWARE,EMAIL/SENDER DOMAIN,alerts.example.net,Unknown Source,49,MEDIUM,53,MONITORING,2026-01-08,2026-01-17,IN,SYNTHETIC / DEMO ONLY. This record is safe educational data and is not evidence of a real attack.,Command and Control,Application Layer Protocol,,CAMP-00,2026-01-08
THR-2026-1001,2026-01-07T00:00:00,Synthetic Data Exposure Observation 1001,DATA EXPOSURE,URL,https://demo.invalid/threat/1001,Internal SOC,69,MEDIUM,60,CLOSED,2026-01-02,2026-01-07,Global,SYNTHETIC / DEMO ONLY. This record is safe educational data and is not evidence of a real attack.,Persistence,Account Access Removal,,CAMP-01,2026-01-02
THR-2026-1002,2026-03-23T00:00:00,Synthetic Malware Observation 1002,MALWARE,FILE HASH,9cd3896b3eb36738349c17e9986060b9b16c9ddaeba9b52960d5f5ae1675e1cf,Public Threat Feed,51,HIGH,71,MONITORING,2026-03-09,2026-03-23,US,SYNTHETIC / DEMO ONLY. This record is safe educational data and is not evidence of a real attack.,Command and Control,Application Layer Protocol,,CAMP-02,2026-03-09
THR-2026-1003,2026-06-22T00:00:00,Synthetic Ransomware Observation 1003,RANSOMWARE,EMAIL/SENDER DOMAIN,mail.example.org,Unknown Source,55,LOW,55,MONITORING,2026-06-10,2026-06-22,Global,SYNTHETIC / DEMO ONLY. This record is safe educational data and is not evidence of a real attack.,Command and Control,Application Layer Protocol,,CAMP-03,2026-06-10
THR-2026-1004,2026-04-13T00:00:00,Synthetic Vulnerability Exposure Observation 1004,VULNERABILITY EXPOSURE,DOMAIN,demo.invalid,Unknown Source,98,CRITICAL,84,CLOSED,2026-04-12,2026-04-13,IN,SYNTHETIC / DEMO ONLY. This record is safe educational data and is not evidence of a real attack.,Command and Control,Application Layer Protocol,,CAMP-04,2026-04-12
THR-2026-1005,2026-04-25T00:00:00,Synthetic Account Security Observation 1005,ACCOUNT SECURITY,URL,https://demo.invalid/threat/1005,Community Submission,96,HIGH,82,MONITORING,2026-04-19,2026-04-25,US,SYNTHETIC / DEMO ONLY. This record is safe educational data and is not evidence of a real attack.,Persistence,Account Access Removal,,CAMP-05,2026-04-19
THR-2026-1006,2026-09-21T00:00:00,Synthetic Credential Threats Observation 1006,CREDENTIAL THREATS,FILE HASH,34c8106164dd546254267aca92e716a94fb908def7a76c5d7c78d40b74a0279f,Security Vendor,53,HIGH,69,MONITORING,2026-09-17,2026-09-21,EU,SYNTHETIC / DEMO ONLY. This record is safe educational data and is not evidence of a real attack.,Persistence,Account Access Removal,,CAMP-06,2026-09-17
THR-2026-1007,2026-08-28T00:00:00,Synthetic Network Threats Observation 1007,NETWORK THREATS,IP ADDRESS,203.0.113.246,Security Vendor,69,MEDIUM,66,UNDER_REVIEW,2026-08-21,2026-08-28,Global,SYNTHETIC / DEMO ONLY. This record is safe educational data and is not evidence of a real attack.,Discovery,Network Service Scanning,,CAMP-07,2026-08-21
THR-2026-1008,2026-01-30T00:00:00,Synthetic Ransomware Observation 1008,RANSOMWARE,CVE ID,CVE-2026-2008,Community Submission,86,LOW,59,CLOSED,2026-01-19,2026-01-30,Global,SYNTHETIC / DEMO ONLY. This record is safe educational data and is not evidence of a real attack.,Persistence,Account Access Removal,CVE-2026-2008,CAMP-08,2026-01-19
THR-2026-1009,2026-03-02T00:00:00,Synthetic Network Threats Observation 1009,NETWORK THREATS,EMAIL/SENDER DOMAIN,mail.example.org,Community Submission,63,LOW,55,FALSE_POSITIVE,2026-02-17,2026-03-02,EU,SYNTHETIC / DEMO ONLY. This record is safe educational data and is not evidence of a real attack.,Discovery,Network Service Scanning,,CAMP-09,2026-02-17
THR-2026-1010,2026-05-22T00:00:00,Synthetic Web Threats Observation 1010,WEB THREATS,CVE ID,CVE-2026-2010,Internal SOC,63,LOW,49,UNDER_REVIEW,2026-05-22,2026-05-22,Demo,SYNTHETIC / DEMO ONLY. This record is safe educational data and is not evidence of a real attack.,Discovery,Network Service Scanning,CVE-2026-2010,CAMP-10,2026-05-22
THR-2026-1011,2026-04-29T00:00:00,Synthetic Web Threats Observation 1011,WEB THREATS,FILE HASH,fa502d8abc7ec4f1c294ab241663d0ea7c0ba705b7c727e88bf1a1ae884b24d3,Security Vendor,76,LOW,51,CLOSED,2026-04-26,2026-04-29,Global,SYNTHETIC / DEMO ONLY. This record is safe educational data and is not evidence of a real attack.,Exfiltration,Exfiltration Over Web Service,,CAMP-11,2026-04-26
THR-2026-1012,2026-07-12T00:00:00,Synthetic Account Security Observation 1012,ACCOUNT SECURITY,CVE ID,CVE-2026-2012,Unknown Source,94,MEDIUM,60,NEW,2026-06-15,2026-07-12,EU,SYNTHETIC / DEMO ONLY. This record is safe educational data and is not evidence of a real attack.,Exfiltration,Exfiltration Over Web Service,CVE-2026-2012,CAMP-12,2026-06-15
THR-2026-1013,2026-07-22T00:00:00,Synthetic Credential Threats Observation 1013,CREDENTIAL THREATS,FILE HASH,68b55a788655194462841ae0855e0e610443b707dda67174295b90a028e7e6ff,Research Report,79,MEDIUM,69,MONITORING,2026-07-19,2026-07-22,IN,SYNTHETIC / DEMO ONLY. This record is safe educational data and is not evidence of a real attack.,Impact,Data Encrypted for Impact,,CAMP-13,2026-07-19
THR-2026-1014,2026-07-30T00:00:00,Synthetic Malware Observation 1014,MALWARE,CVE ID,CVE-2026-2014,Research Report,95,HIGH,79,FALSE_POSITIVE,2026-07-21,2026-07-30,US,SYNTHETIC / DEMO ONLY. This record is safe educational data and is not evidence of a real attack.,Credential Access,Valid Accounts,CVE-2026-2014,CAMP-14,2026-07-21
THR-2026-1015,2026-03-31T00:00:00,Synthetic Phishing Observation 1015,PHISHING,CVE ID,CVE-2026-2015,Community Submission,67,CRITICAL,69,CLOSED,2026-03-12,2026-03-31,EU,SYNTHETIC / DEMO ONLY. This record is safe educational data and is not evidence of a real attack.,, ,CVE-2026-2015,CAMP-15,2026-03-12
THR-2026-1016,2026-02-05T00:00:00,Synthetic Vulnerability Exposure Observation 1016,VULNERABILITY EXPOSURE,EMAIL/SENDER DOMAIN,mail.example.org,Internal SOC,91,MEDIUM,61,FALSE_POSITIVE,2026-02-05,2026-02-05,US,SYNTHETIC / DEMO ONLY. This record is safe educational data and is not evidence of a real attack.,Persistence,Account Access Removal,,CAMP-16,2026-02-05
THR-2026-1017,2026-08-29T00:00:00,Synthetic Malware Observation 1017,MALWARE,IP ADDRESS,198.51.100.2,Security Vendor,57,LOW,52,CLOSED,2026-08-13,2026-08-29,Demo,SYNTHETIC / DEMO ONLY. This record is safe educational data and is not evidence of a real attack.,Discovery,Network Service Scanning,,CAMP-17,2026-08-13
THR-2026-1018,2026-04-24T00:00:00,Synthetic Ransomware Observation 1018,RANSOMWARE,DOMAIN,example.org,Community Submission,52,HIGH,68,UNDER_REVIEW,2026-03-31,2026-04-24,Global,SYNTHETIC / DEMO ONLY. This record is safe educational data and is not evidence of a real attack.,Discovery,Network Service Scanning,,CAMP-18,2026-03-31
THR-2026-1019,2026-05-03T00:00:00,Synthetic Network Threats Observation 1019,NETWORK THREATS,CVE ID,CVE-2026-2019,Public Threat Feed,54,CRITICAL,75,CLOSED,2026-05-03,2026-05-03,US,SYNTHETIC / DEMO ONLY. This record is safe educational data and is not evidence of a real attack.,Credential Access,Valid Accounts,CVE-2026-2019,CAMP-19,2026-05-03
THR-2026-1020,2026-05-26T00:00:00,Synthetic Malware Observation 1020,MALWARE,DOMAIN,example.com,Internal SOC,60,LOW,55,CLOSED,2026-05-14,2026-05-26,US,SYNTHETIC / DEMO ONLY. This record is safe educational data and is not evidence of a real attack.,Impact,Data Encrypted for Impact,,CAMP-20,2026-05-14
THR-2026-1021,2026-01-28T00:00:00,Synthetic Web Threats Observation 1021,WEB THREATS,URL,https://demo.invalid/threat/1021,Security Vendor,79,LOW,63,NEW,2026-01-28,2026-01-28,Demo,SYNTHETIC / DEMO ONLY. This record is safe educational data and is not evidence of a real attack.,Credential Access,Valid Accounts,,CAMP-21,2026-01-28
THR-2026-1022,2026-09-23T00:00:00,Synthetic Social Engineering Observation 1022,SOCIAL ENGINEERING,IP ADDRESS,192.0.2.7,Internal SOC,61,LOW,58,UNDER_REVIEW,2026-08-26,2026-09-23,US,SYNTHETIC / DEMO ONLY. This record is safe educational data and is not evidence of a real attack.,Impact,Data Encrypted for Impact,,CAMP-22,2026-08-26
THR-2026-1023,2026-07-17T00:00:00,Synthetic Credential Threats Observation 1023,CREDENTIAL THREATS,IP ADDRESS,192.0.2.8,Unknown Source,76,LOW,61,MONITORING,2026-06-25,2026-07-17,EU,SYNTHETIC / DEMO ONLY. This record is safe educational data and is not evidence of a real attack.,Exfiltration,Exfiltration Over Web Service,,CAMP-23,2026-06-25
THR-2026-1024,2026-09-27T00:00:00,Synthetic Credential Threats Observation 1024,CREDENTIAL THREATS,IP ADDRESS,203.0.113.9,Internal SOC,70,HIGH,69,MONITORING,2026-09-03,2026-09-27,Global,SYNTHETIC / DEMO ONLY. This record is safe educational data and is not evidence of a real attack.,Credential Access,Valid Accounts,,CAMP-24,2026-09-03
THR-2026-1025,2026-07-07T00:00:00,Synthetic Credential Threats Observation 1025,CREDENTIAL THREATS,CVE ID,CVE-2026-2025,Security Vendor,68,HIGH,70,MONITORING,2026-07-03,2026-07-07,Demo,SYNTHETIC / DEMO ONLY. This record is safe educational data and is not evidence of a real attack.,Exfiltration,Exfiltration Over Web Service,CVE-2026-2025,CAMP-25,2026-07-03
THR-2026-1026,2026-09-17T00:00:00,Synthetic Credential Threats Observation 1026,CREDENTIAL THREATS,EMAIL/SENDER DOMAIN,mail.example.org,Community Submission,80,MEDIUM,66,FALSE_POSITIVE,2026-09-06,2026-09-17,IN,SYNTHETIC / DEMO ONLY. This record is safe educational data and is not evidence of a real attack.,Impact,Data Encrypted for Impact,,CAMP-26,2026-09-06
THR-2026-1027,2026-08-16T00:00:00,Synthetic Social Engineering Observation 1027,SOCIAL ENGINEERING,FILE HASH,4b3130b4e43856b4650cd3d0d6e7aa5695f2052372bde9481dde2ca0229b4111,Research Report,46,LOW,56,CLOSED,2026-07-31,2026-08-16,Global,SYNTHETIC / DEMO ONLY. This record is safe educational data and is not evidence of a real attack.,Persistence,Account Access Removal,,CAMP-27,2026-07-31
THR-2026-1028,2026-01-27T00:00:00,Synthetic Network Threats Observation 1028,NETWORK THREATS,URL,https://demo.invalid/threat/1028,Security Vendor,63,LOW,53,UNDER_REVIEW,2026-01-23,2026-01-27,IN,SYNTHETIC / DEMO ONLY. This record is safe educational data and is not evidence of a real attack.,Credential Access,Valid Accounts,,CAMP-28,2026-01-23
THR-2026-1029,2026-06-13T00:00:00,Synthetic Network Threats Observation 1029,NETWORK THREATS,URL,https://demo.invalid/threat/1029,Unknown Source,54,HIGH,66,CLOSED,2026-05-24,2026-06-13,US,SYNTHETIC / DEMO ONLY. This record is safe educational data and is not evidence of a real attack.,Credential Access,Valid Accounts,,CAMP-29,2026-05-24
THR-2026-1030,2026-04-16T00:00:00,Synthetic Data Exposure Observation 1030,DATA EXPOSURE,IP ADDRESS,203.0.113.15,Unknown Source,85,HIGH,70,UNDER_REVIEW,2026-04-13,2026-04-16,US,SYNTHETIC / DEMO ONLY. This record is safe educational data and is not evidence of a real attack.,, ,,CAMP-30,2026-04-13
THR-2026-1031,2026-03-29T00:00:00,Synthetic Malware Observation 1031,MALWARE,FILE HASH,f01f3069934b860368e6372c9ce78754c1b2044073f2616c1e72e7144790261b,Research Report,69,HIGH,60,CLOSED,2026-03-05,2026-03-29,EU,SYNTHETIC / DEMO ONLY. This record is safe educational data and is not evidence of a real attack.,Credential Access,Valid Accounts,,CAMP-31,2026-03-05
THR-2026-1032,2026-03-30T00:00:00,Synthetic Malware Observation 1032,MALWARE,DOMAIN,example.org,Security Vendor,53,HIGH,67,CLOSED,2026-03-12,2026-03-30,Global,SYNTHETIC / DEMO ONLY. This record is safe educational data and is not evidence of a real attack.,Impact,Data Encrypted for Impact,,CAMP-32,2026-03-12
THR-2026-1033,2026-08-26T00:00:00,Synthetic Malware Observation 1033,MALWARE,IP ADDRESS,198.51.100.18,Internal SOC,48,LOW,40,UNDER_REVIEW,2026-08-01,2026-08-26,EU,SYNTHETIC / DEMO ONLY. This record is safe educational data and is not evidence of a real attack.,, ,,CAMP-33,2026-08-01
THR-2026-1034,2026-08-02T00:00:00,Synthetic Social Engineering Observation 1034,SOCIAL ENGINEERING,FILE HASH,c936a089197e05a657a4fca06bb2a413878ddceb58b527abe67f6fb53ac5a71d,Security Vendor,79,MEDIUM,67,MONITORING,2026-08-02,2026-08-02,EU,SYNTHETIC / DEMO ONLY. This record is safe educational data and is not evidence of a real attack.,Credential Access,Valid Accounts,,CAMP-34,2026-08-02
THR-2026-1035,2026-10-08T00:00:00,Synthetic Social Engineering Observation 1035,SOCIAL ENGINEERING,DOMAIN,example.com,Public Threat Feed,87,INFORMATIONAL,61,MONITORING,2026-09-30,2026-10-08,Demo,SYNTHETIC / DEMO ONLY. This record is safe educational data and is not evidence of a real attack.,Exfiltration,Exfiltration Over Web Service,,CAMP-35,2026-09-30
THR-2026-1036,2026-04-17T00:00:00,Synthetic Social Engineering Observation 1036,SOCIAL ENGINEERING,EMAIL/SENDER DOMAIN,mail.example.org,Unknown Source,66,MEDIUM,65,UNDER_REVIEW,2026-04-11,2026-04-17,IN,SYNTHETIC / DEMO ONLY. This record is safe educational data and is not evidence of a real attack.,Discovery,Network Service Scanning,,CAMP-36,2026-04-11
THR-2026-1037,2026-07-15T00:00:00,Synthetic Data Exposure Observation 1037,DATA EXPOSURE,FILE HASH,21b96e96f7bb83bfe4b4c0cfa8bde5455d0b4bf7a213b1ae0976df86d3ecb9b5,Research Report,84,LOW,66,CLOSED,2026-07-13,2026-07-15,IN,SYNTHETIC / DEMO ONLY. This record is safe educational data and is not evidence of a real attack.,Credential Access,Valid Accounts,,CAMP-37,2026-07-13
THR-2026-1038,2026-07-29T00:00:00,Synthetic Data Exposure Observation 1038,DATA EXPOSURE,DOMAIN,example.net,Research Report,72,HIGH,74,NEW,2026-07-17,2026-07-29,Global,SYNTHETIC / DEMO ONLY. This record is safe educational data and is not evidence of a real attack.,Command and Control,Application Layer Protocol,,CAMP-38,2026-07-17
THR-2026-1039,2026-06-26T00:00:00,Synthetic Web Threats Observation 1039,WEB THREATS,URL,https://demo.invalid/threat/1039,Unknown Source,65,HIGH,64,MONITORING,2026-06-11,2026-06-26,IN,SYNTHETIC / DEMO ONLY. This record is safe educational data and is not evidence of a real attack.,Exfiltration,Exfiltration Over Web Service,,CAMP-39,2026-06-11
THR-2026-1040,2026-10-09T00:00:00,Synthetic Data Exposure Observation 1040,DATA EXPOSURE,CVE ID,CVE-2026-2040,Unknown Source,54,CRITICAL,68,MONITORING,2026-09-19,2026-10-09,EU,SYNTHETIC / DEMO ONLY. This record is safe educational data and is not evidence of a real attack.,Exfiltration,Exfiltration Over Web Service,CVE-2026-2040,CAMP-00,2026-09-19
THR-2026-1041,2026-02-27T00:00:00,Synthetic Data Exposure Observation 1041,DATA EXPOSURE,URL,https://demo.invalid/threat/1041,Community Submission,74,LOW,57,FALSE_POSITIVE,2026-02-02,2026-02-27,US,SYNTHETIC / DEMO ONLY. This record is safe educational data and is not evidence of a real attack.,, ,,CAMP-01,2026-02-02
THR-2026-1042,2026-05-26T00:00:00,Synthetic Social Engineering Observation 1042,SOCIAL ENGINEERING,IP ADDRESS,192.0.2.27,Community Submission,98,CRITICAL,92,MONITORING,2026-04-29,2026-05-26,US,SYNTHETIC / DEMO ONLY. This record is safe educational data and is not evidence of a real attack.,Command and Control,Application Layer Protocol,,CAMP-02,2026-04-29
THR-2026-1043,2026-08-27T00:00:00,Synthetic Vulnerability Exposure Observation 1043,VULNERABILITY EXPOSURE,URL,https://demo.invalid/threat/1043,Security Vendor,56,HIGH,65,MONITORING,2026-08-13,2026-08-27,US,SYNTHETIC / DEMO ONLY. This record is safe educational data and is not evidence of a real attack.,Impact,Data Encrypted for Impact,,CAMP-03,2026-08-13
THR-2026-1044,2026-05-11T00:00:00,Synthetic Malware Observation 1044,MALWARE,FILE HASH,000931c770cb13b02af9fc6d05989f67134c0ed953e9ceed27965390c796f1ff,Security Vendor,46,MEDIUM,59,CLOSED,2026-05-05,2026-05-11,EU,SYNTHETIC / DEMO ONLY. This record is safe educational data and is not evidence of a real attack.,Command and Control,Application Layer Protocol,,CAMP-04,2026-05-05
THR-2026-1045,2026-03-15T00:00:00,Synthetic Social Engineering Observation 1045,SOCIAL ENGINEERING,URL,https://demo.invalid/threat/1045,Security Vendor,51,LOW,57,MONITORING,2026-03-03,2026-03-15,Global,SYNTHETIC / DEMO ONLY. This record is safe educational data and is not evidence of a real attack.,Impact,Data Encrypted for Impact,,CAMP-05,2026-03-03
THR-2026-1046,2026-02-27T00:00:00,Synthetic Phishing Observation 1046,PHISHING,CVE ID,CVE-2026-2046,Unknown Source,83,LOW,64,MONITORING,2026-02-10,2026-02-27,IN,SYNTHETIC / DEMO ONLY. This record is safe educational data and is not evidence of a real attack.,Credential Access,Valid Accounts,CVE-2026-2046,CAMP-06,2026-02-10
THR-2026-1047,2026-04-08T00:00:00,Synthetic Phishing Observation 1047,PHISHING,IP ADDRESS,203.0.113.32,Unknown Source,87,LOW,65,UNDER_REVIEW,2026-04-06,2026-04-08,US,SYNTHETIC / DEMO ONLY. This record is safe educational data and is not evidence of a real attack.,Credential Access,Valid Accounts,,CAMP-07,2026-04-06
THR-2026-1048,2026-10-06T00:00:00,Synthetic Credential Threats Observation 1048,CREDENTIAL THREATS,EMAIL/SENDER DOMAIN,alerts.example.net,Security Vendor,68,MEDIUM,52,UNDER_REVIEW,2026-09-27,2026-10-06,IN,SYNTHETIC / DEMO ONLY. This record is safe educational data and is not evidence of a real attack.,Initial Access,Phishing,,CAMP-08,2026-09-27
THR-2026-1049,2026-02-10T00:00:00,Synthetic Network Threats Observation 1049,NETWORK THREATS,IP ADDRESS,198.51.100.34,Community Submission,79,HIGH,75,MONITORING,2026-01-19,2026-02-10,EU,SYNTHETIC / DEMO ONLY. This record is safe educational data and is not evidence of a real attack.,Impact,Data Encrypted for Impact,,CAMP-09,2026-01-19
THR-2026-1050,2026-07-19T00:00:00,Synthetic Vulnerability Exposure Observation 1050,VULNERABILITY EXPOSURE,FILE HASH,c2eefc5b2a3943543b9e28a2310a15f13815e3641de291e2227b7ddea353ef99,Internal SOC,80,MEDIUM,59,NEW,2026-06-30,2026-07-19,US,SYNTHETIC / DEMO ONLY. This record is safe educational data and is not evidence of a real attack.,Credential Access,Valid Accounts,,CAMP-10,2026-06-30
THR-2026-1051,2026-08-14T00:00:00,Synthetic Malware Observation 1051,MALWARE,DOMAIN,example.com,Security Vendor,53,CRITICAL,71,MONITORING,2026-07-31,2026-08-14,Global,SYNTHETIC / DEMO ONLY. This record is safe educational data and is not evidence of a real attack.,Command and Control,Application Layer Protocol,,CAMP-11,2026-07-31
THR-2026-1052,2026-09-04T00:00:00,Synthetic Phishing Observation 1052,PHISHING,FILE HASH,0c9fecee2b361a57176bf12f074bc0df09fdc4158fa353e914e08942b74dd303,Community Submission,58,MEDIUM,65,UNDER_REVIEW,2026-08-06,2026-09-04,IN,SYNTHETIC / DEMO ONLY. This record is safe educational data and is not evidence of a real attack.,Credential Access,Valid Accounts,,CAMP-12,2026-08-06
THR-2026-1053,2026-02-27T00:00:00,Synthetic Network Threats Observation 1053,NETWORK THREATS,DOMAIN,example.com,Research Report,68,LOW,63,NEW,2026-02-26,2026-02-27,Global,SYNTHETIC / DEMO ONLY. This record is safe educational data and is not evidence of a real attack.,Persistence,Account Access Removal,,CAMP-13,2026-02-26
THR-2026-1054,2026-05-08T00:00:00,Synthetic Credential Threats Observation 1054,CREDENTIAL THREATS,IP ADDRESS,198.51.100.39,Public Threat Feed,69,HIGH,62,CLOSED,2026-04-21,2026-05-08,Global,SYNTHETIC / DEMO ONLY. This record is safe educational data and is not evidence of a real attack.,Command and Control,Application Layer Protocol,,CAMP-14,2026-04-21
THR-2026-1055,2026-09-28T00:00:00,Synthetic Social Engineering Observation 1055,SOCIAL ENGINEERING,DOMAIN,example.net,Internal SOC,49,LOW,46,UNDER_REVIEW,2026-09-09,2026-09-28,Demo,SYNTHETIC / DEMO ONLY. This record is safe educational data and is not evidence of a real attack.,Command and Control,Application Layer Protocol,,CAMP-15,2026-09-09
THR-2026-1056,2026-04-20T00:00:00,Synthetic Ransomware Observation 1056,RANSOMWARE,CVE ID,CVE-2026-2056,Research Report,56,HIGH,57,CLOSED,2026-04-20,2026-04-20,Global,SYNTHETIC / DEMO ONLY. This record is safe educational data and is not evidence of a real attack.,Exfiltration,Exfiltration Over Web Service,CVE-2026-2056,CAMP-16,2026-04-20
THR-2026-1057,2026-03-15T00:00:00,Synthetic Malware Observation 1057,MALWARE,FILE HASH,38e74cc5a188b77a77d1544802b9d40927b0d0e75e2eb5dfc6d00a701ff6d886,Community Submission,53,INFORMATIONAL,35,CLOSED,2026-02-13,2026-03-15,IN,SYNTHETIC / DEMO ONLY. This record is safe educational data and is not evidence of a real attack.,, ,,CAMP-17,2026-02-13
THR-2026-1058,2026-05-21T00:00:00,Synthetic Data Exposure Observation 1058,DATA EXPOSURE,EMAIL/SENDER DOMAIN,alerts.example.net,Unknown Source,86,LOW,62,UNDER_REVIEW,2026-05-21,2026-05-21,Global,SYNTHETIC / DEMO ONLY. This record is safe educational data and is not evidence of a real attack.,, ,,CAMP-18,2026-05-21
THR-2026-1059,2026-10-01T00:00:00,Synthetic Network Threats Observation 1059,NETWORK THREATS,FILE HASH,71af78eb748b00b31687eabbd4d460807bc0969c5ab6d5d06ab59e1685048ccc,Community Submission,57,CRITICAL,68,NEW,2026-09-06,2026-10-01,US,SYNTHETIC / DEMO ONLY. This record is safe educational data and is not evidence of a real attack.,Discovery,Network Service Scanning,,CAMP-19,2026-09-06
THR-2026-1060,2026-03-12T00:00:00,Synthetic Network Threats Observation 1060,NETWORK THREATS,IP ADDRESS,198.51.100.45,Internal SOC,85,CRITICAL,75,CLOSED,2026-03-05,2026-03-12,Demo,SYNTHETIC / DEMO ONLY. This record is safe educational data and is not evidence of a real attack.,, ,,CAMP-20,2026-03-05
THR-2026-1061,2026-07-12T00:00:00,Synthetic Web Threats Observation 1061,WEB THREATS,URL,https://demo.invalid/threat/1061,Internal SOC,63,LOW,53,UNDER_REVIEW,2026-06-13,2026-07-12,IN,SYNTHETIC / DEMO ONLY. This record is safe educational data and is not evidence of a real attack.,Impact,Data Encrypted for Impact,,CAMP-21,2026-06-13
THR-2026-1062,2026-07-28T00:00:00,Synthetic Account Security Observation 1062,ACCOUNT SECURITY,URL,https://demo.invalid/threat/1062,Community Submission,59,HIGH,67,CLOSED,2026-07-05,2026-07-28,Global,SYNTHETIC / DEMO ONLY. This record is safe educational data and is not evidence of a real attack.,Initial Access,Phishing,,CAMP-22,2026-07-05
THR-2026-1063,2026-05-20T00:00:00,Synthetic Phishing Observation 1063,PHISHING,DOMAIN,example.com,Security Vendor,45,HIGH,70,MONITORING,2026-04-25,2026-05-20,Demo,SYNTHETIC / DEMO ONLY. This record is safe educational data and is not evidence of a real attack.,Command and Control,Application Layer Protocol,,CAMP-23,2026-04-25
THR-2026-1064,2026-06-21T00:00:00,Synthetic Malware Observation 1064,MALWARE,DOMAIN,example.com,Unknown Source,51,HIGH,64,MONITORING,2026-06-08,2026-06-21,US,SYNTHETIC / DEMO ONLY. This record is safe educational data and is not evidence of a real attack.,Persistence,Account Access Removal,,CAMP-24,2026-06-08
THR-2026-1065,2026-01-12T00:00:00,Synthetic Network Threats Observation 1065,NETWORK THREATS,FILE HASH,68378d2678510b2cca3074366b8b024c56ff5fe64d1fbe9039d1f664e601a20b,Public Threat Feed,95,MEDIUM,67,NEW,2026-01-03,2026-01-12,EU,SYNTHETIC / DEMO ONLY. This record is safe educational data and is not evidence of a real attack.,Command and Control,Application Layer Protocol,,CAMP-25,2026-01-03
THR-2026-1066,2026-06-15T00:00:00,Synthetic Account Security Observation 1066,ACCOUNT SECURITY,EMAIL/SENDER DOMAIN,alerts.example.net,Public Threat Feed,91,LOW,68,MONITORING,2026-06-05,2026-06-15,US,SYNTHETIC / DEMO ONLY. This record is safe educational data and is not evidence of a real attack.,Discovery,Network Service Scanning,,CAMP-26,2026-06-05
THR-2026-1067,2026-03-17T00:00:00,Synthetic Ransomware Observation 1067,RANSOMWARE,DOMAIN,example.org,Public Threat Feed,82,MEDIUM,72,MONITORING,2026-03-04,2026-03-17,Global,SYNTHETIC / DEMO ONLY. This record is safe educational data and is not evidence of a real attack.,Exfiltration,Exfiltration Over Web Service,,CAMP-27,2026-03-04
THR-2026-1068,2026-09-14T00:00:00,Synthetic Social Engineering Observation 1068,SOCIAL ENGINEERING,EMAIL/SENDER DOMAIN,mail.example.org,Research Report,53,HIGH,60,FALSE_POSITIVE,2026-09-01,2026-09-14,US,SYNTHETIC / DEMO ONLY. This record is safe educational data and is not evidence of a real attack.,Discovery,Network Service Scanning,,CAMP-28,2026-09-01
THR-2026-1069,2026-06-04T00:00:00,Synthetic Vulnerability Exposure Observation 1069,VULNERABILITY EXPOSURE,URL,https://demo.invalid/threat/1069,Community Submission,79,LOW,53,FALSE_POSITIVE,2026-05-09,2026-06-04,EU,SYNTHETIC / DEMO ONLY. This record is safe educational data and is not evidence of a real attack.,Discovery,Network Service Scanning,,CAMP-29,2026-05-09
THR-2026-1070,2026-10-14T00:00:00,Synthetic Account Security Observation 1070,ACCOUNT SECURITY,FILE HASH,09d359b6a9596158795fb52b1bb304ca4fd15317395d2f0952e14269fb2cb063,Security Vendor,81,LOW,58,UNDER_REVIEW,2026-10-03,2026-10-14,Demo,SYNTHETIC / DEMO ONLY. This record is safe educational data and is not evidence of a real attack.,Discovery,Network Service Scanning,,CAMP-30,2026-10-03
THR-2026-1071,2026-07-27T00:00:00,Synthetic Social Engineering Observation 1071,SOCIAL ENGINEERING,FILE HASH,519143d7ede2263cd7ddbc3000240cd2f33f73374b93456c73623d77374e36ab,Community Submission,74,HIGH,70,UNDER_REVIEW,2026-07-15,2026-07-27,Demo,SYNTHETIC / DEMO ONLY. This record is safe educational data and is not evidence of a real attack.,Credential Access,Valid Accounts,,CAMP-31,2026-07-15
THR-2026-1072,2026-04-15T00:00:00,Synthetic Network Threats Observation 1072,NETWORK THREATS,URL,https://demo.invalid/threat/1072,Research Report,70,HIGH,68,CLOSED,2026-03-23,2026-04-15,EU,SYNTHETIC / DEMO ONLY. This record is safe educational data and is not evidence of a real attack.,Command and Control,Application Layer Protocol,,CAMP-32,2026-03-23
THR-2026-1073,2026-09-24T00:00:00,Synthetic Credential Threats Observation 1073,CREDENTIAL THREATS,EMAIL/SENDER DOMAIN,mail.example.org,Public Threat Feed,49,LOW,53,NEW,2026-09-24,2026-09-24,EU,SYNTHETIC / DEMO ONLY. This record is safe educational data and is not evidence of a real attack.,Credential Access,Valid Accounts,,CAMP-33,2026-09-24
THR-2026-1074,2026-02-23T00:00:00,Synthetic Malware Observation 1074,MALWARE,URL,https://demo.invalid/threat/1074,Security Vendor,70,HIGH,71,FALSE_POSITIVE,2026-02-20,2026-02-23,Global,SYNTHETIC / DEMO ONLY. This record is safe educational data and is not evidence of a real attack.,Initial Access,Phishing,,CAMP-34,2026-02-20
THR-2026-1075,2026-03-15T00:00:00,Synthetic Credential Threats Observation 1075,CREDENTIAL THREATS,IP ADDRESS,203.0.113.60,Public Threat Feed,48,HIGH,63,FALSE_POSITIVE,2026-03-10,2026-03-15,IN,SYNTHETIC / DEMO ONLY. This record is safe educational data and is not evidence of a real attack.,Persistence,Account Access Removal,,CAMP-35,2026-03-10
THR-2026-1076,2026-03-04T00:00:00,Synthetic Social Engineering Observation 1076,SOCIAL ENGINEERING,FILE HASH,a48db54783b68ab2c6448bcf35afd3a7dcfb6bf922336aa7e74e7b90562c91cd,Public Threat Feed,95,MEDIUM,70,UNDER_REVIEW,2026-02-15,2026-03-04,Demo,SYNTHETIC / DEMO ONLY. This record is safe educational data and is not evidence of a real attack.,Initial Access,Phishing,,CAMP-36,2026-02-15
THR-2026-1077,2026-09-24T00:00:00,Synthetic Ransomware Observation 1077,RANSOMWARE,URL,https://demo.invalid/threat/1077,Unknown Source,68,MEDIUM,66,MONITORING,2026-09-12,2026-09-24,IN,SYNTHETIC / DEMO ONLY. This record is safe educational data and is not evidence of a real attack.,Discovery,Network Service Scanning,,CAMP-37,2026-09-12
THR-2026-1078,2026-08-01T00:00:00,Synthetic Social Engineering Observation 1078,SOCIAL ENGINEERING,DOMAIN,example.net,Research Report,59,HIGH,72,UNDER_REVIEW,2026-07-07,2026-08-01,US,SYNTHETIC / DEMO ONLY. This record is safe educational data and is not evidence of a real attack.,Credential Access,Valid Accounts,,CAMP-38,2026-07-07
THR-2026-1079,2026-08-08T00:00:00,Synthetic Malware Observation 1079,MALWARE,FILE HASH,dec72425b8e979ba204b842fc1fb67bd59a169ffd1355b457449b75913cd4a1e,Security Vendor,50,MEDIUM,55,FALSE_POSITIVE,2026-07-09,2026-08-08,IN,SYNTHETIC / DEMO ONLY. This record is safe educational data and is not evidence of a real attack.,Exfiltration,Exfiltration Over Web Service,,CAMP-39,2026-07-09
THR-2026-1080,2026-02-04T00:00:00,Synthetic Data Exposure Observation 1080,DATA EXPOSURE,EMAIL/SENDER DOMAIN,alerts.example.net,Public Threat Feed,82,LOW,61,NEW,2026-01-25,2026-02-04,EU,SYNTHETIC / DEMO ONLY. This record is safe educational data and is not evidence of a real attack.,Discovery,Network Service Scanning,,CAMP-00,2026-01-25
THR-2026-1081,2026-09-19T00:00:00,Synthetic Credential Threats Observation 1081,CREDENTIAL THREATS,URL,https://demo.invalid/threat/1081,Unknown Source,95,LOW,62,MONITORING,2026-09-03,2026-09-19,US,SYNTHETIC / DEMO ONLY. This record is safe educational data and is not evidence of a real attack.,Persistence,Account Access Removal,,CAMP-01,2026-09-03
THR-2026-1082,2026-07-25T00:00:00,Synthetic Account Security Observation 1082,ACCOUNT SECURITY,CVE ID,CVE-2026-2082,Security Vendor,86,LOW,58,FALSE_POSITIVE,2026-07-05,2026-07-25,IN,SYNTHETIC / DEMO ONLY. This record is safe educational data and is not evidence of a real attack.,Command and Control,Application Layer Protocol,CVE-2026-2082,CAMP-02,2026-07-05
THR-2026-1083,2026-09-25T00:00:00,Synthetic Network Threats Observation 1083,NETWORK THREATS,DOMAIN,example.com,Internal SOC,61,MEDIUM,66,UNDER_REVIEW,2026-09-07,2026-09-25,US,SYNTHETIC / DEMO ONLY. This record is safe educational data and is not evidence of a real attack.,Impact,Data Encrypted for Impact,,CAMP-03,2026-09-07
THR-2026-1084,2026-09-02T00:00:00,Synthetic Malware Observation 1084,MALWARE,EMAIL/SENDER DOMAIN,mail.example.org,Public Threat Feed,65,INFORMATIONAL,53,NEW,2026-08-21,2026-09-02,Global,SYNTHETIC / DEMO ONLY. This record is safe educational data and is not evidence of a real attack.,Persistence,Account Access Removal,,CAMP-04,2026-08-21
THR-2026-1085,2026-03-18T00:00:00,Synthetic Ransomware Observation 1085,RANSOMWARE,URL,https://demo.invalid/threat/1085,Community Submission,45,INFORMATIONAL,42,MONITORING,2026-02-22,2026-03-18,EU,SYNTHETIC / DEMO ONLY. This record is safe educational data and is not evidence of a real attack.,Credential Access,Valid Accounts,,CAMP-05,2026-02-22
THR-2026-1086,2026-10-08T00:00:00,Synthetic Ransomware Observation 1086,RANSOMWARE,URL,https://demo.invalid/threat/1086,Security Vendor,63,HIGH,65,MONITORING,2026-09-15,2026-10-08,Demo,SYNTHETIC / DEMO ONLY. This record is safe educational data and is not evidence of a real attack.,Impact,Data Encrypted for Impact,,CAMP-06,2026-09-15
THR-2026-1087,2026-01-21T00:00:00,Synthetic Vulnerability Exposure Observation 1087,VULNERABILITY EXPOSURE,CVE ID,CVE-2026-2087,Public Threat Feed,47,HIGH,58,NEW,2026-01-09,2026-01-21,IN,SYNTHETIC / DEMO ONLY. This record is safe educational data and is not evidence of a real attack.,, ,CVE-2026-2087,CAMP-07,2026-01-09
THR-2026-1088,2026-05-14T00:00:00,Synthetic Social Engineering Observation 1088,SOCIAL ENGINEERING,IP ADDRESS,203.0.113.73,Research Report,76,CRITICAL,79,NEW,2026-04-19,2026-05-14,US,SYNTHETIC / DEMO ONLY. This record is safe educational data and is not evidence of a real attack.,Impact,Data Encrypted for Impact,,CAMP-08,2026-04-19
THR-2026-1089,2026-08-04T00:00:00,Synthetic Credential Threats Observation 1089,CREDENTIAL THREATS,DOMAIN,example.net,Internal SOC,48,LOW,45,NEW,2026-07-12,2026-08-04,IN,SYNTHETIC / DEMO ONLY. This record is safe educational data and is not evidence of a real attack.,Credential Access,Valid Accounts,,CAMP-09,2026-07-12
THR-2026-1090,2026-05-07T00:00:00,Synthetic Vulnerability Exposure Observation 1090,VULNERABILITY EXPOSURE,URL,https://demo.invalid/threat/1090,Unknown Source,60,LOW,43,UNDER_REVIEW,2026-05-06,2026-05-07,EU,SYNTHETIC / DEMO ONLY. This record is safe educational data and is not evidence of a real attack.,Impact,Data Encrypted for Impact,,CAMP-10,2026-05-06
THR-2026-1091,2026-07-12T00:00:00,Synthetic Network Threats Observation 1091,NETWORK THREATS,DOMAIN,demo.invalid,Research Report,76,CRITICAL,69,CLOSED,2026-06-20,2026-07-12,EU,SYNTHETIC / DEMO ONLY. This record is safe educational data and is not evidence of a real attack.,Command and Control,Application Layer Protocol,,CAMP-11,2026-06-20
THR-2026-1092,2026-05-27T00:00:00,Synthetic Phishing Observation 1092,PHISHING,FILE HASH,89dec8d8125eb9e91b2bdbe25abb6cd984668229ce3d45685ea0ebb7b3bdd366,Internal SOC,80,HIGH,68,MONITORING,2026-05-18,2026-05-27,IN,SYNTHETIC / DEMO ONLY. This record is safe educational data and is not evidence of a real attack.,Credential Access,Valid Accounts,,CAMP-12,2026-05-18
THR-2026-1093,2026-01-20T00:00:00,Synthetic Credential Threats Observation 1093,CREDENTIAL THREATS,URL,https://demo.invalid/threat/1093,Security Vendor,82,LOW,58,FALSE_POSITIVE,2026-01-07,2026-01-20,Demo,SYNTHETIC / DEMO ONLY. This record is safe educational data and is not evidence of a real attack.,Discovery,Network Service Scanning,,CAMP-13,2026-01-07
THR-2026-1094,2026-08-12T00:00:00,Synthetic Data Exposure Observation 1094,DATA EXPOSURE,DOMAIN,demo.invalid,Internal SOC,49,MEDIUM,51,UNDER_REVIEW,2026-07-15,2026-08-12,IN,SYNTHETIC / DEMO ONLY. This record is safe educational data and is not evidence of a real attack.,Initial Access,Phishing,,CAMP-14,2026-07-15
THR-2026-1095,2026-01-07T00:00:00,Synthetic Malware Observation 1095,MALWARE,IP ADDRESS,192.0.2.80,Unknown Source,57,CRITICAL,72,NEW,2026-01-05,2026-01-07,US,SYNTHETIC / DEMO ONLY. This record is safe educational data and is not evidence of a real attack.,Credential Access,Valid Accounts,,CAMP-15,2026-01-05
THR-2026-1096,2026-06-25T00:00:00,Synthetic Social Engineering Observation 1096,SOCIAL ENGINEERING,IP ADDRESS,192.0.2.81,Security Vendor,92,LOW,58,UNDER_REVIEW,2026-06-11,2026-06-25,EU,SYNTHETIC / DEMO ONLY. This record is safe educational data and is not evidence of a real attack.,Command and Control,Application Layer Protocol,,CAMP-16,2026-06-11
THR-2026-1097,2026-04-21T00:00:00,Synthetic Vulnerability Exposure Observation 1097,VULNERABILITY EXPOSURE,EMAIL/SENDER DOMAIN,mail.example.org,Public Threat Feed,65,HIGH,68,UNDER_REVIEW,2026-04-21,2026-04-21,US,SYNTHETIC / DEMO ONLY. This record is safe educational data and is not evidence of a real attack.,Persistence,Account Access Removal,,CAMP-17,2026-04-21
THR-2026-1098,2026-10-03T00:00:00,Synthetic Phishing Observation 1098,PHISHING,CVE ID,CVE-2026-2098,Unknown Source,84,HIGH,74,NEW,2026-09-06,2026-10-03,Demo,SYNTHETIC / DEMO ONLY. This record is safe educational data and is not evidence of a real attack.,Persistence,Account Access Removal,CVE-2026-2098,CAMP-18,2026-09-06
THR-2026-1099,2026-08-26T00:00:00,Synthetic Malware Observation 1099,MALWARE,FILE HASH,d5bfcd82a72805b2a93e22d9e51c36bfd1d238a0b626d9fe107494eafd0be308,Research Report,75,HIGH,64,MONITORING,2026-08-05,2026-08-26,Global,SYNTHETIC / DEMO ONLY. This record is safe educational data and is not evidence of a real attack.,Initial Access,Phishing,,CAMP-19,2026-08-05
THR-2026-1100,2026-07-02T00:00:00,Synthetic Malware Observation 1100,MALWARE,IP ADDRESS,192.0.2.85,Unknown Source,95,CRITICAL,76,FALSE_POSITIVE,2026-06-29,2026-07-02,IN,SYNTHETIC / DEMO ONLY. This record is safe educational data and is not evidence of a real attack.,Discovery,Network Service Scanning,,CAMP-20,2026-06-29
THR-2026-1101,2026-07-28T00:00:00,Synthetic Account Security Observation 1101,ACCOUNT SECURITY,EMAIL/SENDER DOMAIN,mail.example.org,Research Report,90,CRITICAL,72,NEW,2026-07-25,2026-07-28,Global,SYNTHETIC / DEMO ONLY. This record is safe educational data and is not evidence of a real attack.,Discovery,Network Service Scanning,,CAMP-21,2026-07-25
THR-2026-1102,2026-08-09T00:00:00,Synthetic Credential Threats Observation 1102,CREDENTIAL THREATS,CVE ID,CVE-2026-2102,Research Report,55,LOW,40,NEW,2026-07-25,2026-08-09,EU,SYNTHETIC / DEMO ONLY. This record is safe educational data and is not evidence of a real attack.,Command and Control,Application Layer Protocol,CVE-2026-2102,CAMP-22,2026-07-25
THR-2026-1103,2026-06-16T00:00:00,Synthetic Vulnerability Exposure Observation 1103,VULNERABILITY EXPOSURE,EMAIL/SENDER DOMAIN,mail.example.org,Security Vendor,90,LOW,65,UNDER_REVIEW,2026-06-04,2026-06-16,EU,SYNTHETIC / DEMO ONLY. This record is safe educational data and is not evidence of a real attack.,Initial Access,Phishing,,CAMP-23,2026-06-04
THR-2026-1104,2026-06-27T00:00:00,Synthetic Malware Observation 1104,MALWARE,IP ADDRESS,198.51.100.89,Unknown Source,60,MEDIUM,57,MONITORING,2026-06-11,2026-06-27,EU,SYNTHETIC / DEMO ONLY. This record is safe educational data and is not evidence of a real attack.,Impact,Data Encrypted for Impact,,CAMP-24,2026-06-11
THR-2026-1105,2026-06-15T00:00:00,Synthetic Account Security Observation 1105,ACCOUNT SECURITY,EMAIL/SENDER DOMAIN,mail.example.org,Community Submission,93,MEDIUM,79,MONITORING,2026-06-12,2026-06-15,IN,SYNTHETIC / DEMO ONLY. This record is safe educational data and is not evidence of a real attack.,Exfiltration,Exfiltration Over Web Service,,CAMP-25,2026-06-12
THR-2026-1106,2026-08-18T00:00:00,Synthetic Credential Threats Observation 1106,CREDENTIAL THREATS,CVE ID,CVE-2026-2106,Community Submission,98,LOW,70,CLOSED,2026-08-01,2026-08-18,Global,SYNTHETIC / DEMO ONLY. This record is safe educational data and is not evidence of a real attack.,Command and Control,Application Layer Protocol,CVE-2026-2106,CAMP-26,2026-08-01
THR-2026-1107,2026-05-24T00:00:00,Synthetic Account Security Observation 1107,ACCOUNT SECURITY,FILE HASH,464880a1b40156d930b9d8b7a1f7c94208fb4f6c962a4a5259c0361883ef516e,Security Vendor,54,CRITICAL,75,MONITORING,2026-05-14,2026-05-24,US,SYNTHETIC / DEMO ONLY. This record is safe educational data and is not evidence of a real attack.,Impact,Data Encrypted for Impact,,CAMP-27,2026-05-14
THR-2026-1108,2026-05-25T00:00:00,Synthetic Account Security Observation 1108,ACCOUNT SECURITY,DOMAIN,example.net,Community Submission,63,LOW,48,FALSE_POSITIVE,2026-05-02,2026-05-25,Demo,SYNTHETIC / DEMO ONLY. This record is safe educational data and is not evidence of a real attack.,Impact,Data Encrypted for Impact,,CAMP-28,2026-05-02
THR-2026-1109,2026-06-10T00:00:00,Synthetic Ransomware Observation 1109,RANSOMWARE,URL,https://demo.invalid/threat/1109,Internal SOC,61,LOW,53,FALSE_POSITIVE,2026-05-24,2026-06-10,Demo,SYNTHETIC / DEMO ONLY. This record is safe educational data and is not evidence of a real attack.,Exfiltration,Exfiltration Over Web Service,,CAMP-29,2026-05-24
THR-2026-1110,2026-06-20T00:00:00,Synthetic Data Exposure Observation 1110,DATA EXPOSURE,FILE HASH,94754d171e8247ca4832199c4c19c74556af280316a46c859231c86285b40a11,Internal SOC,61,LOW,54,FALSE_POSITIVE,2026-06-02,2026-06-20,Demo,SYNTHETIC / DEMO ONLY. This record is safe educational data and is not evidence of a real attack.,Exfiltration,Exfiltration Over Web Service,,CAMP-30,2026-06-02
THR-2026-1111,2026-10-11T00:00:00,Synthetic Ransomware Observation 1111,RANSOMWARE,DOMAIN,example.com,Internal SOC,61,LOW,50,UNDER_REVIEW,2026-10-03,2026-10-11,EU,SYNTHETIC / DEMO ONLY. This record is safe educational data and is not evidence of a real attack.,Initial Access,Phishing,,CAMP-31,2026-10-03
THR-2026-1112,2026-03-21T00:00:00,Synthetic Web Threats Observation 1112,WEB THREATS,URL,https://demo.invalid/threat/1112,Public Threat Feed,83,INFORMATIONAL,64,FALSE_POSITIVE,2026-03-06,2026-03-21,US,SYNTHETIC / DEMO ONLY. This record is safe educational data and is not evidence of a real attack.,Credential Access,Valid Accounts,,CAMP-32,2026-03-06
THR-2026-1113,2026-04-01T00:00:00,Synthetic Account Security Observation 1113,ACCOUNT SECURITY,DOMAIN,example.net,Community Submission,56,MEDIUM,56,MONITORING,2026-03-19,2026-04-01,Global,SYNTHETIC / DEMO ONLY. This record is safe educational data and is not evidence of a real attack.,Persistence,Account Access Removal,,CAMP-33,2026-03-19
THR-2026-1114,2026-09-16T00:00:00,Synthetic Account Security Observation 1114,ACCOUNT SECURITY,IP ADDRESS,203.0.113.99,Unknown Source,50,LOW,44,NEW,2026-09-10,2026-09-16,Demo,SYNTHETIC / DEMO ONLY. This record is safe educational data and is not evidence of a real attack.,Discovery,Network Service Scanning,,CAMP-34,2026-09-10
THR-2026-1115,2026-05-05T00:00:00,Synthetic Vulnerability Exposure Observation 1115,VULNERABILITY EXPOSURE,EMAIL/SENDER DOMAIN,mail.example.org,Public Threat Feed,52,CRITICAL,75,NEW,2026-04-23,2026-05-05,US,SYNTHETIC / DEMO ONLY. This record is safe educational data and is not evidence of a real attack.,Persistence,Account Access Removal,,CAMP-35,2026-04-23
THR-2026-1116,2026-09-28T00:00:00,Synthetic Account Security Observation 1116,ACCOUNT SECURITY,CVE ID,CVE-2026-2116,Internal SOC,85,HIGH,70,UNDER_REVIEW,2026-09-01,2026-09-28,EU,SYNTHETIC / DEMO ONLY. This record is safe educational data and is not evidence of a real attack.,Exfiltration,Exfiltration Over Web Service,CVE-2026-2116,CAMP-36,2026-09-01
THR-2026-1117,2026-01-31T00:00:00,Synthetic Phishing Observation 1117,PHISHING,URL,https://demo.invalid/threat/1117,Unknown Source,52,INFORMATIONAL,40,UNDER_REVIEW,2026-01-14,2026-01-31,IN,SYNTHETIC / DEMO ONLY. This record is safe educational data and is not evidence of a real attack.,Persistence,Account Access Removal,,CAMP-37,2026-01-14
THR-2026-1118,2026-02-13T00:00:00,Synthetic Vulnerability Exposure Observation 1118,VULNERABILITY EXPOSURE,FILE HASH,2acbf5c07f575742c24fa08f2c70a92a7b3e971583f47c6144c4403140da4c27,Security Vendor,46,CRITICAL,81,NEW,2026-01-25,2026-02-13,IN,SYNTHETIC / DEMO ONLY. This record is safe educational data and is not evidence of a real attack.,, ,,CAMP-38,2026-01-25
THR-2026-1119,2026-08-29T00:00:00,Synthetic Ransomware Observation 1119,RANSOMWARE,CVE ID,CVE-2026-2119,Internal SOC,46,HIGH,56,CLOSED,2026-08-27,2026-08-29,EU,SYNTHETIC / DEMO ONLY. This record is safe educational data and is not evidence of a real attack.,Discovery,Network Service Scanning,CVE-2026-2119,CAMP-39,2026-08-27
THR-2026-1120,2026-10-07T00:00:00,Synthetic Data Exposure Observation 1120,DATA EXPOSURE,DOMAIN,example.com,Public Threat Feed,77,MEDIUM,70,UNDER_REVIEW,2026-09-25,2026-10-07,EU,SYNTHETIC / DEMO ONLY. This record is safe educational data and is not evidence of a real attack.,Impact,Data Encrypted for Impact,,CAMP-00,2026-09-25
THR-2026-1121,2026-10-30T00:00:00,Synthetic Web Threats Observation 1121,WEB THREATS,DOMAIN,example.com,Research Report,82,MEDIUM,57,NEW,2026-10-08,2026-10-30,IN,SYNTHETIC / DEMO ONLY. This record is safe educational data and is not evidence of a real attack.,Command and Control,Application Layer Protocol,,CAMP-01,2026-10-08
THR-2026-1122,2026-08-18T00:00:00,Synthetic Phishing Observation 1122,PHISHING,DOMAIN,example.org,Public Threat Feed,81,INFORMATIONAL,62,CLOSED,2026-08-10,2026-08-18,EU,SYNTHETIC / DEMO ONLY. This record is safe educational data and is not evidence of a real attack.,Persistence,Account Access Removal,,CAMP-02,2026-08-10
THR-2026-1123,2026-06-14T00:00:00,Synthetic Data Exposure Observation 1123,DATA EXPOSURE,DOMAIN,example.com,Security Vendor,53,LOW,50,UNDER_REVIEW,2026-06-13,2026-06-14,Global,SYNTHETIC / DEMO ONLY. This record is safe educational data and is not evidence of a real attack.,, ,,CAMP-03,2026-06-13
THR-2026-1124,2026-02-10T00:00:00,Synthetic Malware Observation 1124,MALWARE,URL,https://demo.invalid/threat/1124,Public Threat Feed,77,MEDIUM,72,FALSE_POSITIVE,2026-01-23,2026-02-10,US,SYNTHETIC / DEMO ONLY. This record is safe educational data and is not evidence of a real attack.,Command and Control,Application Layer Protocol,,CAMP-04,2026-01-23
THR-2026-1125,2026-05-08T00:00:00,Synthetic Phishing Observation 1125,PHISHING,EMAIL/SENDER DOMAIN,mail.example.org,Internal SOC,67,LOW,50,FALSE_POSITIVE,2026-05-07,2026-05-08,Demo,SYNTHETIC / DEMO ONLY. This record is safe educational data and is not evidence of a real attack.,Impact,Data Encrypted for Impact,,CAMP-05,2026-05-07
THR-2026-1126,2026-08-16T00:00:00,Synthetic Phishing Observation 1126,PHISHING,IP ADDRESS,192.0.2.111,Unknown Source,46,MEDIUM,53,UNDER_REVIEW,2026-07-24,2026-08-16,Demo,SYNTHETIC / DEMO ONLY. This record is safe educational data and is not evidence of a real attack.,Impact,Data Encrypted for Impact,,CAMP-06,2026-07-24
THR-2026-1127,2026-04-28T00:00:00,Synthetic Credential Threats Observation 1127,CREDENTIAL THREATS,EMAIL/SENDER DOMAIN,mail.example.org,Security Vendor,52,MEDIUM,59,MONITORING,2026-04-11,2026-04-28,EU,SYNTHETIC / DEMO ONLY. This record is safe educational data and is not evidence of a real attack.,Persistence,Account Access Removal,,CAMP-07,2026-04-11
THR-2026-1128,2026-05-14T00:00:00,Synthetic Social Engineering Observation 1128,SOCIAL ENGINEERING,URL,https://demo.invalid/threat/1128,Community Submission,74,MEDIUM,60,FALSE_POSITIVE,2026-04-14,2026-05-14,IN,SYNTHETIC / DEMO ONLY. This record is safe educational data and is not evidence of a real attack.,Credential Access,Valid Accounts,,CAMP-08,2026-04-14
THR-2026-1129,2026-10-03T00:00:00,Synthetic Credential Threats Observation 1129,CREDENTIAL THREATS,IP ADDRESS,198.51.100.114,Research Report,56,HIGH,65,MONITORING,2026-09-16,2026-10-03,US,SYNTHETIC / DEMO ONLY. This record is safe educational data and is not evidence of a real attack.,Persistence,Account Access Removal,,CAMP-09,2026-09-16
THR-2026-1130,2026-06-18T00:00:00,Synthetic Vulnerability Exposure Observation 1130,VULNERABILITY EXPOSURE,DOMAIN,example.net,Research Report,72,MEDIUM,70,NEW,2026-06-16,2026-06-18,US,SYNTHETIC / DEMO ONLY. This record is safe educational data and is not evidence of a real attack.,Initial Access,Phishing,,CAMP-10,2026-06-16
THR-2026-1131,2026-07-26T00:00:00,Synthetic Network Threats Observation 1131,NETWORK THREATS,CVE ID,CVE-2026-2131,Community Submission,55,CRITICAL,67,MONITORING,2026-07-03,2026-07-26,US,SYNTHETIC / DEMO ONLY. This record is safe educational data and is not evidence of a real attack.,, ,CVE-2026-2131,CAMP-11,2026-07-03
THR-2026-1132,2026-06-16T00:00:00,Synthetic Ransomware Observation 1132,RANSOMWARE,EMAIL/SENDER DOMAIN,alerts.example.net,Public Threat Feed,51,LOW,56,NEW,2026-05-21,2026-06-16,Demo,SYNTHETIC / DEMO ONLY. This record is safe educational data and is not evidence of a real attack.,Initial Access,Phishing,,CAMP-12,2026-05-21
THR-2026-1133,2026-02-05T00:00:00,Synthetic Account Security Observation 1133,ACCOUNT SECURITY,FILE HASH,f872f7868652297940312d17fceaf7077383c1253eedc37a8f81b5d59e30888c,Unknown Source,95,CRITICAL,77,FALSE_POSITIVE,2026-01-19,2026-02-05,EU,SYNTHETIC / DEMO ONLY. This record is safe educational data and is not evidence of a real attack.,Discovery,Network Service Scanning,,CAMP-13,2026-01-19
THR-2026-1134,2026-05-23T00:00:00,Synthetic Credential Threats Observation 1134,CREDENTIAL THREATS,CVE ID,CVE-2026-2134,Community Submission,84,CRITICAL,81,NEW,2026-05-05,2026-05-23,IN,SYNTHETIC / DEMO ONLY. This record is safe educational data and is not evidence of a real attack.,, ,CVE-2026-2134,CAMP-14,2026-05-05
THR-2026-1135,2026-02-02T00:00:00,Synthetic Network Threats Observation 1135,NETWORK THREATS,IP ADDRESS,192.0.2.120,Security Vendor,97,MEDIUM,74,UNDER_REVIEW,2026-01-05,2026-02-02,Demo,SYNTHETIC / DEMO ONLY. This record is safe educational data and is not evidence of a real attack.,Persistence,Account Access Removal,,CAMP-15,2026-01-05
THR-2026-1136,2026-09-28T00:00:00,Synthetic Phishing Observation 1136,PHISHING,CVE ID,CVE-2026-2136,Public Threat Feed,62,MEDIUM,63,NEW,2026-09-26,2026-09-28,EU,SYNTHETIC / DEMO ONLY. This record is safe educational data and is not evidence of a real attack.,Persistence,Account Access Removal,CVE-2026-2136,CAMP-16,2026-09-26
THR-2026-1137,2026-05-22T00:00:00,Synthetic Ransomware Observation 1137,RANSOMWARE,FILE HASH,6274e060dee439e84031fe10e58ab82ef3ef7e71e40d436f3731ed23528d4edf,Security Vendor,80,LOW,67,CLOSED,2026-05-04,2026-05-22,US,SYNTHETIC / DEMO ONLY. This record is safe educational data and is not evidence of a real attack.,Persistence,Account Access Removal,,CAMP-17,2026-05-04
THR-2026-1138,2026-01-30T00:00:00,Synthetic Phishing Observation 1138,PHISHING,URL,https://demo.invalid/threat/1138,Community Submission,58,CRITICAL,62,UNDER_REVIEW,2026-01-10,2026-01-30,Demo,SYNTHETIC / DEMO ONLY. This record is safe educational data and is not evidence of a real attack.,, ,,CAMP-18,2026-01-10
THR-2026-1139,2026-09-20T00:00:00,Synthetic Malware Observation 1139,MALWARE,FILE HASH,0ac231a7f53e5be67b98dcae47a4121b76372fe2a41df801e60f43b5c25a4f4e,Community Submission,75,LOW,59,UNDER_REVIEW,2026-08-25,2026-09-20,EU,SYNTHETIC / DEMO ONLY. This record is safe educational data and is not evidence of a real attack.,Initial Access,Phishing,,CAMP-19,2026-08-25
THR-2026-1140,2026-08-22T00:00:00,Synthetic Data Exposure Observation 1140,DATA EXPOSURE,URL,https://demo.invalid/threat/1140,Security Vendor,97,CRITICAL,77,UNDER_REVIEW,2026-07-27,2026-08-22,Demo,SYNTHETIC / DEMO ONLY. This record is safe educational data and is not evidence of a real attack.,Credential Access,Valid Accounts,,CAMP-20,2026-07-27
THR-2026-1141,2026-05-07T00:00:00,Synthetic Credential Threats Observation 1141,CREDENTIAL THREATS,EMAIL/SENDER DOMAIN,mail.example.org,Security Vendor,85,HIGH,69,UNDER_REVIEW,2026-04-20,2026-05-07,US,SYNTHETIC / DEMO ONLY. This record is safe educational data and is not evidence of a real attack.,Command and Control,Application Layer Protocol,,CAMP-21,2026-04-20
THR-2026-1142,2026-05-28T00:00:00,Synthetic Network Threats Observation 1142,NETWORK THREATS,FILE HASH,cd6d761317817855aa3722de311c1a52ae8be880d87453db0bfac068ea9a6e76,Security Vendor,72,MEDIUM,69,NEW,2026-05-12,2026-05-28,Demo,SYNTHETIC / DEMO ONLY. This record is safe educational data and is not evidence of a real attack.,Impact,Data Encrypted for Impact,,CAMP-22,2026-05-12
THR-2026-1143,2026-04-25T00:00:00,Synthetic Social Engineering Observation 1143,SOCIAL ENGINEERING,IP ADDRESS,203.0.113.128,Research Report,72,HIGH,67,FALSE_POSITIVE,2026-04-16,2026-04-25,US,SYNTHETIC / DEMO ONLY. This record is safe educational data and is not evidence of a real attack.,Impact,Data Encrypted for Impact,,CAMP-23,2026-04-16
THR-2026-1144,2026-03-21T00:00:00,Synthetic Social Engineering Observation 1144,SOCIAL ENGINEERING,EMAIL/SENDER DOMAIN,mail.example.org,Public Threat Feed,91,MEDIUM,63,NEW,2026-03-20,2026-03-21,Global,SYNTHETIC / DEMO ONLY. This record is safe educational data and is not evidence of a real attack.,Impact,Data Encrypted for Impact,,CAMP-24,2026-03-20
THR-2026-1145,2026-01-31T00:00:00,Synthetic Malware Observation 1145,MALWARE,DOMAIN,example.org,Research Report,53,HIGH,74,UNDER_REVIEW,2026-01-07,2026-01-31,Global,SYNTHETIC / DEMO ONLY. This record is safe educational data and is not evidence of a real attack.,Persistence,Account Access Removal,,CAMP-25,2026-01-07
THR-2026-1146,2026-03-26T00:00:00,Synthetic Web Threats Observation 1146,WEB THREATS,URL,https://demo.invalid/threat/1146,Research Report,84,HIGH,70,MONITORING,2026-03-09,2026-03-26,IN,SYNTHETIC / DEMO ONLY. This record is safe educational data and is not evidence of a real attack.,Exfiltration,Exfiltration Over Web Service,,CAMP-26,2026-03-09
THR-2026-1147,2026-10-05T00:00:00,Synthetic Web Threats Observation 1147,WEB THREATS,IP ADDRESS,192.0.2.132,Unknown Source,78,HIGH,71,NEW,2026-09-19,2026-10-05,Demo,SYNTHETIC / DEMO ONLY. This record is safe educational data and is not evidence of a real attack.,Impact,Data Encrypted for Impact,,CAMP-27,2026-09-19
THR-2026-1148,2026-02-09T00:00:00,Synthetic Social Engineering Observation 1148,SOCIAL ENGINEERING,EMAIL/SENDER DOMAIN,mail.example.org,Public Threat Feed,73,MEDIUM,60,NEW,2026-01-29,2026-02-09,IN,SYNTHETIC / DEMO ONLY. This record is safe educational data and is not evidence of a real attack.,Discovery,Network Service Scanning,,CAMP-28,2026-01-29
THR-2026-1149,2026-05-19T00:00:00,Synthetic Malware Observation 1149,MALWARE,CVE ID,CVE-2026-2149,Security Vendor,55,LOW,52,UNDER_REVIEW,2026-04-22,2026-05-19,US,SYNTHETIC / DEMO ONLY. This record is safe educational data and is not evidence of a real attack.,Credential Access,Valid Accounts,CVE-2026-2149,CAMP-29,2026-04-22
THR-2026-1150,2026-07-17T00:00:00,Synthetic Network Threats Observation 1150,NETWORK THREATS,IP ADDRESS,203.0.113.135,Research Report,55,MEDIUM,66,FALSE_POSITIVE,2026-07-06,2026-07-17,IN,SYNTHETIC / DEMO ONLY. This record is safe educational data and is not evidence of a real attack.,Initial Access,Phishing,,CAMP-30,2026-07-06
THR-2026-1151,2026-05-15T00:00:00,Synthetic Web Threats Observation 1151,WEB THREATS,CVE ID,CVE-2026-2151,Internal SOC,68,LOW,48,NEW,2026-04-17,2026-05-15,EU,SYNTHETIC / DEMO ONLY. This record is safe educational data and is not evidence of a real attack.,Persistence,Account Access Removal,CVE-2026-2151,CAMP-31,2026-04-17
THR-2026-1152,2026-01-28T00:00:00,Synthetic Phishing Observation 1152,PHISHING,EMAIL/SENDER DOMAIN,mail.example.org,Internal SOC,68,CRITICAL,80,CLOSED,2026-01-09,2026-01-28,EU,SYNTHETIC / DEMO ONLY. This record is safe educational data and is not evidence of a real attack.,Discovery,Network Service Scanning,,CAMP-32,2026-01-09
THR-2026-1153,2026-08-10T00:00:00,Synthetic Account Security Observation 1153,ACCOUNT SECURITY,CVE ID,CVE-2026-2153,Public Threat Feed,49,HIGH,69,UNDER_REVIEW,2026-07-17,2026-08-10,EU,SYNTHETIC / DEMO ONLY. This record is safe educational data and is not evidence of a real attack.,Command and Control,Application Layer Protocol,CVE-2026-2153,CAMP-33,2026-07-17
THR-2026-1154,2026-07-27T00:00:00,Synthetic Account Security Observation 1154,ACCOUNT SECURITY,URL,https://demo.invalid/threat/1154,Community Submission,48,CRITICAL,68,NEW,2026-07-22,2026-07-27,Global,SYNTHETIC / DEMO ONLY. This record is safe educational data and is not evidence of a real attack.,, ,,CAMP-34,2026-07-22
THR-2026-1155,2026-05-02T00:00:00,Synthetic Web Threats Observation 1155,WEB THREATS,DOMAIN,example.org,Unknown Source,61,CRITICAL,69,FALSE_POSITIVE,2026-04-08,2026-05-02,Demo,SYNTHETIC / DEMO ONLY. This record is safe educational data and is not evidence of a real attack.,Credential Access,Valid Accounts,,CAMP-35,2026-04-08
THR-2026-1156,2026-04-12T00:00:00,Synthetic Account Security Observation 1156,ACCOUNT SECURITY,URL,https://demo.invalid/threat/1156,Public Threat Feed,90,HIGH,70,CLOSED,2026-04-02,2026-04-12,IN,SYNTHETIC / DEMO ONLY. This record is safe educational data and is not evidence of a real attack.,Discovery,Network Service Scanning,,CAMP-36,2026-04-02
THR-2026-1157,2026-02-22T00:00:00,Synthetic Social Engineering Observation 1157,SOCIAL ENGINEERING,CVE ID,CVE-2026-2157,Unknown Source,58,MEDIUM,64,CLOSED,2026-02-06,2026-02-22,EU,SYNTHETIC / DEMO ONLY. This record is safe educational data and is not evidence of a real attack.,Exfiltration,Exfiltration Over Web Service,CVE-2026-2157,CAMP-37,2026-02-06
THR-2026-1158,2026-02-24T00:00:00,Synthetic Account Security Observation 1158,ACCOUNT SECURITY,EMAIL/SENDER DOMAIN,mail.example.org,Research Report,91,MEDIUM,64,MONITORING,2026-01-29,2026-02-24,IN,SYNTHETIC / DEMO ONLY. This record is safe educational data and is not evidence of a real attack.,Impact,Data Encrypted for Impact,,CAMP-38,2026-01-29
THR-2026-1159,2026-10-11T00:00:00,Synthetic Network Threats Observation 1159,NETWORK THREATS,EMAIL/SENDER DOMAIN,mail.example.org,Public Threat Feed,55,MEDIUM,48,NEW,2026-09-21,2026-10-11,Demo,SYNTHETIC / DEMO ONLY. This record is safe educational data and is not evidence of a real attack.,Initial Access,Phishing,,CAMP-39,2026-09-21
THR-2026-1160,2026-01-26T00:00:00,Synthetic Malware Observation 1160,MALWARE,EMAIL/SENDER DOMAIN,mail.example.org,Research Report,53,CRITICAL,69,NEW,2026-01-01,2026-01-26,Demo,SYNTHETIC / DEMO ONLY. This record is safe educational data and is not evidence of a real attack.,Command and Control,Application Layer Protocol,,CAMP-00,2026-01-01
THR-2026-1161,2026-06-21T00:00:00,Synthetic Vulnerability Exposure Observation 1161,VULNERABILITY EXPOSURE,EMAIL/SENDER DOMAIN,mail.example.org,Unknown Source,93,HIGH,75,NEW,2026-06-17,2026-06-21,EU,SYNTHETIC / DEMO ONLY. This record is safe educational data and is not evidence of a real attack.,Initial Access,Phishing,,CAMP-01,2026-06-17
THR-2026-1162,2026-08-25T00:00:00,Synthetic Credential Threats Observation 1162,CREDENTIAL THREATS,EMAIL/SENDER DOMAIN,alerts.example.net,Internal SOC,52,MEDIUM,57,FALSE_POSITIVE,2026-07-27,2026-08-25,EU,SYNTHETIC / DEMO ONLY. This record is safe educational data and is not evidence of a real attack.,Credential Access,Valid Accounts,,CAMP-02,2026-07-27
THR-2026-1163,2026-04-05T00:00:00,Synthetic Ransomware Observation 1163,RANSOMWARE,DOMAIN,demo.invalid,Community Submission,78,HIGH,69,FALSE_POSITIVE,2026-03-08,2026-04-05,IN,SYNTHETIC / DEMO ONLY. This record is safe educational data and is not evidence of a real attack.,Credential Access,Valid Accounts,,CAMP-03,2026-03-08
THR-2026-1164,2026-10-16T00:00:00,Synthetic Ransomware Observation 1164,RANSOMWARE,DOMAIN,example.net,Community Submission,96,HIGH,72,UNDER_REVIEW,2026-09-22,2026-10-16,Demo,SYNTHETIC / DEMO ONLY. This record is safe educational data and is not evidence of a real attack.,Initial Access,Phishing,,CAMP-04,2026-09-22
THR-2026-1165,2026-10-25T00:00:00,Synthetic Credential Threats Observation 1165,CREDENTIAL THREATS,CVE ID,CVE-2026-2165,Research Report,74,MEDIUM,66,UNDER_REVIEW,2026-10-03,2026-10-25,Demo,SYNTHETIC / DEMO ONLY. This record is safe educational data and is not evidence of a real attack.,, ,CVE-2026-2165,CAMP-05,2026-10-03
THR-2026-1166,2026-09-08T00:00:00,Synthetic Account Security Observation 1166,ACCOUNT SECURITY,EMAIL/SENDER DOMAIN,mail.example.org,Unknown Source,60,MEDIUM,56,UNDER_REVIEW,2026-08-14,2026-09-08,IN,SYNTHETIC / DEMO ONLY. This record is safe educational data and is not evidence of a real attack.,Persistence,Account Access Removal,,CAMP-06,2026-08-14
THR-2026-1167,2026-06-18T00:00:00,Synthetic Data Exposure Observation 1167,DATA EXPOSURE,DOMAIN,example.net,Research Report,93,CRITICAL,84,NEW,2026-05-29,2026-06-18,EU,SYNTHETIC / DEMO ONLY. This record is safe educational data and is not evidence of a real attack.,Discovery,Network Service Scanning,,CAMP-07,2026-05-29
THR-2026-1168,2026-04-29T00:00:00,Synthetic Ransomware Observation 1168,RANSOMWARE,DOMAIN,example.com,Public Threat Feed,96,HIGH,74,FALSE_POSITIVE,2026-03-30,2026-04-29,Demo,SYNTHETIC / DEMO ONLY. This record is safe educational data and is not evidence of a real attack.,Persistence,Account Access Removal,,CAMP-08,2026-03-30
THR-2026-1169,2026-06-15T00:00:00,Synthetic Web Threats Observation 1169,WEB THREATS,DOMAIN,example.org,Community Submission,50,MEDIUM,62,UNDER_REVIEW,2026-05-21,2026-06-15,US,SYNTHETIC / DEMO ONLY. This record is safe educational data and is not evidence of a real attack.,, ,,CAMP-09,2026-05-21
THR-2026-1170,2026-10-02T00:00:00,Synthetic Ransomware Observation 1170,RANSOMWARE,EMAIL/SENDER DOMAIN,mail.example.org,Security Vendor,59,HIGH,68,NEW,2026-09-22,2026-10-02,US,SYNTHETIC / DEMO ONLY. This record is safe educational data and is not evidence of a real attack.,Discovery,Network Service Scanning,,CAMP-10,2026-09-22
THR-2026-1171,2026-10-27T00:00:00,Synthetic Network Threats Observation 1171,NETWORK THREATS,DOMAIN,example.org,Internal SOC,69,INFORMATIONAL,38,CLOSED,2026-10-08,2026-10-27,EU,SYNTHETIC / DEMO ONLY. This record is safe educational data and is not evidence of a real attack.,Exfiltration,Exfiltration Over Web Service,,CAMP-11,2026-10-08
THR-2026-1172,2026-03-21T00:00:00,Synthetic Data Exposure Observation 1172,DATA EXPOSURE,URL,https://demo.invalid/threat/1172,Public Threat Feed,71,MEDIUM,65,MONITORING,2026-02-24,2026-03-21,EU,SYNTHETIC / DEMO ONLY. This record is safe educational data and is not evidence of a real attack.,Impact,Data Encrypted for Impact,,CAMP-12,2026-02-24
THR-2026-1173,2026-04-12T00:00:00,Synthetic Phishing Observation 1173,PHISHING,IP ADDRESS,192.0.2.158,Unknown Source,61,LOW,55,FALSE_POSITIVE,2026-03-20,2026-04-12,IN,SYNTHETIC / DEMO ONLY. This record is safe educational data and is not evidence of a real attack.,Credential Access,Valid Accounts,,CAMP-13,2026-03-20
THR-2026-1174,2026-02-22T00:00:00,Synthetic Data Exposure Observation 1174,DATA EXPOSURE,CVE ID,CVE-2026-2174,Public Threat Feed,83,HIGH,66,MONITORING,2026-02-22,2026-02-22,US,SYNTHETIC / DEMO ONLY. This record is safe educational data and is not evidence of a real attack.,Command and Control,Application Layer Protocol,CVE-2026-2174,CAMP-14,2026-02-22
THR-2026-1175,2026-05-30T00:00:00,Synthetic Ransomware Observation 1175,RANSOMWARE,FILE HASH,fe8d4bce1e63d566149bd342276bd72e71211ab54c3cc488e33bc8d5c244aa02,Unknown Source,64,LOW,60,NEW,2026-05-28,2026-05-30,Global,SYNTHETIC / DEMO ONLY. This record is safe educational data and is not evidence of a real attack.,Credential Access,Valid Accounts,,CAMP-15,2026-05-28
THR-2026-1176,2026-01-30T00:00:00,Synthetic Network Threats Observation 1176,NETWORK THREATS,EMAIL/SENDER DOMAIN,alerts.example.net,Public Threat Feed,80,HIGH,81,UNDER_REVIEW,2026-01-16,2026-01-30,Global,SYNTHETIC / DEMO ONLY. This record is safe educational data and is not evidence of a real attack.,, ,,CAMP-16,2026-01-16
THR-2026-1177,2026-07-16T00:00:00,Synthetic Ransomware Observation 1177,RANSOMWARE,CVE ID,CVE-2026-2177,Community Submission,77,HIGH,76,CLOSED,2026-07-10,2026-07-16,Global,SYNTHETIC / DEMO ONLY. This record is safe educational data and is not evidence of a real attack.,Impact,Data Encrypted for Impact,CVE-2026-2177,CAMP-17,2026-07-10
THR-2026-1178,2026-04-13T00:00:00,Synthetic Phishing Observation 1178,PHISHING,FILE HASH,753505eadf41c7dcce7ec03f65506e85f918c1aadde8fdfcfb67e71ba2f540ac,Internal SOC,94,INFORMATIONAL,52,UNDER_REVIEW,2026-04-06,2026-04-13,EU,SYNTHETIC / DEMO ONLY. This record is safe educational data and is not evidence of a real attack.,Persistence,Account Access Removal,,CAMP-18,2026-04-06
THR-2026-1179,2026-09-02T00:00:00,Synthetic Network Threats Observation 1179,NETWORK THREATS,URL,https://demo.invalid/threat/1179,Internal SOC,46,MEDIUM,56,MONITORING,2026-08-03,2026-09-02,IN,SYNTHETIC / DEMO ONLY. This record is safe educational data and is not evidence of a real attack.,Exfiltration,Exfiltration Over Web Service,,CAMP-19,2026-08-03
THR-2026-1180,2026-07-21T00:00:00,Synthetic Social Engineering Observation 1180,SOCIAL ENGINEERING,URL,https://demo.invalid/threat/1180,Public Threat Feed,58,MEDIUM,68,FALSE_POSITIVE,2026-07-19,2026-07-21,US,SYNTHETIC / DEMO ONLY. This record is safe educational data and is not evidence of a real attack.,Persistence,Account Access Removal,,CAMP-20,2026-07-19
THR-2026-1181,2026-10-10T00:00:00,Synthetic Vulnerability Exposure Observation 1181,VULNERABILITY EXPOSURE,DOMAIN,example.com,Research Report,93,MEDIUM,68,MONITORING,2026-09-26,2026-10-10,IN,SYNTHETIC / DEMO ONLY. This record is safe educational data and is not evidence of a real attack.,Exfiltration,Exfiltration Over Web Service,,CAMP-21,2026-09-26
THR-2026-1182,2026-01-30T00:00:00,Synthetic Phishing Observation 1182,PHISHING,DOMAIN,demo.invalid,Public Threat Feed,68,MEDIUM,63,MONITORING,2026-01-07,2026-01-30,US,SYNTHETIC / DEMO ONLY. This record is safe educational data and is not evidence of a real attack.,Initial Access,Phishing,,CAMP-22,2026-01-07
THR-2026-1183,2026-02-11T00:00:00,Synthetic Phishing Observation 1183,PHISHING,CVE ID,CVE-2026-2183,Internal SOC,73,MEDIUM,62,NEW,2026-01-22,2026-02-11,Demo,SYNTHETIC / DEMO ONLY. This record is safe educational data and is not evidence of a real attack.,Initial Access,Phishing,CVE-2026-2183,CAMP-23,2026-01-22
THR-2026-1184,2026-04-12T00:00:00,Synthetic Vulnerability Exposure Observation 1184,VULNERABILITY EXPOSURE,CVE ID,CVE-2026-2184,Internal SOC,90,MEDIUM,68,CLOSED,2026-03-20,2026-04-12,EU,SYNTHETIC / DEMO ONLY. This record is safe educational data and is not evidence of a real attack.,Impact,Data Encrypted for Impact,CVE-2026-2184,CAMP-24,2026-03-20
THR-2026-1185,2026-03-06T00:00:00,Synthetic Malware Observation 1185,MALWARE,DOMAIN,example.org,Unknown Source,66,CRITICAL,73,CLOSED,2026-02-15,2026-03-06,US,SYNTHETIC / DEMO ONLY. This record is safe educational data and is not evidence of a real attack.,Initial Access,Phishing,,CAMP-25,2026-02-15
THR-2026-1186,2026-06-12T00:00:00,Synthetic Ransomware Observation 1186,RANSOMWARE,URL,https://demo.invalid/threat/1186,Community Submission,92,HIGH,80,FALSE_POSITIVE,2026-06-11,2026-06-12,Global,SYNTHETIC / DEMO ONLY. This record is safe educational data and is not evidence of a real attack.,Persistence,Account Access Removal,,CAMP-26,2026-06-11
THR-2026-1187,2026-06-02T00:00:00,Synthetic Account Security Observation 1187,ACCOUNT SECURITY,IP ADDRESS,198.51.100.172,Research Report,79,CRITICAL,78,CLOSED,2026-05-20,2026-06-02,IN,SYNTHETIC / DEMO ONLY. This record is safe educational data and is not evidence of a real attack.,Discovery,Network Service Scanning,,CAMP-27,2026-05-20
THR-2026-1188,2026-08-30T00:00:00,Synthetic Ransomware Observation 1188,RANSOMWARE,IP ADDRESS,192.0.2.173,Research Report,58,LOW,55,NEW,2026-08-29,2026-08-30,EU,SYNTHETIC / DEMO ONLY. This record is safe educational data and is not evidence of a real attack.,Command and Control,Application Layer Protocol,,CAMP-28,2026-08-29
THR-2026-1189,2026-04-09T00:00:00,Synthetic Malware Observation 1189,MALWARE,EMAIL/SENDER DOMAIN,alerts.example.net,Public Threat Feed,57,MEDIUM,49,MONITORING,2026-04-06,2026-04-09,US,SYNTHETIC / DEMO ONLY. This record is safe educational data and is not evidence of a real attack.,Credential Access,Valid Accounts,,CAMP-29,2026-04-06
THR-2026-1190,2026-04-13T00:00:00,Synthetic Vulnerability Exposure Observation 1190,VULNERABILITY EXPOSURE,EMAIL/SENDER DOMAIN,alerts.example.net,Community Submission,57,MEDIUM,57,FALSE_POSITIVE,2026-03-17,2026-04-13,Global,SYNTHETIC / DEMO ONLY. This record is safe educational data and is not evidence of a real attack.,Discovery,Network Service Scanning,,CAMP-30,2026-03-17
THR-2026-1191,2026-08-13T00:00:00,Synthetic Malware Observation 1191,MALWARE,DOMAIN,example.org,Community Submission,88,INFORMATIONAL,60,MONITORING,2026-07-14,2026-08-13,Demo,SYNTHETIC / DEMO ONLY. This record is safe educational data and is not evidence of a real attack.,Discovery,Network Service Scanning,,CAMP-31,2026-07-14
THR-2026-1192,2026-07-16T00:00:00,Synthetic Malware Observation 1192,MALWARE,DOMAIN,example.com,Community Submission,67,MEDIUM,60,CLOSED,2026-06-28,2026-07-16,EU,SYNTHETIC / DEMO ONLY. This record is safe educational data and is not evidence of a real attack.,Initial Access,Phishing,,CAMP-32,2026-06-28
THR-2026-1193,2026-09-05T00:00:00,Synthetic Social Engineering Observation 1193,SOCIAL ENGINEERING,IP ADDRESS,198.51.100.178,Security Vendor,59,HIGH,67,NEW,2026-08-14,2026-09-05,IN,SYNTHETIC / DEMO ONLY. This record is safe educational data and is not evidence of a real attack.,Impact,Data Encrypted for Impact,,CAMP-33,2026-08-14
THR-2026-1194,2026-04-25T00:00:00,Synthetic Ransomware Observation 1194,RANSOMWARE,CVE ID,CVE-2026-2194,Unknown Source,72,MEDIUM,65,NEW,2026-03-26,2026-04-25,Global,SYNTHETIC / DEMO ONLY. This record is safe educational data and is not evidence of a real attack.,Credential Access,Valid Accounts,CVE-2026-2194,CAMP-34,2026-03-26
THR-2026-1195,2026-04-16T00:00:00,Synthetic Account Security Observation 1195,ACCOUNT SECURITY,URL,https://demo.invalid/threat/1195,Internal SOC,80,MEDIUM,56,CLOSED,2026-03-18,2026-04-16,US,SYNTHETIC / DEMO ONLY. This record is safe educational data and is not evidence of a real attack.,Command and Control,Application Layer Protocol,,CAMP-35,2026-03-18
THR-2026-1196,2026-07-08T00:00:00,Synthetic Ransomware Observation 1196,RANSOMWARE,URL,https://demo.invalid/threat/1196,Research Report,59,HIGH,68,MONITORING,2026-06-13,2026-07-08,EU,SYNTHETIC / DEMO ONLY. This record is safe educational data and is not evidence of a real attack.,Command and Control,Application Layer Protocol,,CAMP-36,2026-06-13
THR-2026-1197,2026-06-15T00:00:00,Synthetic Credential Threats Observation 1197,CREDENTIAL THREATS,CVE ID,CVE-2026-2197,Community Submission,85,MEDIUM,67,MONITORING,2026-06-07,2026-06-15,Global,SYNTHETIC / DEMO ONLY. This record is safe educational data and is not evidence of a real attack.,Initial Access,Phishing,CVE-2026-2197,CAMP-37,2026-06-07
THR-2026-1198,2026-06-19T00:00:00,Synthetic Data Exposure Observation 1198,DATA EXPOSURE,IP ADDRESS,198.51.100.183,Unknown Source,77,LOW,55,CLOSED,2026-06-04,2026-06-19,EU,SYNTHETIC / DEMO ONLY. This record is safe educational data and is not evidence of a real attack.,Impact,Data Encrypted for Impact,,CAMP-38,2026-06-04
THR-2026-1199,2026-05-05T00:00:00,Synthetic Social Engineering Observation 1199,SOCIAL ENGINEERING,FILE HASH,bc99ab72d9a26b7e80ad69de49fbe18d8f2de9b075735c901169597c7fda884c,Community Submission,65,CRITICAL,74,FALSE_POSITIVE,2026-04-30,2026-05-05,IN,SYNTHETIC / DEMO ONLY. This record is safe educational data and is not evidence of a real attack.,Impact,Data Encrypted for Impact,,CAMP-39,2026-04-30
THR-2026-1200,2026-03-10T00:00:00,Synthetic Ransomware Observation 1200,RANSOMWARE,URL,https://demo.invalid/threat/1200,Security Vendor,57,MEDIUM,58,MONITORING,2026-02-15,2026-03-10,IN,SYNTHETIC / DEMO ONLY. This record is safe educational data and is not evidence of a real attack.,Command and Control,Application Layer Protocol,,CAMP-00,2026-02-15
THR-2026-1201,2026-06-25T00:00:00,Synthetic Ransomware Observation 1201,RANSOMWARE,URL,https://demo.invalid/threat/1201,Public Threat Feed,57,MEDIUM,54,NEW,2026-05-27,2026-06-25,US,SYNTHETIC / DEMO ONLY. This record is safe educational data and is not evidence of a real attack.,Exfiltration,Exfiltration Over Web Service,,CAMP-01,2026-05-27
THR-2026-1202,2026-01-07T00:00:00,Synthetic Data Exposure Observation 1202,DATA EXPOSURE,FILE HASH,d53665bc7f23863c7fae5367f0e3b120cf94f6311bdee54bea923c18f1f49263,Research Report,46,LOW,54,NEW,2026-01-02,2026-01-07,US,SYNTHETIC / DEMO ONLY. This record is safe educational data and is not evidence of a real attack.,Command and Control,Application Layer Protocol,,CAMP-02,2026-01-02
THR-2026-1203,2026-09-24T00:00:00,Synthetic Credential Threats Observation 1203,CREDENTIAL THREATS,CVE ID,CVE-2026-2203,Community Submission,73,LOW,52,FALSE_POSITIVE,2026-09-24,2026-09-24,Global,SYNTHETIC / DEMO ONLY. This record is safe educational data and is not evidence of a real attack.,Credential Access,Valid Accounts,CVE-2026-2203,CAMP-03,2026-09-24
THR-2026-1204,2026-06-10T00:00:00,Synthetic Social Engineering Observation 1204,SOCIAL ENGINEERING,FILE HASH,d95e0ecc44170815fc903ecffb74e26c42aaae82f8fa4f8a26eecd238e47f6d5,Unknown Source,98,MEDIUM,79,MONITORING,2026-05-11,2026-06-10,Global,SYNTHETIC / DEMO ONLY. This record is safe educational data and is not evidence of a real attack.,, ,,CAMP-04,2026-05-11
THR-2026-1205,2026-03-04T00:00:00,Synthetic Network Threats Observation 1205,NETWORK THREATS,DOMAIN,example.net,Unknown Source,65,MEDIUM,60,MONITORING,2026-02-09,2026-03-04,US,SYNTHETIC / DEMO ONLY. This record is safe educational data and is not evidence of a real attack.,Discovery,Network Service Scanning,,CAMP-05,2026-02-09
THR-2026-1206,2026-01-22T00:00:00,Synthetic Web Threats Observation 1206,WEB THREATS,IP ADDRESS,198.51.100.191,Internal SOC,92,LOW,62,UNDER_REVIEW,2026-01-03,2026-01-22,Global,SYNTHETIC / DEMO ONLY. This record is safe educational data and is not evidence of a real attack.,Initial Access,Phishing,,CAMP-06,2026-01-03
THR-2026-1207,2026-09-17T00:00:00,Synthetic Vulnerability Exposure Observation 1207,VULNERABILITY EXPOSURE,URL,https://demo.invalid/threat/1207,Internal SOC,79,HIGH,72,MONITORING,2026-09-02,2026-09-17,IN,SYNTHETIC / DEMO ONLY. This record is safe educational data and is not evidence of a real attack.,Credential Access,Valid Accounts,,CAMP-07,2026-09-02
THR-2026-1208,2026-05-08T00:00:00,Synthetic Malware Observation 1208,MALWARE,FILE HASH,36ca678e08d80aeb7086cd960078c57feb05aa6ec25a049ff7e52db7c3e4efab,Security Vendor,55,MEDIUM,59,FALSE_POSITIVE,2026-04-12,2026-05-08,EU,SYNTHETIC / DEMO ONLY. This record is safe educational data and is not evidence of a real attack.,Persistence,Account Access Removal,,CAMP-08,2026-04-12
THR-2026-1209,2026-05-17T00:00:00,Synthetic Network Threats Observation 1209,NETWORK THREATS,EMAIL/SENDER DOMAIN,mail.example.org,Community Submission,79,HIGH,82,CLOSED,2026-05-04,2026-05-17,Demo,SYNTHETIC / DEMO ONLY. This record is safe educational data and is not evidence of a real attack.,Command and Control,Application Layer Protocol,,CAMP-09,2026-05-04
THR-2026-1210,2026-10-03T00:00:00,Synthetic Phishing Observation 1210,PHISHING,EMAIL/SENDER DOMAIN,alerts.example.net,Security Vendor,96,MEDIUM,75,MONITORING,2026-10-03,2026-10-03,IN,SYNTHETIC / DEMO ONLY. This record is safe educational data and is not evidence of a real attack.,Impact,Data Encrypted for Impact,,CAMP-10,2026-10-03
THR-2026-1211,2026-01-27T00:00:00,Synthetic Network Threats Observation 1211,NETWORK THREATS,URL,https://demo.invalid/threat/1211,Security Vendor,74,HIGH,62,NEW,2026-01-05,2026-01-27,Demo,SYNTHETIC / DEMO ONLY. This record is safe educational data and is not evidence of a real attack.,Impact,Data Encrypted for Impact,,CAMP-11,2026-01-05
THR-2026-1212,2026-09-19T00:00:00,Synthetic Account Security Observation 1212,ACCOUNT SECURITY,EMAIL/SENDER DOMAIN,mail.example.org,Unknown Source,65,MEDIUM,59,FALSE_POSITIVE,2026-08-28,2026-09-19,Global,SYNTHETIC / DEMO ONLY. This record is safe educational data and is not evidence of a real attack.,Command and Control,Application Layer Protocol,,CAMP-12,2026-08-28
THR-2026-1213,2026-09-16T00:00:00,Synthetic Network Threats Observation 1213,NETWORK THREATS,DOMAIN,demo.invalid,Community Submission,69,HIGH,70,MONITORING,2026-09-16,2026-09-16,EU,SYNTHETIC / DEMO ONLY. This record is safe educational data and is not evidence of a real attack.,Initial Access,Phishing,,CAMP-13,2026-09-16
THR-2026-1214,2026-06-09T00:00:00,Synthetic Vulnerability Exposure Observation 1214,VULNERABILITY EXPOSURE,FILE HASH,88277f382ccabc39a1ae697bfea634a0cccf9de281cdd56d6e5ceaf11b88d6a8,Public Threat Feed,53,MEDIUM,53,CLOSED,2026-06-07,2026-06-09,IN,SYNTHETIC / DEMO ONLY. This record is safe educational data and is not evidence of a real attack.,Persistence,Account Access Removal,,CAMP-14,2026-06-07
THR-2026-1215,2026-04-29T00:00:00,Synthetic Vulnerability Exposure Observation 1215,VULNERABILITY EXPOSURE,IP ADDRESS,198.51.100.200,Research Report,65,MEDIUM,55,NEW,2026-04-02,2026-04-29,Global,SYNTHETIC / DEMO ONLY. This record is safe educational data and is not evidence of a real attack.,Command and Control,Application Layer Protocol,,CAMP-15,2026-04-02
THR-2026-1216,2026-02-05T00:00:00,Synthetic Account Security Observation 1216,ACCOUNT SECURITY,CVE ID,CVE-2026-2216,Security Vendor,52,CRITICAL,69,UNDER_REVIEW,2026-01-23,2026-02-05,EU,SYNTHETIC / DEMO ONLY. This record is safe educational data and is not evidence of a real attack.,Discovery,Network Service Scanning,CVE-2026-2216,CAMP-16,2026-01-23
THR-2026-1217,2026-01-08T00:00:00,Synthetic Malware Observation 1217,MALWARE,IP ADDRESS,198.51.100.202,Internal SOC,76,MEDIUM,65,CLOSED,2026-01-05,2026-01-08,US,SYNTHETIC / DEMO ONLY. This record is safe educational data and is not evidence of a real attack.,Exfiltration,Exfiltration Over Web Service,,CAMP-17,2026-01-05
THR-2026-1218,2026-01-31T00:00:00,Synthetic Ransomware Observation 1218,RANSOMWARE,URL,https://demo.invalid/threat/1218,Public Threat Feed,83,HIGH,81,NEW,2026-01-31,2026-01-31,US,SYNTHETIC / DEMO ONLY. This record is safe educational data and is not evidence of a real attack.,Persistence,Account Access Removal,,CAMP-18,2026-01-31
THR-2026-1219,2026-01-17T00:00:00,Synthetic Credential Threats Observation 1219,CREDENTIAL THREATS,DOMAIN,example.net,Unknown Source,90,LOW,70,NEW,2026-01-08,2026-01-17,IN,SYNTHETIC / DEMO ONLY. This record is safe educational data and is not evidence of a real attack.,Exfiltration,Exfiltration Over Web Service,,CAMP-19,2026-01-08
THR-2026-1220,2026-05-24T00:00:00,Synthetic Phishing Observation 1220,PHISHING,EMAIL/SENDER DOMAIN,alerts.example.net,Unknown Source,89,CRITICAL,81,NEW,2026-04-25,2026-05-24,IN,SYNTHETIC / DEMO ONLY. This record is safe educational data and is not evidence of a real attack.,Impact,Data Encrypted for Impact,,CAMP-20,2026-04-25
THR-2026-1221,2026-06-22T00:00:00,Synthetic Ransomware Observation 1221,RANSOMWARE,IP ADDRESS,198.51.100.206,Internal SOC,69,LOW,55,FALSE_POSITIVE,2026-06-14,2026-06-22,IN,SYNTHETIC / DEMO ONLY. This record is safe educational data and is not evidence of a real attack.,Discovery,Network Service Scanning,,CAMP-21,2026-06-14
THR-2026-1222,2026-07-19T00:00:00,Synthetic Malware Observation 1222,MALWARE,IP ADDRESS,192.0.2.207,Research Report,55,LOW,54,NEW,2026-06-30,2026-07-19,Global,SYNTHETIC / DEMO ONLY. This record is safe educational data and is not evidence of a real attack.,Exfiltration,Exfiltration Over Web Service,,CAMP-22,2026-06-30
THR-2026-1223,2026-08-20T00:00:00,Synthetic Vulnerability Exposure Observation 1223,VULNERABILITY EXPOSURE,FILE HASH,b8d534564d9e680fe8438f0e4ed47c034e3a1eaff09193ca1a9ecf5c4cc2b53c,Unknown Source,48,HIGH,64,CLOSED,2026-07-28,2026-08-20,Global,SYNTHETIC / DEMO ONLY. This record is safe educational data and is not evidence of a real attack.,Persistence,Account Access Removal,,CAMP-23,2026-07-28
THR-2026-1224,2026-02-28T00:00:00,Synthetic Malware Observation 1224,MALWARE,IP ADDRESS,198.51.100.209,Research Report,80,LOW,62,UNDER_REVIEW,2026-02-25,2026-02-28,Global,SYNTHETIC / DEMO ONLY. This record is safe educational data and is not evidence of a real attack.,Discovery,Network Service Scanning,,CAMP-24,2026-02-25
THR-2026-1225,2026-07-07T00:00:00,Synthetic Vulnerability Exposure Observation 1225,VULNERABILITY EXPOSURE,CVE ID,CVE-2026-2225,Internal SOC,88,HIGH,81,NEW,2026-06-29,2026-07-07,US,SYNTHETIC / DEMO ONLY. This record is safe educational data and is not evidence of a real attack.,Command and Control,Application Layer Protocol,CVE-2026-2225,CAMP-25,2026-06-29
THR-2026-1226,2026-04-04T00:00:00,Synthetic Vulnerability Exposure Observation 1226,VULNERABILITY EXPOSURE,URL,https://demo.invalid/threat/1226,Internal SOC,97,HIGH,74,FALSE_POSITIVE,2026-04-04,2026-04-04,EU,SYNTHETIC / DEMO ONLY. This record is safe educational data and is not evidence of a real attack.,Initial Access,Phishing,,CAMP-26,2026-04-04
THR-2026-1227,2026-05-25T00:00:00,Synthetic Social Engineering Observation 1227,SOCIAL ENGINEERING,CVE ID,CVE-2026-2227,Community Submission,57,HIGH,73,UNDER_REVIEW,2026-05-17,2026-05-25,EU,SYNTHETIC / DEMO ONLY. This record is safe educational data and is not evidence of a real attack.,Initial Access,Phishing,CVE-2026-2227,CAMP-27,2026-05-17
THR-2026-1228,2026-05-06T00:00:00,Synthetic Data Exposure Observation 1228,DATA EXPOSURE,IP ADDRESS,203.0.113.213,Community Submission,71,CRITICAL,78,FALSE_POSITIVE,2026-04-26,2026-05-06,Global,SYNTHETIC / DEMO ONLY. This record is safe educational data and is not evidence of a real attack.,Initial Access,Phishing,,CAMP-28,2026-04-26
THR-2026-1229,2026-09-13T00:00:00,Synthetic Phishing Observation 1229,PHISHING,DOMAIN,example.org,Public Threat Feed,94,LOW,57,MONITORING,2026-08-23,2026-09-13,US,SYNTHETIC / DEMO ONLY. This record is safe educational data and is not evidence of a real attack.,Exfiltration,Exfiltration Over Web Service,,CAMP-29,2026-08-23
THR-2026-1230,2026-06-04T00:00:00,Synthetic Phishing Observation 1230,PHISHING,EMAIL/SENDER DOMAIN,alerts.example.net,Research Report,88,MEDIUM,57,NEW,2026-06-01,2026-06-04,Demo,SYNTHETIC / DEMO ONLY. This record is safe educational data and is not evidence of a real attack.,Impact,Data Encrypted for Impact,,CAMP-30,2026-06-01
THR-2026-1231,2026-06-23T00:00:00,Synthetic Web Threats Observation 1231,WEB THREATS,URL,https://demo.invalid/threat/1231,Public Threat Feed,62,HIGH,64,FALSE_POSITIVE,2026-05-29,2026-06-23,Demo,SYNTHETIC / DEMO ONLY. This record is safe educational data and is not evidence of a real attack.,Discovery,Network Service Scanning,,CAMP-31,2026-05-29
THR-2026-1232,2026-03-01T00:00:00,Synthetic Phishing Observation 1232,PHISHING,EMAIL/SENDER DOMAIN,mail.example.org,Public Threat Feed,95,MEDIUM,64,UNDER_REVIEW,2026-02-10,2026-03-01,EU,SYNTHETIC / DEMO ONLY. This record is safe educational data and is not evidence of a real attack.,Discovery,Network Service Scanning,,CAMP-32,2026-02-10
THR-2026-1233,2026-02-14T00:00:00,Synthetic Network Threats Observation 1233,NETWORK THREATS,URL,https://demo.invalid/threat/1233,Public Threat Feed,51,MEDIUM,51,MONITORING,2026-01-16,2026-02-14,Demo,SYNTHETIC / DEMO ONLY. This record is safe educational data and is not evidence of a real attack.,Credential Access,Valid Accounts,,CAMP-33,2026-01-16
THR-2026-1234,2026-08-28T00:00:00,Synthetic Account Security Observation 1234,ACCOUNT SECURITY,EMAIL/SENDER DOMAIN,alerts.example.net,Research Report,88,MEDIUM,71,UNDER_REVIEW,2026-07-30,2026-08-28,Global,SYNTHETIC / DEMO ONLY. This record is safe educational data and is not evidence of a real attack.,Exfiltration,Exfiltration Over Web Service,,CAMP-34,2026-07-30
THR-2026-1235,2026-08-21T00:00:00,Synthetic Network Threats Observation 1235,NETWORK THREATS,CVE ID,CVE-2026-2235,Public Threat Feed,50,LOW,48,CLOSED,2026-08-11,2026-08-21,EU,SYNTHETIC / DEMO ONLY. This record is safe educational data and is not evidence of a real attack.,Command and Control,Application Layer Protocol,CVE-2026-2235,CAMP-35,2026-08-11
THR-2026-1236,2026-08-14T00:00:00,Synthetic Network Threats Observation 1236,NETWORK THREATS,FILE HASH,ad3a4f9be1470d4836f65104904bdbd8378246bd93d79bac3c73849083fe3701,Community Submission,86,MEDIUM,71,MONITORING,2026-07-17,2026-08-14,US,SYNTHETIC / DEMO ONLY. This record is safe educational data and is not evidence of a real attack.,Exfiltration,Exfiltration Over Web Service,,CAMP-36,2026-07-17
THR-2026-1237,2026-08-31T00:00:00,Synthetic Vulnerability Exposure Observation 1237,VULNERABILITY EXPOSURE,DOMAIN,example.net,Unknown Source,83,MEDIUM,66,NEW,2026-08-10,2026-08-31,EU,SYNTHETIC / DEMO ONLY. This record is safe educational data and is not evidence of a real attack.,Persistence,Account Access Removal,,CAMP-37,2026-08-10
THR-2026-1238,2026-04-05T00:00:00,Synthetic Social Engineering Observation 1238,SOCIAL ENGINEERING,EMAIL/SENDER DOMAIN,alerts.example.net,Research Report,64,MEDIUM,65,MONITORING,2026-04-03,2026-04-05,Demo,SYNTHETIC / DEMO ONLY. This record is safe educational data and is not evidence of a real attack.,Initial Access,Phishing,,CAMP-38,2026-04-03
THR-2026-1239,2026-03-31T00:00:00,Synthetic Credential Threats Observation 1239,CREDENTIAL THREATS,URL,https://demo.invalid/threat/1239,Community Submission,87,CRITICAL,80,FALSE_POSITIVE,2026-03-25,2026-03-31,IN,SYNTHETIC / DEMO ONLY. This record is safe educational data and is not evidence of a real attack.,Discovery,Network Service Scanning,,CAMP-39,2026-03-25
THR-2026-1240,2026-01-22T00:00:00,Synthetic Account Security Observation 1240,ACCOUNT SECURITY,CVE ID,CVE-2026-2240,Research Report,82,MEDIUM,75,UNDER_REVIEW,2026-01-05,2026-01-22,IN,SYNTHETIC / DEMO ONLY. This record is safe educational data and is not evidence of a real attack.,Exfiltration,Exfiltration Over Web Service,CVE-2026-2240,CAMP-00,2026-01-05
THR-2026-1241,2026-04-06T00:00:00,Synthetic Network Threats Observation 1241,NETWORK THREATS,CVE ID,CVE-2026-2241,Public Threat Feed,86,CRITICAL,80,MONITORING,2026-03-23,2026-04-06,Demo,SYNTHETIC / DEMO ONLY. This record is safe educational data and is not evidence of a real attack.,Impact,Data Encrypted for Impact,CVE-2026-2241,CAMP-01,2026-03-23
THR-2026-1242,2026-08-29T00:00:00,Synthetic Phishing Observation 1242,PHISHING,FILE HASH,a40d78fd408528d31adbceb13040220f3b2e5023b71260cfefdf09e5b24f2f05,Internal SOC,72,HIGH,70,FALSE_POSITIVE,2026-08-22,2026-08-29,Global,SYNTHETIC / DEMO ONLY. This record is safe educational data and is not evidence of a real attack.,Discovery,Network Service Scanning,,CAMP-02,2026-08-22
THR-2026-1243,2026-02-10T00:00:00,Synthetic Credential Threats Observation 1243,CREDENTIAL THREATS,DOMAIN,example.com,Internal SOC,63,HIGH,69,MONITORING,2026-01-31,2026-02-10,EU,SYNTHETIC / DEMO ONLY. This record is safe educational data and is not evidence of a real attack.,Discovery,Network Service Scanning,,CAMP-03,2026-01-31
THR-2026-1244,2026-03-25T00:00:00,Synthetic Social Engineering Observation 1244,SOCIAL ENGINEERING,DOMAIN,example.net,Community Submission,68,HIGH,68,FALSE_POSITIVE,2026-03-23,2026-03-25,EU,SYNTHETIC / DEMO ONLY. This record is safe educational data and is not evidence of a real attack.,Initial Access,Phishing,,CAMP-04,2026-03-23
THR-2026-1245,2026-08-19T00:00:00,Synthetic Vulnerability Exposure Observation 1245,VULNERABILITY EXPOSURE,DOMAIN,demo.invalid,Internal SOC,65,HIGH,68,UNDER_REVIEW,2026-08-04,2026-08-19,IN,SYNTHETIC / DEMO ONLY. This record is safe educational data and is not evidence of a real attack.,Impact,Data Encrypted for Impact,,CAMP-05,2026-08-04
THR-2026-1246,2026-02-02T00:00:00,Synthetic Account Security Observation 1246,ACCOUNT SECURITY,DOMAIN,example.org,Research Report,79,CRITICAL,78,UNDER_REVIEW,2026-01-11,2026-02-02,IN,SYNTHETIC / DEMO ONLY. This record is safe educational data and is not evidence of a real attack.,Credential Access,Valid Accounts,,CAMP-06,2026-01-11
THR-2026-1247,2026-10-04T00:00:00,Synthetic Social Engineering Observation 1247,SOCIAL ENGINEERING,DOMAIN,example.org,Unknown Source,54,CRITICAL,76,CLOSED,2026-09-26,2026-10-04,US,SYNTHETIC / DEMO ONLY. This record is safe educational data and is not evidence of a real attack.,Impact,Data Encrypted for Impact,,CAMP-07,2026-09-26
THR-2026-1248,2026-05-01T00:00:00,Synthetic Account Security Observation 1248,ACCOUNT SECURITY,IP ADDRESS,192.0.2.233,Public Threat Feed,73,HIGH,75,FALSE_POSITIVE,2026-04-12,2026-05-01,Demo,SYNTHETIC / DEMO ONLY. This record is safe educational data and is not evidence of a real attack.,Command and Control,Application Layer Protocol,,CAMP-08,2026-04-12
THR-2026-1249,2026-08-12T00:00:00,Synthetic Malware Observation 1249,MALWARE,FILE HASH,bd145d5e7e60e86fa4d6067f121134302799ac42e6a7f9e15857e97c8bafe619,Internal SOC,67,MEDIUM,67,NEW,2026-07-13,2026-08-12,Demo,SYNTHETIC / DEMO ONLY. This record is safe educational data and is not evidence of a real attack.,Discovery,Network Service Scanning,,CAMP-09,2026-07-13
THR-2026-1250,2026-03-24T00:00:00,Synthetic Malware Observation 1250,MALWARE,CVE ID,CVE-2026-2250,Unknown Source,46,HIGH,64,UNDER_REVIEW,2026-03-15,2026-03-24,Demo,SYNTHETIC / DEMO ONLY. This record is safe educational data and is not evidence of a real attack.,Impact,Data Encrypted for Impact,CVE-2026-2250,CAMP-10,2026-03-15
THR-2026-1251,2026-03-28T00:00:00,Synthetic Phishing Observation 1251,PHISHING,FILE HASH,62487fd5436d9606f02c59f8e082a783a6eb80b3420a7cb329f11580e12edab5,Unknown Source,64,CRITICAL,75,UNDER_REVIEW,2026-03-20,2026-03-28,Demo,SYNTHETIC / DEMO ONLY. This record is safe educational data and is not evidence of a real attack.,Command and Control,Application Layer Protocol,,CAMP-11,2026-03-20
THR-2026-1252,2026-06-27T00:00:00,Synthetic Credential Threats Observation 1252,CREDENTIAL THREATS,URL,https://demo.invalid/threat/1252,Unknown Source,95,CRITICAL,83,CLOSED,2026-06-22,2026-06-27,Global,SYNTHETIC / DEMO ONLY. This record is safe educational data and is not evidence of a real attack.,Impact,Data Encrypted for Impact,,CAMP-12,2026-06-22
THR-2026-1253,2026-02-15T00:00:00,Synthetic Vulnerability Exposure Observation 1253,VULNERABILITY EXPOSURE,URL,https://demo.invalid/threat/1253,Research Report,66,HIGH,67,UNDER_REVIEW,2026-02-15,2026-02-15,IN,SYNTHETIC / DEMO ONLY. This record is safe educational data and is not evidence of a real attack.,Impact,Data Encrypted for Impact,,CAMP-13,2026-02-15
THR-2026-1254,2026-08-26T00:00:00,Synthetic Phishing Observation 1254,PHISHING,URL,https://demo.invalid/threat/1254,Community Submission,76,HIGH,64,UNDER_REVIEW,2026-08-09,2026-08-26,US,SYNTHETIC / DEMO ONLY. This record is safe educational data and is not evidence of a real attack.,Exfiltration,Exfiltration Over Web Service,,CAMP-14,2026-08-09
THR-2026-1255,2026-10-09T00:00:00,Synthetic Credential Threats Observation 1255,CREDENTIAL THREATS,EMAIL/SENDER DOMAIN,mail.example.org,Unknown Source,71,CRITICAL,81,CLOSED,2026-09-30,2026-10-09,US,SYNTHETIC / DEMO ONLY. This record is safe educational data and is not evidence of a real attack.,, ,,CAMP-15,2026-09-30
THR-2026-1256,2026-05-17T00:00:00,Synthetic Malware Observation 1256,MALWARE,CVE ID,CVE-2026-2256,Research Report,52,MEDIUM,52,UNDER_REVIEW,2026-05-09,2026-05-17,Global,SYNTHETIC / DEMO ONLY. This record is safe educational data and is not evidence of a real attack.,Credential Access,Valid Accounts,CVE-2026-2256,CAMP-16,2026-05-09
THR-2026-1257,2026-08-27T00:00:00,Synthetic Malware Observation 1257,MALWARE,FILE HASH,88544fff5eeeaf394ffd134d24931592d2e971a32fb31dc85e530d2a508f9130,Internal SOC,48,MEDIUM,57,MONITORING,2026-08-20,2026-08-27,Demo,SYNTHETIC / DEMO ONLY. This record is safe educational data and is not evidence of a real attack.,Initial Access,Phishing,,CAMP-17,2026-08-20
THR-2026-1258,2026-06-21T00:00:00,Synthetic Social Engineering Observation 1258,SOCIAL ENGINEERING,DOMAIN,example.org,Internal SOC,77,MEDIUM,57,MONITORING,2026-06-08,2026-06-21,IN,SYNTHETIC / DEMO ONLY. This record is safe educational data and is not evidence of a real attack.,Credential Access,Valid Accounts,,CAMP-18,2026-06-08
THR-2026-1259,2026-09-08T00:00:00,Synthetic Web Threats Observation 1259,WEB THREATS,URL,https://demo.invalid/threat/1259,Community Submission,80,LOW,53,MONITORING,2026-08-19,2026-09-08,Global,SYNTHETIC / DEMO ONLY. This record is safe educational data and is not evidence of a real attack.,Exfiltration,Exfiltration Over Web Service,,CAMP-19,2026-08-19
THR-2026-1260,2026-04-17T00:00:00,Synthetic Phishing Observation 1260,PHISHING,IP ADDRESS,203.0.113.245,Unknown Source,58,MEDIUM,58,MONITORING,2026-03-31,2026-04-17,IN,SYNTHETIC / DEMO ONLY. This record is safe educational data and is not evidence of a real attack.,Credential Access,Valid Accounts,,CAMP-20,2026-03-31
THR-2026-1261,2026-07-19T00:00:00,Synthetic Phishing Observation 1261,PHISHING,FILE HASH,edfe6d6785faf87997f9f0d0e24334a5e327af0c8079f14560612d1172376a17,Security Vendor,57,LOW,55,MONITORING,2026-07-11,2026-07-19,Global,SYNTHETIC / DEMO ONLY. This record is safe educational data and is not evidence of a real attack.,Credential Access,Valid Accounts,,CAMP-21,2026-07-11
THR-2026-1262,2026-07-09T00:00:00,Synthetic Credential Threats Observation 1262,CREDENTIAL THREATS,CVE ID,CVE-2026-2262,Public Threat Feed,64,CRITICAL,78,UNDER_REVIEW,2026-06-19,2026-07-09,IN,SYNTHETIC / DEMO ONLY. This record is safe educational data and is not evidence of a real attack.,Exfiltration,Exfiltration Over Web Service,CVE-2026-2262,CAMP-22,2026-06-19
THR-2026-1263,2026-04-14T00:00:00,Synthetic Account Security Observation 1263,ACCOUNT SECURITY,IP ADDRESS,198.51.100.248,Research Report,75,MEDIUM,64,UNDER_REVIEW,2026-03-26,2026-04-14,Global,SYNTHETIC / DEMO ONLY. This record is safe educational data and is not evidence of a real attack.,, ,,CAMP-23,2026-03-26
THR-2026-1264,2026-02-18T00:00:00,Synthetic Ransomware Observation 1264,RANSOMWARE,IP ADDRESS,192.0.2.249,Unknown Source,58,MEDIUM,60,FALSE_POSITIVE,2026-02-06,2026-02-18,EU,SYNTHETIC / DEMO ONLY. This record is safe educational data and is not evidence of a real attack.,, ,,CAMP-24,2026-02-06
THR-2026-1265,2026-01-19T00:00:00,Synthetic Phishing Observation 1265,PHISHING,CVE ID,CVE-2026-2265,Public Threat Feed,85,MEDIUM,56,FALSE_POSITIVE,2026-01-12,2026-01-19,Global,SYNTHETIC / DEMO ONLY. This record is safe educational data and is not evidence of a real attack.,Persistence,Account Access Removal,CVE-2026-2265,CAMP-25,2026-01-12
THR-2026-1266,2026-06-16T00:00:00,Synthetic Phishing Observation 1266,PHISHING,CVE ID,CVE-2026-2266,Research Report,63,CRITICAL,62,UNDER_REVIEW,2026-06-04,2026-06-16,Global,SYNTHETIC / DEMO ONLY. This record is safe educational data and is not evidence of a real attack.,Credential Access,Valid Accounts,CVE-2026-2266,CAMP-26,2026-06-04
THR-2026-1267,2026-02-11T00:00:00,Synthetic Network Threats Observation 1267,NETWORK THREATS,FILE HASH,a9f621e9daa6eea240887fce5303ff8a42d820667e782e87cc0f7bc2514075e0,Research Report,57,MEDIUM,66,UNDER_REVIEW,2026-02-02,2026-02-11,EU,SYNTHETIC / DEMO ONLY. This record is safe educational data and is not evidence of a real attack.,Impact,Data Encrypted for Impact,,CAMP-27,2026-02-02
THR-2026-1268,2026-08-08T00:00:00,Synthetic Social Engineering Observation 1268,SOCIAL ENGINEERING,IP ADDRESS,198.51.100.253,Internal SOC,86,MEDIUM,66,FALSE_POSITIVE,2026-08-03,2026-08-08,US,SYNTHETIC / DEMO ONLY. This record is safe educational data and is not evidence of a real attack.,Initial Access,Phishing,,CAMP-28,2026-08-03
THR-2026-1269,2026-04-22T00:00:00,Synthetic Malware Observation 1269,MALWARE,DOMAIN,example.com,Internal SOC,85,HIGH,85,FALSE_POSITIVE,2026-04-11,2026-04-22,IN,SYNTHETIC / DEMO ONLY. This record is safe educational data and is not evidence of a real attack.,Command and Control,Application Layer Protocol,,CAMP-29,2026-04-11
THR-2026-1270,2026-05-13T00:00:00,Synthetic Vulnerability Exposure Observation 1270,VULNERABILITY EXPOSURE,DOMAIN,demo.invalid,Community Submission,50,LOW,53,CLOSED,2026-05-03,2026-05-13,US,SYNTHETIC / DEMO ONLY. This record is safe educational data and is not evidence of a real attack.,Discovery,Network Service Scanning,,CAMP-30,2026-05-03
THR-2026-1271,2026-03-13T00:00:00,Synthetic Vulnerability Exposure Observation 1271,VULNERABILITY EXPOSURE,IP ADDRESS,192.0.2.2,Public Threat Feed,64,MEDIUM,60,UNDER_REVIEW,2026-02-11,2026-03-13,EU,SYNTHETIC / DEMO ONLY. This record is safe educational data and is not evidence of a real attack.,Discovery,Network Service Scanning,,CAMP-31,2026-02-11
THR-2026-1272,2026-02-19T00:00:00,Synthetic Social Engineering Observation 1272,SOCIAL ENGINEERING,DOMAIN,example.org,Unknown Source,64,MEDIUM,53,MONITORING,2026-02-19,2026-02-19,Global,SYNTHETIC / DEMO ONLY. This record is safe educational data and is not evidence of a real attack.,Initial Access,Phishing,,CAMP-32,2026-02-19
THR-2026-1273,2026-08-20T00:00:00,Synthetic Credential Threats Observation 1273,CREDENTIAL THREATS,URL,https://demo.invalid/threat/1273,Community Submission,54,HIGH,75,CLOSED,2026-08-03,2026-08-20,Global,SYNTHETIC / DEMO ONLY. This record is safe educational data and is not evidence of a real attack.,Command and Control,Application Layer Protocol,,CAMP-33,2026-08-03
THR-2026-1274,2026-04-22T00:00:00,Synthetic Network Threats Observation 1274,NETWORK THREATS,IP ADDRESS,203.0.113.5,Public Threat Feed,86,HIGH,67,FALSE_POSITIVE,2026-03-30,2026-04-22,US,SYNTHETIC / DEMO ONLY. This record is safe educational data and is not evidence of a real attack.,Persistence,Account Access Removal,,CAMP-34,2026-03-30
THR-2026-1275,2026-02-03T00:00:00,Synthetic Account Security Observation 1275,ACCOUNT SECURITY,IP ADDRESS,192.0.2.6,Research Report,55,MEDIUM,65,NEW,2026-01-09,2026-02-03,IN,SYNTHETIC / DEMO ONLY. This record is safe educational data and is not evidence of a real attack.,Initial Access,Phishing,,CAMP-35,2026-01-09
THR-2026-1276,2026-03-15T00:00:00,Synthetic Credential Threats Observation 1276,CREDENTIAL THREATS,EMAIL/SENDER DOMAIN,alerts.example.net,Internal SOC,82,LOW,63,FALSE_POSITIVE,2026-02-21,2026-03-15,IN,SYNTHETIC / DEMO ONLY. This record is safe educational data and is not evidence of a real attack.,Impact,Data Encrypted for Impact,,CAMP-36,2026-02-21
THR-2026-1277,2026-08-08T00:00:00,Synthetic Account Security Observation 1277,ACCOUNT SECURITY,DOMAIN,example.com,Unknown Source,60,MEDIUM,56,CLOSED,2026-08-01,2026-08-08,Global,SYNTHETIC / DEMO ONLY. This record is safe educational data and is not evidence of a real attack.,Initial Access,Phishing,,CAMP-37,2026-08-01
THR-2026-1278,2026-05-16T00:00:00,Synthetic Ransomware Observation 1278,RANSOMWARE,CVE ID,CVE-2026-2278,Public Threat Feed,97,CRITICAL,86,UNDER_REVIEW,2026-04-17,2026-05-16,EU,SYNTHETIC / DEMO ONLY. This record is safe educational data and is not evidence of a real attack.,Credential Access,Valid Accounts,CVE-2026-2278,CAMP-38,2026-04-17
THR-2026-1279,2026-03-10T00:00:00,Synthetic Web Threats Observation 1279,WEB THREATS,EMAIL/SENDER DOMAIN,alerts.example.net,Community Submission,81,INFORMATIONAL,49,MONITORING,2026-02-11,2026-03-10,EU,SYNTHETIC / DEMO ONLY. This record is safe educational data and is not evidence of a real attack.,Initial Access,Phishing,,CAMP-39,2026-02-11
THR-2026-1280,2026-03-06T00:00:00,Synthetic Account Security Observation 1280,ACCOUNT SECURITY,EMAIL/SENDER DOMAIN,mail.example.org,Internal SOC,88,LOW,60,UNDER_REVIEW,2026-02-14,2026-03-06,Demo,SYNTHETIC / DEMO ONLY. This record is safe educational data and is not evidence of a real attack.,Impact,Data Encrypted for Impact,,CAMP-00,2026-02-14
THR-2026-1281,2026-03-15T00:00:00,Synthetic Malware Observation 1281,MALWARE,EMAIL/SENDER DOMAIN,mail.example.org,Research Report,80,HIGH,71,FALSE_POSITIVE,2026-03-08,2026-03-15,US,SYNTHETIC / DEMO ONLY. This record is safe educational data and is not evidence of a real attack.,Command and Control,Application Layer Protocol,,CAMP-01,2026-03-08
THR-2026-1282,2026-08-01T00:00:00,Synthetic Phishing Observation 1282,PHISHING,URL,https://demo.invalid/threat/1282,Community Submission,84,HIGH,70,CLOSED,2026-07-24,2026-08-01,EU,SYNTHETIC / DEMO ONLY. This record is safe educational data and is not evidence of a real attack.,Command and Control,Application Layer Protocol,,CAMP-02,2026-07-24
THR-2026-1283,2026-07-07T00:00:00,Synthetic Vulnerability Exposure Observation 1283,VULNERABILITY EXPOSURE,DOMAIN,example.net,Unknown Source,95,LOW,61,FALSE_POSITIVE,2026-06-08,2026-07-07,US,SYNTHETIC / DEMO ONLY. This record is safe educational data and is not evidence of a real attack.,Command and Control,Application Layer Protocol,,CAMP-03,2026-06-08
THR-2026-1284,2026-05-16T00:00:00,Synthetic Web Threats Observation 1284,WEB THREATS,CVE ID,CVE-2026-2284,Unknown Source,67,HIGH,72,MONITORING,2026-05-08,2026-05-16,IN,SYNTHETIC / DEMO ONLY. This record is safe educational data and is not evidence of a real attack.,Initial Access,Phishing,CVE-2026-2284,CAMP-04,2026-05-08
THR-2026-1285,2026-05-30T00:00:00,Synthetic Data Exposure Observation 1285,DATA EXPOSURE,EMAIL/SENDER DOMAIN,alerts.example.net,Security Vendor,85,LOW,57,FALSE_POSITIVE,2026-05-04,2026-05-30,IN,SYNTHETIC / DEMO ONLY. This record is safe educational data and is not evidence of a real attack.,Impact,Data Encrypted for Impact,,CAMP-05,2026-05-04
THR-2026-1286,2026-08-06T00:00:00,Synthetic Vulnerability Exposure Observation 1286,VULNERABILITY EXPOSURE,CVE ID,CVE-2026-2286,Research Report,85,MEDIUM,71,MONITORING,2026-07-19,2026-08-06,EU,SYNTHETIC / DEMO ONLY. This record is safe educational data and is not evidence of a real attack.,, ,CVE-2026-2286,CAMP-06,2026-07-19
THR-2026-1287,2026-02-22T00:00:00,Synthetic Data Exposure Observation 1287,DATA EXPOSURE,URL,https://demo.invalid/threat/1287,Unknown Source,90,LOW,60,NEW,2026-02-03,2026-02-22,EU,SYNTHETIC / DEMO ONLY. This record is safe educational data and is not evidence of a real attack.,Exfiltration,Exfiltration Over Web Service,,CAMP-07,2026-02-03
THR-2026-1288,2026-06-22T00:00:00,Synthetic Phishing Observation 1288,PHISHING,EMAIL/SENDER DOMAIN,mail.example.org,Community Submission,81,MEDIUM,62,CLOSED,2026-06-12,2026-06-22,US,SYNTHETIC / DEMO ONLY. This record is safe educational data and is not evidence of a real attack.,Exfiltration,Exfiltration Over Web Service,,CAMP-08,2026-06-12
THR-2026-1289,2026-02-22T00:00:00,Synthetic Web Threats Observation 1289,WEB THREATS,URL,https://demo.invalid/threat/1289,Unknown Source,74,LOW,50,CLOSED,2026-01-26,2026-02-22,Global,SYNTHETIC / DEMO ONLY. This record is safe educational data and is not evidence of a real attack.,Impact,Data Encrypted for Impact,,CAMP-09,2026-01-26
THR-2026-1290,2026-05-30T00:00:00,Synthetic Ransomware Observation 1290,RANSOMWARE,IP ADDRESS,192.0.2.21,Community Submission,60,MEDIUM,59,FALSE_POSITIVE,2026-05-04,2026-05-30,IN,SYNTHETIC / DEMO ONLY. This record is safe educational data and is not evidence of a real attack.,Exfiltration,Exfiltration Over Web Service,,CAMP-10,2026-05-04
THR-2026-1291,2026-08-24T00:00:00,Synthetic Vulnerability Exposure Observation 1291,VULNERABILITY EXPOSURE,EMAIL/SENDER DOMAIN,mail.example.org,Community Submission,92,MEDIUM,73,UNDER_REVIEW,2026-08-10,2026-08-24,IN,SYNTHETIC / DEMO ONLY. This record is safe educational data and is not evidence of a real attack.,Initial Access,Phishing,,CAMP-11,2026-08-10
THR-2026-1292,2026-07-26T00:00:00,Synthetic Data Exposure Observation 1292,DATA EXPOSURE,URL,https://demo.invalid/threat/1292,Internal SOC,97,LOW,67,CLOSED,2026-07-07,2026-07-26,Demo,SYNTHETIC / DEMO ONLY. This record is safe educational data and is not evidence of a real attack.,Exfiltration,Exfiltration Over Web Service,,CAMP-12,2026-07-07
THR-2026-1293,2026-02-10T00:00:00,Synthetic Phishing Observation 1293,PHISHING,FILE HASH,dac72972b09b8d3fe4ba747cd2db804c59dc77e9ec000587867cb258ce8c26b5,Security Vendor,87,HIGH,67,MONITORING,2026-01-25,2026-02-10,Demo,SYNTHETIC / DEMO ONLY. This record is safe educational data and is not evidence of a real attack.,Exfiltration,Exfiltration Over Web Service,,CAMP-13,2026-01-25
THR-2026-1294,2026-03-22T00:00:00,Synthetic Malware Observation 1294,MALWARE,FILE HASH,660352533eef75910aea767f66015118444ec474888eb66bf19c9c3eb2b63a0a,Research Report,87,LOW,62,UNDER_REVIEW,2026-02-26,2026-03-22,EU,SYNTHETIC / DEMO ONLY. This record is safe educational data and is not evidence of a real attack.,Credential Access,Valid Accounts,,CAMP-14,2026-02-26
THR-2026-1295,2026-10-10T00:00:00,Synthetic Data Exposure Observation 1295,DATA EXPOSURE,DOMAIN,demo.invalid,Security Vendor,58,LOW,48,NEW,2026-10-06,2026-10-10,EU,SYNTHETIC / DEMO ONLY. This record is safe educational data and is not evidence of a real attack.,Discovery,Network Service Scanning,,CAMP-15,2026-10-06
THR-2026-1296,2026-04-16T00:00:00,Synthetic Phishing Observation 1296,PHISHING,EMAIL/SENDER DOMAIN,mail.example.org,Unknown Source,69,LOW,51,FALSE_POSITIVE,2026-03-29,2026-04-16,US,SYNTHETIC / DEMO ONLY. This record is safe educational data and is not evidence of a real attack.,Impact,Data Encrypted for Impact,,CAMP-16,2026-03-29
THR-2026-1297,2026-07-29T00:00:00,Synthetic Data Exposure Observation 1297,DATA EXPOSURE,FILE HASH,6f98747cd7b629646a5a8166c575f3f983c5e138101be0f21d2782bfc0978848,Security Vendor,50,HIGH,62,NEW,2026-07-15,2026-07-29,US,SYNTHETIC / DEMO ONLY. This record is safe educational data and is not evidence of a real attack.,Credential Access,Valid Accounts,,CAMP-17,2026-07-15
THR-2026-1298,2026-08-12T00:00:00,Synthetic Data Exposure Observation 1298,DATA EXPOSURE,CVE ID,CVE-2026-2298,Community Submission,55,HIGH,71,CLOSED,2026-08-09,2026-08-12,EU,SYNTHETIC / DEMO ONLY. This record is safe educational data and is not evidence of a real attack.,, ,CVE-2026-2298,CAMP-18,2026-08-09
THR-2026-1299,2026-06-08T00:00:00,Synthetic Ransomware Observation 1299,RANSOMWARE,DOMAIN,example.org,Research Report,74,CRITICAL,86,FALSE_POSITIVE,2026-06-05,2026-06-08,Demo,SYNTHETIC / DEMO ONLY. This record is safe educational data and is not evidence of a real attack.,Exfiltration,Exfiltration Over Web Service,,CAMP-19,2026-06-05
THR-2026-1300,2026-09-05T00:00:00,Synthetic Malware Observation 1300,MALWARE,FILE HASH,a1cb72241c7130230be1eb7eaa2a6475b9b2d406412f93107d547e9c116dbbfa,Community Submission,73,HIGH,60,MONITORING,2026-09-03,2026-09-05,US,SYNTHETIC / DEMO ONLY. This record is safe educational data and is not evidence of a real attack.,Credential Access,Valid Accounts,,CAMP-20,2026-09-03
THR-2026-1301,2026-02-22T00:00:00,Synthetic Account Security Observation 1301,ACCOUNT SECURITY,FILE HASH,296f96ed0f7b946f35fb4534f54f4887c953737eff6eca3a39916dba6cb4af44,Unknown Source,69,MEDIUM,62,FALSE_POSITIVE,2026-02-22,2026-02-22,US,SYNTHETIC / DEMO ONLY. This record is safe educational data and is not evidence of a real attack.,Impact,Data Encrypted for Impact,,CAMP-21,2026-02-22
THR-2026-1302,2026-10-18T00:00:00,Synthetic Phishing Observation 1302,PHISHING,CVE ID,CVE-2026-2302,Research Report,81,MEDIUM,72,UNDER_REVIEW,2026-09-18,2026-10-18,Global,SYNTHETIC / DEMO ONLY. This record is safe educational data and is not evidence of a real attack.,Persistence,Account Access Removal,CVE-2026-2302,CAMP-22,2026-09-18
THR-2026-1303,2026-10-25T00:00:00,Synthetic Data Exposure Observation 1303,DATA EXPOSURE,URL,https://demo.invalid/threat/1303,Public Threat Feed,86,CRITICAL,75,MONITORING,2026-10-02,2026-10-25,Global,SYNTHETIC / DEMO ONLY. This record is safe educational data and is not evidence of a real attack.,Impact,Data Encrypted for Impact,,CAMP-23,2026-10-02
THR-2026-1304,2026-08-15T00:00:00,Synthetic Network Threats Observation 1304,NETWORK THREATS,EMAIL/SENDER DOMAIN,mail.example.org,Public Threat Feed,45,MEDIUM,51,FALSE_POSITIVE,2026-07-26,2026-08-15,US,SYNTHETIC / DEMO ONLY. This record is safe educational data and is not evidence of a real attack.,Exfiltration,Exfiltration Over Web Service,,CAMP-24,2026-07-26
THR-2026-1305,2026-03-20T00:00:00,Synthetic Network Threats Observation 1305,NETWORK THREATS,DOMAIN,demo.invalid,Unknown Source,86,CRITICAL,78,NEW,2026-02-20,2026-03-20,Global,SYNTHETIC / DEMO ONLY. This record is safe educational data and is not evidence of a real attack.,, ,,CAMP-25,2026-02-20
THR-2026-1306,2026-07-23T00:00:00,Synthetic Account Security Observation 1306,ACCOUNT SECURITY,URL,https://demo.invalid/threat/1306,Research Report,66,MEDIUM,66,FALSE_POSITIVE,2026-06-25,2026-07-23,Global,SYNTHETIC / DEMO ONLY. This record is safe educational data and is not evidence of a real attack.,, ,,CAMP-26,2026-06-25
THR-2026-1307,2026-09-08T00:00:00,Synthetic Web Threats Observation 1307,WEB THREATS,DOMAIN,example.com,Community Submission,91,HIGH,80,FALSE_POSITIVE,2026-08-12,2026-09-08,EU,SYNTHETIC / DEMO ONLY. This record is safe educational data and is not evidence of a real attack.,Credential Access,Valid Accounts,,CAMP-27,2026-08-12
THR-2026-1308,2026-03-01T00:00:00,Synthetic Ransomware Observation 1308,RANSOMWARE,DOMAIN,example.org,Community Submission,75,MEDIUM,63,UNDER_REVIEW,2026-02-04,2026-03-01,Demo,SYNTHETIC / DEMO ONLY. This record is safe educational data and is not evidence of a real attack.,Exfiltration,Exfiltration Over Web Service,,CAMP-28,2026-02-04
THR-2026-1309,2026-10-07T00:00:00,Synthetic Account Security Observation 1309,ACCOUNT SECURITY,DOMAIN,demo.invalid,Internal SOC,91,CRITICAL,80,MONITORING,2026-09-08,2026-10-07,Global,SYNTHETIC / DEMO ONLY. This record is safe educational data and is not evidence of a real attack.,Persistence,Account Access Removal,,CAMP-29,2026-09-08
THR-2026-1310,2026-08-07T00:00:00,Synthetic Web Threats Observation 1310,WEB THREATS,FILE HASH,fd53c0e4ff32474ee0b765615e378ef44d2c6fbdcce93b924ff4d647a71ea0c4,Community Submission,59,LOW,49,UNDER_REVIEW,2026-08-04,2026-08-07,EU,SYNTHETIC / DEMO ONLY. This record is safe educational data and is not evidence of a real attack.,Impact,Data Encrypted for Impact,,CAMP-30,2026-08-04
THR-2026-1311,2026-05-16T00:00:00,Synthetic Vulnerability Exposure Observation 1311,VULNERABILITY EXPOSURE,IP ADDRESS,192.0.2.42,Internal SOC,67,MEDIUM,60,UNDER_REVIEW,2026-05-13,2026-05-16,US,SYNTHETIC / DEMO ONLY. This record is safe educational data and is not evidence of a real attack.,Credential Access,Valid Accounts,,CAMP-31,2026-05-13
THR-2026-1312,2026-06-03T00:00:00,Synthetic Account Security Observation 1312,ACCOUNT SECURITY,FILE HASH,7068fb3ed567dbba07d04105259ec158da620a6a3c2240f768fc018265b5996c,Research Report,93,MEDIUM,70,CLOSED,2026-05-12,2026-06-03,Global,SYNTHETIC / DEMO ONLY. This record is safe educational data and is not evidence of a real attack.,Command and Control,Application Layer Protocol,,CAMP-32,2026-05-12
THR-2026-1313,2026-08-24T00:00:00,Synthetic Account Security Observation 1313,ACCOUNT SECURITY,CVE ID,CVE-2026-2313,Internal SOC,82,MEDIUM,62,NEW,2026-08-01,2026-08-24,Demo,SYNTHETIC / DEMO ONLY. This record is safe educational data and is not evidence of a real attack.,Persistence,Account Access Removal,CVE-2026-2313,CAMP-33,2026-08-01
THR-2026-1314,2026-06-18T00:00:00,Synthetic Phishing Observation 1314,PHISHING,DOMAIN,demo.invalid,Unknown Source,66,HIGH,68,MONITORING,2026-05-30,2026-06-18,Demo,SYNTHETIC / DEMO ONLY. This record is safe educational data and is not evidence of a real attack.,Exfiltration,Exfiltration Over Web Service,,CAMP-34,2026-05-30
THR-2026-1315,2026-07-29T00:00:00,Synthetic Network Threats Observation 1315,NETWORK THREATS,DOMAIN,example.org,Community Submission,51,HIGH,59,UNDER_REVIEW,2026-07-24,2026-07-29,EU,SYNTHETIC / DEMO ONLY. This record is safe educational data and is not evidence of a real attack.,Discovery,Network Service Scanning,,CAMP-35,2026-07-24
THR-2026-1316,2026-02-06T00:00:00,Synthetic Credential Threats Observation 1316,CREDENTIAL THREATS,FILE HASH,cd5aac911f5e100bedef79cbfcadb464d0bcee91077e3e5499d724d9eeec6948,Community Submission,60,CRITICAL,73,MONITORING,2026-01-19,2026-02-06,EU,SYNTHETIC / DEMO ONLY. This record is safe educational data and is not evidence of a real attack.,Exfiltration,Exfiltration Over Web Service,,CAMP-36,2026-01-19
THR-2026-1317,2026-05-08T00:00:00,Synthetic Ransomware Observation 1317,RANSOMWARE,EMAIL/SENDER DOMAIN,mail.example.org,Research Report,49,MEDIUM,58,FALSE_POSITIVE,2026-05-05,2026-05-08,US,SYNTHETIC / DEMO ONLY. This record is safe educational data and is not evidence of a real attack.,, ,,CAMP-37,2026-05-05
THR-2026-1318,2026-07-23T00:00:00,Synthetic Network Threats Observation 1318,NETWORK THREATS,DOMAIN,example.net,Community Submission,56,HIGH,61,MONITORING,2026-06-23,2026-07-23,IN,SYNTHETIC / DEMO ONLY. This record is safe educational data and is not evidence of a real attack.,Exfiltration,Exfiltration Over Web Service,,CAMP-38,2026-06-23
THR-2026-1319,2026-07-14T00:00:00,Synthetic Malware Observation 1319,MALWARE,IP ADDRESS,203.0.113.50,Research Report,62,LOW,45,UNDER_REVIEW,2026-07-06,2026-07-14,IN,SYNTHETIC / DEMO ONLY. This record is safe educational data and is not evidence of a real attack.,Impact,Data Encrypted for Impact,,CAMP-39,2026-07-06
THR-2026-1320,2026-04-17T00:00:00,Synthetic Vulnerability Exposure Observation 1320,VULNERABILITY EXPOSURE,URL,https://demo.invalid/threat/1320,Community Submission,91,HIGH,77,NEW,2026-03-29,2026-04-17,IN,SYNTHETIC / DEMO ONLY. This record is safe educational data and is not evidence of a real attack.,Command and Control,Application Layer Protocol,,CAMP-00,2026-03-29
THR-2026-1321,2026-05-29T00:00:00,Synthetic Account Security Observation 1321,ACCOUNT SECURITY,EMAIL/SENDER DOMAIN,alerts.example.net,Internal SOC,88,MEDIUM,61,MONITORING,2026-05-24,2026-05-29,Demo,SYNTHETIC / DEMO ONLY. This record is safe educational data and is not evidence of a real attack.,, ,,CAMP-01,2026-05-24
THR-2026-1322,2026-10-19T00:00:00,Synthetic Ransomware Observation 1322,RANSOMWARE,DOMAIN,example.org,Security Vendor,53,MEDIUM,69,NEW,2026-10-05,2026-10-19,IN,SYNTHETIC / DEMO ONLY. This record is safe educational data and is not evidence of a real attack.,Exfiltration,Exfiltration Over Web Service,,CAMP-02,2026-10-05
THR-2026-1323,2026-05-13T00:00:00,Synthetic Vulnerability Exposure Observation 1323,VULNERABILITY EXPOSURE,CVE ID,CVE-2026-2323,Community Submission,95,MEDIUM,60,UNDER_REVIEW,2026-04-16,2026-05-13,Demo,SYNTHETIC / DEMO ONLY. This record is safe educational data and is not evidence of a real attack.,Discovery,Network Service Scanning,CVE-2026-2323,CAMP-03,2026-04-16
THR-2026-1324,2026-02-10T00:00:00,Synthetic Malware Observation 1324,MALWARE,DOMAIN,example.net,Unknown Source,49,MEDIUM,61,FALSE_POSITIVE,2026-01-12,2026-02-10,IN,SYNTHETIC / DEMO ONLY. This record is safe educational data and is not evidence of a real attack.,Initial Access,Phishing,,CAMP-04,2026-01-12
THR-2026-1325,2026-07-24T00:00:00,Synthetic Account Security Observation 1325,ACCOUNT SECURITY,EMAIL/SENDER DOMAIN,alerts.example.net,Internal SOC,98,HIGH,72,FALSE_POSITIVE,2026-07-09,2026-07-24,US,SYNTHETIC / DEMO ONLY. This record is safe educational data and is not evidence of a real attack.,Persistence,Account Access Removal,,CAMP-05,2026-07-09
THR-2026-1326,2026-04-04T00:00:00,Synthetic Network Threats Observation 1326,NETWORK THREATS,IP ADDRESS,198.51.100.57,Community Submission,51,LOW,54,MONITORING,2026-03-28,2026-04-04,EU,SYNTHETIC / DEMO ONLY. This record is safe educational data and is not evidence of a real attack.,Impact,Data Encrypted for Impact,,CAMP-06,2026-03-28
THR-2026-1327,2026-05-09T00:00:00,Synthetic Account Security Observation 1327,ACCOUNT SECURITY,URL,https://demo.invalid/threat/1327,Community Submission,59,HIGH,69,UNDER_REVIEW,2026-05-08,2026-05-09,Demo,SYNTHETIC / DEMO ONLY. This record is safe educational data and is not evidence of a real attack.,Command and Control,Application Layer Protocol,,CAMP-07,2026-05-08
THR-2026-1328,2026-10-07T00:00:00,Synthetic Network Threats Observation 1328,NETWORK THREATS,FILE HASH,d639d9108ff54a13400c000ce48c37e2afcb54ad99dd66014d29e23a9ac8dc5c,Community Submission,96,MEDIUM,60,MONITORING,2026-10-01,2026-10-07,Demo,SYNTHETIC / DEMO ONLY. This record is safe educational data and is not evidence of a real attack.,Discovery,Network Service Scanning,,CAMP-08,2026-10-01
THR-2026-1329,2026-05-22T00:00:00,Synthetic Vulnerability Exposure Observation 1329,VULNERABILITY EXPOSURE,CVE ID,CVE-2026-2329,Public Threat Feed,95,LOW,69,FALSE_POSITIVE,2026-05-08,2026-05-22,EU,SYNTHETIC / DEMO ONLY. This record is safe educational data and is not evidence of a real attack.,Exfiltration,Exfiltration Over Web Service,CVE-2026-2329,CAMP-09,2026-05-08
THR-2026-1330,2026-06-11T00:00:00,Synthetic Network Threats Observation 1330,NETWORK THREATS,DOMAIN,example.net,Unknown Source,65,LOW,54,UNDER_REVIEW,2026-05-23,2026-06-11,US,SYNTHETIC / DEMO ONLY. This record is safe educational data and is not evidence of a real attack.,Exfiltration,Exfiltration Over Web Service,,CAMP-10,2026-05-23
THR-2026-1331,2026-05-19T00:00:00,Synthetic Phishing Observation 1331,PHISHING,DOMAIN,example.org,Internal SOC,55,MEDIUM,54,FALSE_POSITIVE,2026-04-21,2026-05-19,EU,SYNTHETIC / DEMO ONLY. This record is safe educational data and is not evidence of a real attack.,Initial Access,Phishing,,CAMP-11,2026-04-21
THR-2026-1332,2026-05-07T00:00:00,Synthetic Data Exposure Observation 1332,DATA EXPOSURE,FILE HASH,ed02b00e79bd9859ffdddeb3399cd407c3a44167db03a66a1b00813d039ac1ca,Research Report,68,MEDIUM,60,CLOSED,2026-04-25,2026-05-07,EU,SYNTHETIC / DEMO ONLY. This record is safe educational data and is not evidence of a real attack.,Initial Access,Phishing,,CAMP-12,2026-04-25
THR-2026-1333,2026-05-22T00:00:00,Synthetic Phishing Observation 1333,PHISHING,IP ADDRESS,198.51.100.64,Internal SOC,60,MEDIUM,59,FALSE_POSITIVE,2026-04-27,2026-05-22,Demo,SYNTHETIC / DEMO ONLY. This record is safe educational data and is not evidence of a real attack.,Exfiltration,Exfiltration Over Web Service,,CAMP-13,2026-04-27
THR-2026-1334,2026-07-30T00:00:00,Synthetic Phishing Observation 1334,PHISHING,FILE HASH,47869c3605edda1febbd9c4973ebc2b2aa54f35c9d7682f01235478f2df58165,Community Submission,62,LOW,46,CLOSED,2026-07-29,2026-07-30,IN,SYNTHETIC / DEMO ONLY. This record is safe educational data and is not evidence of a real attack.,Discovery,Network Service Scanning,,CAMP-14,2026-07-29
THR-2026-1335,2026-01-30T00:00:00,Synthetic Ransomware Observation 1335,RANSOMWARE,URL,https://demo.invalid/threat/1335,Unknown Source,70,MEDIUM,65,MONITORING,2026-01-07,2026-01-30,US,SYNTHETIC / DEMO ONLY. This record is safe educational data and is not evidence of a real attack.,Command and Control,Application Layer Protocol,,CAMP-15,2026-01-07
THR-2026-1336,2026-06-01T00:00:00,Synthetic Network Threats Observation 1336,NETWORK THREATS,DOMAIN,example.net,Research Report,78,CRITICAL,71,CLOSED,2026-05-23,2026-06-01,Global,SYNTHETIC / DEMO ONLY. This record is safe educational data and is not evidence of a real attack.,Command and Control,Application Layer Protocol,,CAMP-16,2026-05-23
THR-2026-1337,2026-07-28T00:00:00,Synthetic Credential Threats Observation 1337,CREDENTIAL THREATS,URL,https://demo.invalid/threat/1337,Security Vendor,66,CRITICAL,70,NEW,2026-07-03,2026-07-28,EU,SYNTHETIC / DEMO ONLY. This record is safe educational data and is not evidence of a real attack.,Initial Access,Phishing,,CAMP-17,2026-07-03
THR-2026-1338,2026-10-13T00:00:00,Synthetic Network Threats Observation 1338,NETWORK THREATS,EMAIL/SENDER DOMAIN,mail.example.org,Security Vendor,82,LOW,63,UNDER_REVIEW,2026-09-20,2026-10-13,Global,SYNTHETIC / DEMO ONLY. This record is safe educational data and is not evidence of a real attack.,Impact,Data Encrypted for Impact,,CAMP-18,2026-09-20
THR-2026-1339,2026-02-12T00:00:00,Synthetic Data Exposure Observation 1339,DATA EXPOSURE,URL,https://demo.invalid/threat/1339,Research Report,71,LOW,52,NEW,2026-01-26,2026-02-12,IN,SYNTHETIC / DEMO ONLY. This record is safe educational data and is not evidence of a real attack.,Persistence,Account Access Removal,,CAMP-19,2026-01-26
THR-2026-1340,2026-09-14T00:00:00,Synthetic Credential Threats Observation 1340,CREDENTIAL THREATS,EMAIL/SENDER DOMAIN,alerts.example.net,Community Submission,81,MEDIUM,69,MONITORING,2026-09-14,2026-09-14,Demo,SYNTHETIC / DEMO ONLY. This record is safe educational data and is not evidence of a real attack.,Persistence,Account Access Removal,,CAMP-20,2026-09-14
THR-2026-1341,2026-06-15T00:00:00,Synthetic Ransomware Observation 1341,RANSOMWARE,URL,https://demo.invalid/threat/1341,Research Report,45,LOW,50,CLOSED,2026-05-27,2026-06-15,EU,SYNTHETIC / DEMO ONLY. This record is safe educational data and is not evidence of a real attack.,Initial Access,Phishing,,CAMP-21,2026-05-27
THR-2026-1342,2026-02-26T00:00:00,Synthetic Malware Observation 1342,MALWARE,URL,https://demo.invalid/threat/1342,Public Threat Feed,58,LOW,50,FALSE_POSITIVE,2026-02-13,2026-02-26,EU,SYNTHETIC / DEMO ONLY. This record is safe educational data and is not evidence of a real attack.,Persistence,Account Access Removal,,CAMP-22,2026-02-13
THR-2026-1343,2026-04-04T00:00:00,Synthetic Web Threats Observation 1343,WEB THREATS,CVE ID,CVE-2026-2343,Security Vendor,80,MEDIUM,53,UNDER_REVIEW,2026-04-01,2026-04-04,Global,SYNTHETIC / DEMO ONLY. This record is safe educational data and is not evidence of a real attack.,Initial Access,Phishing,CVE-2026-2343,CAMP-23,2026-04-01
THR-2026-1344,2026-08-13T00:00:00,Synthetic Web Threats Observation 1344,WEB THREATS,IP ADDRESS,192.0.2.75,Security Vendor,51,HIGH,67,CLOSED,2026-07-28,2026-08-13,EU,SYNTHETIC / DEMO ONLY. This record is safe educational data and is not evidence of a real attack.,Impact,Data Encrypted for Impact,,CAMP-24,2026-07-28
THR-2026-1345,2026-05-25T00:00:00,Synthetic Malware Observation 1345,MALWARE,DOMAIN,example.com,Internal SOC,86,HIGH,76,UNDER_REVIEW,2026-05-24,2026-05-25,IN,SYNTHETIC / DEMO ONLY. This record is safe educational data and is not evidence of a real attack.,Command and Control,Application Layer Protocol,,CAMP-25,2026-05-24
THR-2026-1346,2026-06-14T00:00:00,Synthetic Malware Observation 1346,MALWARE,IP ADDRESS,203.0.113.77,Community Submission,79,CRITICAL,79,FALSE_POSITIVE,2026-06-06,2026-06-14,Demo,SYNTHETIC / DEMO ONLY. This record is safe educational data and is not evidence of a real attack.,Persistence,Account Access Removal,,CAMP-26,2026-06-06
THR-2026-1347,2026-03-11T00:00:00,Synthetic Malware Observation 1347,MALWARE,DOMAIN,example.org,Community Submission,76,HIGH,77,MONITORING,2026-02-16,2026-03-11,US,SYNTHETIC / DEMO ONLY. This record is safe educational data and is not evidence of a real attack.,Persistence,Account Access Removal,,CAMP-27,2026-02-16
THR-2026-1348,2026-04-04T00:00:00,Synthetic Network Threats Observation 1348,NETWORK THREATS,EMAIL/SENDER DOMAIN,alerts.example.net,Unknown Source,85,LOW,49,NEW,2026-03-28,2026-04-04,Global,SYNTHETIC / DEMO ONLY. This record is safe educational data and is not evidence of a real attack.,Impact,Data Encrypted for Impact,,CAMP-28,2026-03-28
THR-2026-1349,2026-06-23T00:00:00,Synthetic Phishing Observation 1349,PHISHING,IP ADDRESS,203.0.113.80,Research Report,53,HIGH,66,UNDER_REVIEW,2026-06-23,2026-06-23,IN,SYNTHETIC / DEMO ONLY. This record is safe educational data and is not evidence of a real attack.,Credential Access,Valid Accounts,,CAMP-29,2026-06-23
THR-2026-1350,2026-01-09T00:00:00,Synthetic Malware Observation 1350,MALWARE,IP ADDRESS,203.0.113.81,Internal SOC,80,HIGH,71,FALSE_POSITIVE,2026-01-05,2026-01-09,Demo,SYNTHETIC / DEMO ONLY. This record is safe educational data and is not evidence of a real attack.,Initial Access,Phishing,,CAMP-30,2026-01-05
THR-2026-1351,2026-03-23T00:00:00,Synthetic Network Threats Observation 1351,NETWORK THREATS,EMAIL/SENDER DOMAIN,mail.example.org,Community Submission,80,HIGH,70,NEW,2026-03-05,2026-03-23,Demo,SYNTHETIC / DEMO ONLY. This record is safe educational data and is not evidence of a real attack.,Initial Access,Phishing,,CAMP-31,2026-03-05
THR-2026-1352,2026-02-13T00:00:00,Synthetic Data Exposure Observation 1352,DATA EXPOSURE,EMAIL/SENDER DOMAIN,mail.example.org,Internal SOC,58,INFORMATIONAL,53,NEW,2026-01-26,2026-02-13,EU,SYNTHETIC / DEMO ONLY. This record is safe educational data and is not evidence of a real attack.,Persistence,Account Access Removal,,CAMP-32,2026-01-26
THR-2026-1353,2026-06-21T00:00:00,Synthetic Web Threats Observation 1353,WEB THREATS,EMAIL/SENDER DOMAIN,mail.example.org,Internal SOC,87,CRITICAL,88,MONITORING,2026-05-31,2026-06-21,Demo,SYNTHETIC / DEMO ONLY. This record is safe educational data and is not evidence of a real attack.,, ,,CAMP-33,2026-05-31
THR-2026-1354,2026-01-28T00:00:00,Synthetic Account Security Observation 1354,ACCOUNT SECURITY,DOMAIN,demo.invalid,Research Report,71,INFORMATIONAL,50,FALSE_POSITIVE,2026-01-07,2026-01-28,Global,SYNTHETIC / DEMO ONLY. This record is safe educational data and is not evidence of a real attack.,Persistence,Account Access Removal,,CAMP-34,2026-01-07
THR-2026-1355,2026-05-29T00:00:00,Synthetic Web Threats Observation 1355,WEB THREATS,DOMAIN,demo.invalid,Internal SOC,60,INFORMATIONAL,49,MONITORING,2026-05-22,2026-05-29,Demo,SYNTHETIC / DEMO ONLY. This record is safe educational data and is not evidence of a real attack.,Exfiltration,Exfiltration Over Web Service,,CAMP-35,2026-05-22
THR-2026-1356,2026-08-13T00:00:00,Synthetic Social Engineering Observation 1356,SOCIAL ENGINEERING,URL,https://demo.invalid/threat/1356,Security Vendor,82,MEDIUM,54,NEW,2026-07-28,2026-08-13,Demo,SYNTHETIC / DEMO ONLY. This record is safe educational data and is not evidence of a real attack.,Impact,Data Encrypted for Impact,,CAMP-36,2026-07-28
THR-2026-1357,2026-10-13T00:00:00,Synthetic Vulnerability Exposure Observation 1357,VULNERABILITY EXPOSURE,CVE ID,CVE-2026-2357,Public Threat Feed,88,MEDIUM,65,NEW,2026-09-16,2026-10-13,Global,SYNTHETIC / DEMO ONLY. This record is safe educational data and is not evidence of a real attack.,Discovery,Network Service Scanning,CVE-2026-2357,CAMP-37,2026-09-16
THR-2026-1358,2026-10-21T00:00:00,Synthetic Credential Threats Observation 1358,CREDENTIAL THREATS,DOMAIN,example.com,Internal SOC,55,LOW,50,CLOSED,2026-10-05,2026-10-21,IN,SYNTHETIC / DEMO ONLY. This record is safe educational data and is not evidence of a real attack.,, ,,CAMP-38,2026-10-05
THR-2026-1359,2026-07-29T00:00:00,Synthetic Network Threats Observation 1359,NETWORK THREATS,URL,https://demo.invalid/threat/1359,Unknown Source,58,CRITICAL,77,UNDER_REVIEW,2026-07-01,2026-07-29,Demo,SYNTHETIC / DEMO ONLY. This record is safe educational data and is not evidence of a real attack.,Credential Access,Valid Accounts,,CAMP-39,2026-07-01
THR-2026-1360,2026-04-12T00:00:00,Synthetic Phishing Observation 1360,PHISHING,EMAIL/SENDER DOMAIN,mail.example.org,Community Submission,94,CRITICAL,82,FALSE_POSITIVE,2026-03-23,2026-04-12,Demo,SYNTHETIC / DEMO ONLY. This record is safe educational data and is not evidence of a real attack.,Command and Control,Application Layer Protocol,,CAMP-00,2026-03-23
THR-2026-1361,2026-04-25T00:00:00,Synthetic Ransomware Observation 1361,RANSOMWARE,CVE ID,CVE-2026-2361,Internal SOC,91,HIGH,79,NEW,2026-04-17,2026-04-25,US,SYNTHETIC / DEMO ONLY. This record is safe educational data and is not evidence of a real attack.,Initial Access,Phishing,CVE-2026-2361,CAMP-01,2026-04-17
THR-2026-1362,2026-08-18T00:00:00,Synthetic Data Exposure Observation 1362,DATA EXPOSURE,FILE HASH,998b6f39e10953583bf66f2b8c2f68fa09ef1429682cc8266ec204fd0f3433d2,Public Threat Feed,82,INFORMATIONAL,43,UNDER_REVIEW,2026-08-01,2026-08-18,Demo,SYNTHETIC / DEMO ONLY. This record is safe educational data and is not evidence of a real attack.,Discovery,Network Service Scanning,,CAMP-02,2026-08-01
THR-2026-1363,2026-10-14T00:00:00,Synthetic Malware Observation 1363,MALWARE,DOMAIN,example.net,Public Threat Feed,57,MEDIUM,57,MONITORING,2026-10-08,2026-10-14,IN,SYNTHETIC / DEMO ONLY. This record is safe educational data and is not evidence of a real attack.,Command and Control,Application Layer Protocol,,CAMP-03,2026-10-08
THR-2026-1364,2026-03-09T00:00:00,Synthetic Network Threats Observation 1364,NETWORK THREATS,EMAIL/SENDER DOMAIN,mail.example.org,Internal SOC,86,MEDIUM,70,FALSE_POSITIVE,2026-03-08,2026-03-09,Demo,SYNTHETIC / DEMO ONLY. This record is safe educational data and is not evidence of a real attack.,, ,,CAMP-04,2026-03-08
THR-2026-1365,2026-03-31T00:00:00,Synthetic Vulnerability Exposure Observation 1365,VULNERABILITY EXPOSURE,CVE ID,CVE-2026-2365,Community Submission,60,HIGH,60,UNDER_REVIEW,2026-03-10,2026-03-31,US,SYNTHETIC / DEMO ONLY. This record is safe educational data and is not evidence of a real attack.,, ,CVE-2026-2365,CAMP-05,2026-03-10
THR-2026-1366,2026-02-09T00:00:00,Synthetic Account Security Observation 1366,ACCOUNT SECURITY,URL,https://demo.invalid/threat/1366,Internal SOC,55,HIGH,69,MONITORING,2026-01-22,2026-02-09,Global,SYNTHETIC / DEMO ONLY. This record is safe educational data and is not evidence of a real attack.,Exfiltration,Exfiltration Over Web Service,,CAMP-06,2026-01-22
THR-2026-1367,2026-10-12T00:00:00,Synthetic Web Threats Observation 1367,WEB THREATS,DOMAIN,demo.invalid,Community Submission,79,MEDIUM,66,NEW,2026-09-20,2026-10-12,US,SYNTHETIC / DEMO ONLY. This record is safe educational data and is not evidence of a real attack.,Impact,Data Encrypted for Impact,,CAMP-07,2026-09-20
THR-2026-1368,2026-03-07T00:00:00,Synthetic Data Exposure Observation 1368,DATA EXPOSURE,EMAIL/SENDER DOMAIN,mail.example.org,Unknown Source,91,HIGH,62,FALSE_POSITIVE,2026-02-09,2026-03-07,Demo,SYNTHETIC / DEMO ONLY. This record is safe educational data and is not evidence of a real attack.,Persistence,Account Access Removal,,CAMP-08,2026-02-09
THR-2026-1369,2026-05-12T00:00:00,Synthetic Phishing Observation 1369,PHISHING,IP ADDRESS,198.51.100.100,Research Report,71,LOW,59,CLOSED,2026-05-11,2026-05-12,Global,SYNTHETIC / DEMO ONLY. This record is safe educational data and is not evidence of a real attack.,Exfiltration,Exfiltration Over Web Service,,CAMP-09,2026-05-11
THR-2026-1370,2026-10-06T00:00:00,Synthetic Social Engineering Observation 1370,SOCIAL ENGINEERING,FILE HASH,27ea741365337c7a7fb3fef495377715a6e8390bef476ab8a598e1e70b403914,Unknown Source,60,MEDIUM,61,CLOSED,2026-09-25,2026-10-06,Demo,SYNTHETIC / DEMO ONLY. This record is safe educational data and is not evidence of a real attack.,Credential Access,Valid Accounts,,CAMP-10,2026-09-25
THR-2026-1371,2026-10-06T00:00:00,Synthetic Web Threats Observation 1371,WEB THREATS,IP ADDRESS,198.51.100.102,Community Submission,57,INFORMATIONAL,53,NEW,2026-09-11,2026-10-06,Global,SYNTHETIC / DEMO ONLY. This record is safe educational data and is not evidence of a real attack.,Discovery,Network Service Scanning,,CAMP-11,2026-09-11
THR-2026-1372,2026-10-11T00:00:00,Synthetic Malware Observation 1372,MALWARE,CVE ID,CVE-2026-2372,Unknown Source,81,CRITICAL,73,UNDER_REVIEW,2026-09-13,2026-10-11,Global,SYNTHETIC / DEMO ONLY. This record is safe educational data and is not evidence of a real attack.,Persistence,Account Access Removal,CVE-2026-2372,CAMP-12,2026-09-13
THR-2026-1373,2026-02-22T00:00:00,Synthetic Vulnerability Exposure Observation 1373,VULNERABILITY EXPOSURE,IP ADDRESS,198.51.100.104,Public Threat Feed,56,HIGH,69,FALSE_POSITIVE,2026-02-17,2026-02-22,IN,SYNTHETIC / DEMO ONLY. This record is safe educational data and is not evidence of a real attack.,Credential Access,Valid Accounts,,CAMP-13,2026-02-17
THR-2026-1374,2026-04-11T00:00:00,Synthetic Ransomware Observation 1374,RANSOMWARE,DOMAIN,demo.invalid,Community Submission,78,LOW,64,FALSE_POSITIVE,2026-04-08,2026-04-11,IN,SYNTHETIC / DEMO ONLY. This record is safe educational data and is not evidence of a real attack.,Impact,Data Encrypted for Impact,,CAMP-14,2026-04-08
THR-2026-1375,2026-07-26T00:00:00,Synthetic Ransomware Observation 1375,RANSOMWARE,DOMAIN,example.com,Internal SOC,68,HIGH,77,MONITORING,2026-07-04,2026-07-26,US,SYNTHETIC / DEMO ONLY. This record is safe educational data and is not evidence of a real attack.,Persistence,Account Access Removal,,CAMP-15,2026-07-04
THR-2026-1376,2026-09-01T00:00:00,Synthetic Web Threats Observation 1376,WEB THREATS,IP ADDRESS,198.51.100.107,Community Submission,48,CRITICAL,67,NEW,2026-08-02,2026-09-01,EU,SYNTHETIC / DEMO ONLY. This record is safe educational data and is not evidence of a real attack.,Discovery,Network Service Scanning,,CAMP-16,2026-08-02
THR-2026-1377,2026-10-01T00:00:00,Synthetic Phishing Observation 1377,PHISHING,DOMAIN,demo.invalid,Research Report,71,LOW,58,NEW,2026-09-08,2026-10-01,EU,SYNTHETIC / DEMO ONLY. This record is safe educational data and is not evidence of a real attack.,Command and Control,Application Layer Protocol,,CAMP-17,2026-09-08
THR-2026-1378,2026-10-08T00:00:00,Synthetic Social Engineering Observation 1378,SOCIAL ENGINEERING,CVE ID,CVE-2026-2378,Security Vendor,94,HIGH,74,FALSE_POSITIVE,2026-09-09,2026-10-08,IN,SYNTHETIC / DEMO ONLY. This record is safe educational data and is not evidence of a real attack.,Discovery,Network Service Scanning,CVE-2026-2378,CAMP-18,2026-09-09
THR-2026-1379,2026-02-24T00:00:00,Synthetic Network Threats Observation 1379,NETWORK THREATS,FILE HASH,946a0a54361fa1a0c0309c10828f7151f7cd0033032f76069fa7133e9976b2d1,Internal SOC,63,MEDIUM,56,UNDER_REVIEW,2026-02-13,2026-02-24,Demo,SYNTHETIC / DEMO ONLY. This record is safe educational data and is not evidence of a real attack.,Impact,Data Encrypted for Impact,,CAMP-19,2026-02-13
THR-2026-1380,2026-04-16T00:00:00,Synthetic Social Engineering Observation 1380,SOCIAL ENGINEERING,IP ADDRESS,203.0.113.111,Public Threat Feed,79,CRITICAL,76,NEW,2026-04-11,2026-04-16,Demo,SYNTHETIC / DEMO ONLY. This record is safe educational data and is not evidence of a real attack.,Command and Control,Application Layer Protocol,,CAMP-20,2026-04-11
THR-2026-1381,2026-07-10T00:00:00,Synthetic Vulnerability Exposure Observation 1381,VULNERABILITY EXPOSURE,CVE ID,CVE-2026-2381,Community Submission,76,LOW,61,NEW,2026-06-29,2026-07-10,IN,SYNTHETIC / DEMO ONLY. This record is safe educational data and is not evidence of a real attack.,Discovery,Network Service Scanning,CVE-2026-2381,CAMP-21,2026-06-29
THR-2026-1382,2026-01-06T00:00:00,Synthetic Social Engineering Observation 1382,SOCIAL ENGINEERING,DOMAIN,example.net,Community Submission,82,MEDIUM,69,NEW,2026-01-06,2026-01-06,IN,SYNTHETIC / DEMO ONLY. This record is safe educational data and is not evidence of a real attack.,, ,,CAMP-22,2026-01-06
THR-2026-1383,2026-02-24T00:00:00,Synthetic Network Threats Observation 1383,NETWORK THREATS,CVE ID,CVE-2026-2383,Community Submission,88,MEDIUM,61,MONITORING,2026-02-07,2026-02-24,Demo,SYNTHETIC / DEMO ONLY. This record is safe educational data and is not evidence of a real attack.,, ,CVE-2026-2383,CAMP-23,2026-02-07
THR-2026-1384,2026-02-07T00:00:00,Synthetic Web Threats Observation 1384,WEB THREATS,CVE ID,CVE-2026-2384,Internal SOC,98,MEDIUM,69,NEW,2026-02-03,2026-02-07,Global,SYNTHETIC / DEMO ONLY. This record is safe educational data and is not evidence of a real attack.,Discovery,Network Service Scanning,CVE-2026-2384,CAMP-24,2026-02-03
THR-2026-1385,2026-02-16T00:00:00,Synthetic Ransomware Observation 1385,RANSOMWARE,DOMAIN,example.net,Security Vendor,60,HIGH,70,NEW,2026-01-26,2026-02-16,Global,SYNTHETIC / DEMO ONLY. This record is safe educational data and is not evidence of a real attack.,Exfiltration,Exfiltration Over Web Service,,CAMP-25,2026-01-26
THR-2026-1386,2026-02-17T00:00:00,Synthetic Network Threats Observation 1386,NETWORK THREATS,IP ADDRESS,203.0.113.117,Public Threat Feed,92,MEDIUM,68,UNDER_REVIEW,2026-01-27,2026-02-17,US,SYNTHETIC / DEMO ONLY. This record is safe educational data and is not evidence of a real attack.,Impact,Data Encrypted for Impact,,CAMP-26,2026-01-27
THR-2026-1387,2026-03-10T00:00:00,Synthetic Ransomware Observation 1387,RANSOMWARE,DOMAIN,example.com,Research Report,94,CRITICAL,90,FALSE_POSITIVE,2026-03-07,2026-03-10,IN,SYNTHETIC / DEMO ONLY. This record is safe educational data and is not evidence of a real attack.,Impact,Data Encrypted for Impact,,CAMP-27,2026-03-07
THR-2026-1388,2026-05-16T00:00:00,Synthetic Credential Threats Observation 1388,CREDENTIAL THREATS,DOMAIN,example.net,Internal SOC,67,INFORMATIONAL,54,UNDER_REVIEW,2026-04-22,2026-05-16,US,SYNTHETIC / DEMO ONLY. This record is safe educational data and is not evidence of a real attack.,Persistence,Account Access Removal,,CAMP-28,2026-04-22
THR-2026-1389,2026-03-26T00:00:00,Synthetic Data Exposure Observation 1389,DATA EXPOSURE,EMAIL/SENDER DOMAIN,alerts.example.net,Unknown Source,66,LOW,60,FALSE_POSITIVE,2026-03-17,2026-03-26,Demo,SYNTHETIC / DEMO ONLY. This record is safe educational data and is not evidence of a real attack.,Impact,Data Encrypted for Impact,,CAMP-29,2026-03-17
THR-2026-1390,2026-01-14T00:00:00,Synthetic Phishing Observation 1390,PHISHING,FILE HASH,6c16a53597a819424a5b522827be7faf051c206f36f767f5cd64ca8863d8a335,Internal SOC,81,LOW,59,FALSE_POSITIVE,2026-01-07,2026-01-14,Global,SYNTHETIC / DEMO ONLY. This record is safe educational data and is not evidence of a real attack.,, ,,CAMP-30,2026-01-07
THR-2026-1391,2026-08-11T00:00:00,Synthetic Data Exposure Observation 1391,DATA EXPOSURE,URL,https://demo.invalid/threat/1391,Research Report,98,LOW,60,NEW,2026-07-21,2026-08-11,US,SYNTHETIC / DEMO ONLY. This record is safe educational data and is not evidence of a real attack.,Exfiltration,Exfiltration Over Web Service,,CAMP-31,2026-07-21
THR-2026-1392,2026-03-06T00:00:00,Synthetic Account Security Observation 1392,ACCOUNT SECURITY,DOMAIN,example.com,Community Submission,67,MEDIUM,65,NEW,2026-02-27,2026-03-06,IN,SYNTHETIC / DEMO ONLY. This record is safe educational data and is not evidence of a real attack.,Credential Access,Valid Accounts,,CAMP-32,2026-02-27
THR-2026-1393,2026-01-21T00:00:00,Synthetic Vulnerability Exposure Observation 1393,VULNERABILITY EXPOSURE,FILE HASH,b726aa0692135dc09a845c70f19b5326f4af538b1f6288c17953799608c96e86,Internal SOC,59,HIGH,68,NEW,2026-01-21,2026-01-21,Demo,SYNTHETIC / DEMO ONLY. This record is safe educational data and is not evidence of a real attack.,Command and Control,Application Layer Protocol,,CAMP-33,2026-01-21
THR-2026-1394,2026-06-25T00:00:00,Synthetic Data Exposure Observation 1394,DATA EXPOSURE,FILE HASH,7cc67b98d5bdff816535df104f13a3b703d59bdbaf9baa7bd13df888230494b2,Unknown Source,62,HIGH,62,UNDER_REVIEW,2026-06-23,2026-06-25,Global,SYNTHETIC / DEMO ONLY. This record is safe educational data and is not evidence of a real attack.,Command and Control,Application Layer Protocol,,CAMP-34,2026-06-23
THR-2026-1395,2026-09-10T00:00:00,Synthetic Data Exposure Observation 1395,DATA EXPOSURE,DOMAIN,example.com,Internal SOC,47,CRITICAL,73,CLOSED,2026-09-06,2026-09-10,US,SYNTHETIC / DEMO ONLY. This record is safe educational data and is not evidence of a real attack.,Initial Access,Phishing,,CAMP-35,2026-09-06
THR-2026-1396,2026-02-21T00:00:00,Synthetic Ransomware Observation 1396,RANSOMWARE,CVE ID,CVE-2026-2396,Internal SOC,54,CRITICAL,72,NEW,2026-02-05,2026-02-21,IN,SYNTHETIC / DEMO ONLY. This record is safe educational data and is not evidence of a real attack.,Discovery,Network Service Scanning,CVE-2026-2396,CAMP-36,2026-02-05
THR-2026-1397,2026-07-10T00:00:00,Synthetic Phishing Observation 1397,PHISHING,FILE HASH,fd27b49982bee56db15f44036e20e96246cb5c83c09432cc15b21cc714962e40,Public Threat Feed,62,MEDIUM,65,CLOSED,2026-06-30,2026-07-10,Global,SYNTHETIC / DEMO ONLY. This record is safe educational data and is not evidence of a real attack.,Initial Access,Phishing,,CAMP-37,2026-06-30
THR-2026-1398,2026-04-06T00:00:00,Synthetic Phishing Observation 1398,PHISHING,CVE ID,CVE-2026-2398,Unknown Source,85,LOW,67,CLOSED,2026-03-24,2026-04-06,US,SYNTHETIC / DEMO ONLY. This record is safe educational data and is not evidence of a real attack.,, ,CVE-2026-2398,CAMP-38,2026-03-24
THR-2026-1399,2026-01-11T00:00:00,Synthetic Account Security Observation 1399,ACCOUNT SECURITY,FILE HASH,c2a46409e1020d2412ee6c5106348e4804306daa8728cf3c0ffa2f4e05ed0b08,Community Submission,71,HIGH,75,FALSE_POSITIVE,2026-01-11,2026-01-11,Demo,SYNTHETIC / DEMO ONLY. This record is safe educational data and is not evidence of a real attack.,Command and Control,Application Layer Protocol,,CAMP-39,2026-01-11
THR-2026-1400,2026-01-18T00:00:00,Synthetic Data Exposure Observation 1400,DATA EXPOSURE,DOMAIN,example.net,Public Threat Feed,93,CRITICAL,81,UNDER_REVIEW,2026-01-02,2026-01-18,US,SYNTHETIC / DEMO ONLY. This record is safe educational data and is not evidence of a real attack.,Command and Control,Application Layer Protocol,,CAMP-00,2026-01-02
THR-2026-1401,2026-04-28T00:00:00,Synthetic Phishing Observation 1401,PHISHING,CVE ID,CVE-2026-2401,Internal SOC,54,LOW,50,FALSE_POSITIVE,2026-04-11,2026-04-28,IN,SYNTHETIC / DEMO ONLY. This record is safe educational data and is not evidence of a real attack.,Initial Access,Phishing,CVE-2026-2401,CAMP-01,2026-04-11
THR-2026-1402,2026-03-26T00:00:00,Synthetic Social Engineering Observation 1402,SOCIAL ENGINEERING,IP ADDRESS,192.0.2.133,Unknown Source,86,MEDIUM,69,NEW,2026-03-10,2026-03-26,US,SYNTHETIC / DEMO ONLY. This record is safe educational data and is not evidence of a real attack.,Initial Access,Phishing,,CAMP-02,2026-03-10
THR-2026-1403,2026-07-11T00:00:00,Synthetic Vulnerability Exposure Observation 1403,VULNERABILITY EXPOSURE,FILE HASH,8b70f84926a6f57bb3afc46e5dc656d7cf22dfb1754ecfd2f60313315ec0c13c,Public Threat Feed,95,MEDIUM,76,NEW,2026-07-04,2026-07-11,Demo,SYNTHETIC / DEMO ONLY. This record is safe educational data and is not evidence of a real attack.,Initial Access,Phishing,,CAMP-03,2026-07-04
THR-2026-1404,2026-09-29T00:00:00,Synthetic Social Engineering Observation 1404,SOCIAL ENGINEERING,EMAIL/SENDER DOMAIN,mail.example.org,Community Submission,70,HIGH,70,MONITORING,2026-08-30,2026-09-29,IN,SYNTHETIC / DEMO ONLY. This record is safe educational data and is not evidence of a real attack.,Persistence,Account Access Removal,,CAMP-04,2026-08-30
THR-2026-1405,2026-03-07T00:00:00,Synthetic Data Exposure Observation 1405,DATA EXPOSURE,DOMAIN,example.org,Public Threat Feed,65,LOW,57,NEW,2026-02-19,2026-03-07,Global,SYNTHETIC / DEMO ONLY. This record is safe educational data and is not evidence of a real attack.,Discovery,Network Service Scanning,,CAMP-05,2026-02-19
THR-2026-1406,2026-05-01T00:00:00,Synthetic Phishing Observation 1406,PHISHING,IP ADDRESS,198.51.100.137,Research Report,82,HIGH,62,FALSE_POSITIVE,2026-04-29,2026-05-01,Global,SYNTHETIC / DEMO ONLY. This record is safe educational data and is not evidence of a real attack.,Command and Control,Application Layer Protocol,,CAMP-06,2026-04-29
THR-2026-1407,2026-09-17T00:00:00,Synthetic Ransomware Observation 1407,RANSOMWARE,IP ADDRESS,203.0.113.138,Unknown Source,54,MEDIUM,57,FALSE_POSITIVE,2026-09-17,2026-09-17,Global,SYNTHETIC / DEMO ONLY. This record is safe educational data and is not evidence of a real attack.,Command and Control,Application Layer Protocol,,CAMP-07,2026-09-17
THR-2026-1408,2026-03-07T00:00:00,Synthetic Data Exposure Observation 1408,DATA EXPOSURE,FILE HASH,3d6ddf94597c90541ea104a66d38575c9e9ddfff9e336378da6df859fe56819f,Community Submission,89,MEDIUM,67,CLOSED,2026-02-16,2026-03-07,Global,SYNTHETIC / DEMO ONLY. This record is safe educational data and is not evidence of a real attack.,Impact,Data Encrypted for Impact,,CAMP-08,2026-02-16
THR-2026-1409,2026-07-23T00:00:00,Synthetic Credential Threats Observation 1409,CREDENTIAL THREATS,URL,https://demo.invalid/threat/1409,Research Report,78,LOW,62,FALSE_POSITIVE,2026-07-18,2026-07-23,EU,SYNTHETIC / DEMO ONLY. This record is safe educational data and is not evidence of a real attack.,, ,,CAMP-09,2026-07-18
THR-2026-1410,2026-04-08T00:00:00,Synthetic Phishing Observation 1410,PHISHING,FILE HASH,28bced60714a7e34d99ac36dd9f60354cd6a52186fe9adb53d6819f5f69cdfac,Public Threat Feed,95,LOW,62,FALSE_POSITIVE,2026-04-07,2026-04-08,US,SYNTHETIC / DEMO ONLY. This record is safe educational data and is not evidence of a real attack.,Impact,Data Encrypted for Impact,,CAMP-10,2026-04-07
THR-2026-1411,2026-07-18T00:00:00,Synthetic Malware Observation 1411,MALWARE,URL,https://demo.invalid/threat/1411,Internal SOC,66,CRITICAL,66,CLOSED,2026-07-16,2026-07-18,US,SYNTHETIC / DEMO ONLY. This record is safe educational data and is not evidence of a real attack.,Persistence,Account Access Removal,,CAMP-11,2026-07-16
THR-2026-1412,2026-10-22T00:00:00,Synthetic Credential Threats Observation 1412,CREDENTIAL THREATS,URL,https://demo.invalid/threat/1412,Unknown Source,78,LOW,56,MONITORING,2026-09-24,2026-10-22,US,SYNTHETIC / DEMO ONLY. This record is safe educational data and is not evidence of a real attack.,Initial Access,Phishing,,CAMP-12,2026-09-24
THR-2026-1413,2026-09-02T00:00:00,Synthetic Phishing Observation 1413,PHISHING,URL,https://demo.invalid/threat/1413,Security Vendor,57,HIGH,62,UNDER_REVIEW,2026-08-08,2026-09-02,US,SYNTHETIC / DEMO ONLY. This record is safe educational data and is not evidence of a real attack.,Exfiltration,Exfiltration Over Web Service,,CAMP-13,2026-08-08
THR-2026-1414,2026-10-02T00:00:00,Synthetic Network Threats Observation 1414,NETWORK THREATS,URL,https://demo.invalid/threat/1414,Security Vendor,70,CRITICAL,76,MONITORING,2026-09-09,2026-10-02,IN,SYNTHETIC / DEMO ONLY. This record is safe educational data and is not evidence of a real attack.,Command and Control,Application Layer Protocol,,CAMP-14,2026-09-09
THR-2026-1415,2026-07-13T00:00:00,Synthetic Data Exposure Observation 1415,DATA EXPOSURE,FILE HASH,fa902ee6171b6d484e407093bc7d9d29310d8d528edd4c8cde04f15783805899,Unknown Source,65,MEDIUM,68,CLOSED,2026-06-20,2026-07-13,EU,SYNTHETIC / DEMO ONLY. This record is safe educational data and is not evidence of a real attack.,, ,,CAMP-15,2026-06-20
THR-2026-1416,2026-06-30T00:00:00,Synthetic Credential Threats Observation 1416,CREDENTIAL THREATS,DOMAIN,example.org,Community Submission,69,MEDIUM,62,CLOSED,2026-06-09,2026-06-30,Global,SYNTHETIC / DEMO ONLY. This record is safe educational data and is not evidence of a real attack.,Persistence,Account Access Removal,,CAMP-16,2026-06-09
THR-2026-1417,2026-07-03T00:00:00,Synthetic Malware Observation 1417,MALWARE,IP ADDRESS,192.0.2.148,Research Report,64,LOW,57,CLOSED,2026-06-07,2026-07-03,Global,SYNTHETIC / DEMO ONLY. This record is safe educational data and is not evidence of a real attack.,Initial Access,Phishing,,CAMP-17,2026-06-07
THR-2026-1418,2026-05-09T00:00:00,Synthetic Data Exposure Observation 1418,DATA EXPOSURE,CVE ID,CVE-2026-2418,Security Vendor,96,MEDIUM,73,NEW,2026-04-13,2026-05-09,Demo,SYNTHETIC / DEMO ONLY. This record is safe educational data and is not evidence of a real attack.,Impact,Data Encrypted for Impact,CVE-2026-2418,CAMP-18,2026-04-13
THR-2026-1419,2026-02-12T00:00:00,Synthetic Data Exposure Observation 1419,DATA EXPOSURE,FILE HASH,1917753eae9de0e44b6c8415b0f33a470bcc452f4ad1f7cfe6484ab4a69d8ba9,Public Threat Feed,46,MEDIUM,54,CLOSED,2026-01-16,2026-02-12,US,SYNTHETIC / DEMO ONLY. This record is safe educational data and is not evidence of a real attack.,Exfiltration,Exfiltration Over Web Service,,CAMP-19,2026-01-16
THR-2026-1420,2026-04-10T00:00:00,Synthetic Vulnerability Exposure Observation 1420,VULNERABILITY EXPOSURE,IP ADDRESS,198.51.100.151,Unknown Source,53,HIGH,66,MONITORING,2026-04-03,2026-04-10,Demo,SYNTHETIC / DEMO ONLY. This record is safe educational data and is not evidence of a real attack.,Exfiltration,Exfiltration Over Web Service,,CAMP-20,2026-04-03
THR-2026-1421,2026-02-20T00:00:00,Synthetic Social Engineering Observation 1421,SOCIAL ENGINEERING,URL,https://demo.invalid/threat/1421,Public Threat Feed,97,MEDIUM,71,MONITORING,2026-01-28,2026-02-20,US,SYNTHETIC / DEMO ONLY. This record is safe educational data and is not evidence of a real attack.,Initial Access,Phishing,,CAMP-21,2026-01-28
THR-2026-1422,2026-02-05T00:00:00,Synthetic Ransomware Observation 1422,RANSOMWARE,IP ADDRESS,198.51.100.153,Unknown Source,45,HIGH,69,UNDER_REVIEW,2026-02-05,2026-02-05,Global,SYNTHETIC / DEMO ONLY. This record is safe educational data and is not evidence of a real attack.,Impact,Data Encrypted for Impact,,CAMP-22,2026-02-05
THR-2026-1423,2026-09-27T00:00:00,Synthetic Ransomware Observation 1423,RANSOMWARE,IP ADDRESS,192.0.2.154,Public Threat Feed,53,CRITICAL,73,NEW,2026-09-07,2026-09-27,EU,SYNTHETIC / DEMO ONLY. This record is safe educational data and is not evidence of a real attack.,Persistence,Account Access Removal,,CAMP-23,2026-09-07
THR-2026-1424,2026-02-04T00:00:00,Synthetic Malware Observation 1424,MALWARE,CVE ID,CVE-2026-2424,Unknown Source,75,INFORMATIONAL,59,FALSE_POSITIVE,2026-02-04,2026-02-04,IN,SYNTHETIC / DEMO ONLY. This record is safe educational data and is not evidence of a real attack.,Initial Access,Phishing,CVE-2026-2424,CAMP-24,2026-02-04
THR-2026-1425,2026-07-13T00:00:00,Synthetic Credential Threats Observation 1425,CREDENTIAL THREATS,DOMAIN,example.org,Unknown Source,90,CRITICAL,81,CLOSED,2026-06-21,2026-07-13,US,SYNTHETIC / DEMO ONLY. This record is safe educational data and is not evidence of a real attack.,Initial Access,Phishing,,CAMP-25,2026-06-21
THR-2026-1426,2026-07-23T00:00:00,Synthetic Account Security Observation 1426,ACCOUNT SECURITY,IP ADDRESS,198.51.100.157,Unknown Source,78,MEDIUM,67,MONITORING,2026-07-05,2026-07-23,IN,SYNTHETIC / DEMO ONLY. This record is safe educational data and is not evidence of a real attack.,Exfiltration,Exfiltration Over Web Service,,CAMP-26,2026-07-05
THR-2026-1427,2026-05-14T00:00:00,Synthetic Network Threats Observation 1427,NETWORK THREATS,DOMAIN,example.net,Research Report,74,MEDIUM,61,CLOSED,2026-04-23,2026-05-14,IN,SYNTHETIC / DEMO ONLY. This record is safe educational data and is not evidence of a real attack.,Initial Access,Phishing,,CAMP-27,2026-04-23
THR-2026-1428,2026-09-15T00:00:00,Synthetic Account Security Observation 1428,ACCOUNT SECURITY,URL,https://demo.invalid/threat/1428,Unknown Source,60,LOW,60,NEW,2026-09-10,2026-09-15,Demo,SYNTHETIC / DEMO ONLY. This record is safe educational data and is not evidence of a real attack.,Impact,Data Encrypted for Impact,,CAMP-28,2026-09-10
THR-2026-1429,2026-03-11T00:00:00,Synthetic Phishing Observation 1429,PHISHING,URL,https://demo.invalid/threat/1429,Research Report,51,LOW,46,FALSE_POSITIVE,2026-02-27,2026-03-11,Global,SYNTHETIC / DEMO ONLY. This record is safe educational data and is not evidence of a real attack.,Initial Access,Phishing,,CAMP-29,2026-02-27
THR-2026-1430,2026-02-17T00:00:00,Synthetic Credential Threats Observation 1430,CREDENTIAL THREATS,EMAIL/SENDER DOMAIN,mail.example.org,Community Submission,63,MEDIUM,62,CLOSED,2026-01-24,2026-02-17,Global,SYNTHETIC / DEMO ONLY. This record is safe educational data and is not evidence of a real attack.,Exfiltration,Exfiltration Over Web Service,,CAMP-30,2026-01-24
THR-2026-1431,2026-09-15T00:00:00,Synthetic Data Exposure Observation 1431,DATA EXPOSURE,FILE HASH,1cf2fd296c2d7a8c623da198477404c16c36e172d5c5512a266adb3a465d3192,Security Vendor,49,MEDIUM,53,CLOSED,2026-08-25,2026-09-15,Demo,SYNTHETIC / DEMO ONLY. This record is safe educational data and is not evidence of a real attack.,, ,,CAMP-31,2026-08-25
THR-2026-1432,2026-07-09T00:00:00,Synthetic Phishing Observation 1432,PHISHING,CVE ID,CVE-2026-2432,Unknown Source,90,MEDIUM,71,CLOSED,2026-06-15,2026-07-09,IN,SYNTHETIC / DEMO ONLY. This record is safe educational data and is not evidence of a real attack.,, ,CVE-2026-2432,CAMP-32,2026-06-15
THR-2026-1433,2026-05-23T00:00:00,Synthetic Network Threats Observation 1433,NETWORK THREATS,CVE ID,CVE-2026-2433,Security Vendor,50,LOW,49,FALSE_POSITIVE,2026-05-15,2026-05-23,EU,SYNTHETIC / DEMO ONLY. This record is safe educational data and is not evidence of a real attack.,Command and Control,Application Layer Protocol,CVE-2026-2433,CAMP-33,2026-05-15
THR-2026-1434,2026-08-17T00:00:00,Synthetic Web Threats Observation 1434,WEB THREATS,FILE HASH,5497fffe61c5545a3e1046845408b6c8a62cf6647b5c9bd0f3cc090552d82aae,Public Threat Feed,78,MEDIUM,62,CLOSED,2026-07-18,2026-08-17,IN,SYNTHETIC / DEMO ONLY. This record is safe educational data and is not evidence of a real attack.,, ,,CAMP-34,2026-07-18
THR-2026-1435,2026-10-23T00:00:00,Synthetic Account Security Observation 1435,ACCOUNT SECURITY,FILE HASH,faaa6d114eaa99a062165b8906a6a015cc5d0ac588061362a6afa60be5f26866,Internal SOC,75,CRITICAL,73,UNDER_REVIEW,2026-09-23,2026-10-23,Global,SYNTHETIC / DEMO ONLY. This record is safe educational data and is not evidence of a real attack.,Exfiltration,Exfiltration Over Web Service,,CAMP-35,2026-09-23
THR-2026-1436,2026-02-19T00:00:00,Synthetic Credential Threats Observation 1436,CREDENTIAL THREATS,IP ADDRESS,203.0.113.167,Community Submission,45,MEDIUM,60,UNDER_REVIEW,2026-02-09,2026-02-19,IN,SYNTHETIC / DEMO ONLY. This record is safe educational data and is not evidence of a real attack.,Discovery,Network Service Scanning,,CAMP-36,2026-02-09
THR-2026-1437,2026-08-06T00:00:00,Synthetic Vulnerability Exposure Observation 1437,VULNERABILITY EXPOSURE,FILE HASH,2e604849843db310f03ce266404b63aef572f7d401fd3f74e140a1554da18671,Public Threat Feed,54,HIGH,76,NEW,2026-07-31,2026-08-06,EU,SYNTHETIC / DEMO ONLY. This record is safe educational data and is not evidence of a real attack.,Exfiltration,Exfiltration Over Web Service,,CAMP-37,2026-07-31
THR-2026-1438,2026-05-14T00:00:00,Synthetic Vulnerability Exposure Observation 1438,VULNERABILITY EXPOSURE,DOMAIN,example.org,Community Submission,53,MEDIUM,55,NEW,2026-04-15,2026-05-14,EU,SYNTHETIC / DEMO ONLY. This record is safe educational data and is not evidence of a real attack.,, ,,CAMP-38,2026-04-15
THR-2026-1439,2026-06-04T00:00:00,Synthetic Phishing Observation 1439,PHISHING,CVE ID,CVE-2026-2439,Unknown Source,93,HIGH,70,NEW,2026-05-21,2026-06-04,US,SYNTHETIC / DEMO ONLY. This record is safe educational data and is not evidence of a real attack.,Credential Access,Valid Accounts,CVE-2026-2439,CAMP-39,2026-05-21
THR-2026-1440,2026-07-28T00:00:00,Synthetic Account Security Observation 1440,ACCOUNT SECURITY,EMAIL/SENDER DOMAIN,alerts.example.net,Internal SOC,82,MEDIUM,65,UNDER_REVIEW,2026-07-28,2026-07-28,IN,SYNTHETIC / DEMO ONLY. This record is safe educational data and is not evidence of a real attack.,Impact,Data Encrypted for Impact,,CAMP-00,2026-07-28
THR-2026-1441,2026-05-09T00:00:00,Synthetic Malware Observation 1441,MALWARE,DOMAIN,example.com,Unknown Source,68,MEDIUM,57,NEW,2026-05-03,2026-05-09,IN,SYNTHETIC / DEMO ONLY. This record is safe educational data and is not evidence of a real attack.,Discovery,Network Service Scanning,,CAMP-01,2026-05-03
THR-2026-1442,2026-04-26T00:00:00,Synthetic Data Exposure Observation 1442,DATA EXPOSURE,DOMAIN,example.com,Internal SOC,77,HIGH,76,MONITORING,2026-04-16,2026-04-26,US,SYNTHETIC / DEMO ONLY. This record is safe educational data and is not evidence of a real attack.,, ,,CAMP-02,2026-04-16
THR-2026-1443,2026-07-28T00:00:00,Synthetic Web Threats Observation 1443,WEB THREATS,IP ADDRESS,203.0.113.174,Research Report,45,LOW,46,MONITORING,2026-07-24,2026-07-28,Demo,SYNTHETIC / DEMO ONLY. This record is safe educational data and is not evidence of a real attack.,Exfiltration,Exfiltration Over Web Service,,CAMP-03,2026-07-24
THR-2026-1444,2026-09-21T00:00:00,Synthetic Credential Threats Observation 1444,CREDENTIAL THREATS,IP ADDRESS,198.51.100.175,Security Vendor,48,MEDIUM,59,FALSE_POSITIVE,2026-08-23,2026-09-21,Global,SYNTHETIC / DEMO ONLY. This record is safe educational data and is not evidence of a real attack.,Credential Access,Valid Accounts,,CAMP-04,2026-08-23
THR-2026-1445,2026-02-20T00:00:00,Synthetic Account Security Observation 1445,ACCOUNT SECURITY,FILE HASH,4cf012d798d4b1abbe51722cb9975f401815f0f8784982251312b9786eb96b06,Unknown Source,59,HIGH,63,MONITORING,2026-01-24,2026-02-20,EU,SYNTHETIC / DEMO ONLY. This record is safe educational data and is not evidence of a real attack.,Credential Access,Valid Accounts,,CAMP-05,2026-01-24
THR-2026-1446,2026-09-10T00:00:00,Synthetic Web Threats Observation 1446,WEB THREATS,FILE HASH,89e3d31725ec8f95b37b50b35a8375a327bfa41f9543254534db0585de2fcf2b,Security Vendor,52,LOW,52,MONITORING,2026-09-06,2026-09-10,EU,SYNTHETIC / DEMO ONLY. This record is safe educational data and is not evidence of a real attack.,Command and Control,Application Layer Protocol,,CAMP-06,2026-09-06
THR-2026-1447,2026-06-15T00:00:00,Synthetic Data Exposure Observation 1447,DATA EXPOSURE,CVE ID,CVE-2026-2447,Public Threat Feed,87,INFORMATIONAL,57,MONITORING,2026-05-18,2026-06-15,IN,SYNTHETIC / DEMO ONLY. This record is safe educational data and is not evidence of a real attack.,Discovery,Network Service Scanning,CVE-2026-2447,CAMP-07,2026-05-18
THR-2026-1448,2026-04-15T00:00:00,Synthetic Ransomware Observation 1448,RANSOMWARE,URL,https://demo.invalid/threat/1448,Community Submission,96,CRITICAL,76,NEW,2026-03-23,2026-04-15,Global,SYNTHETIC / DEMO ONLY. This record is safe educational data and is not evidence of a real attack.,Credential Access,Valid Accounts,,CAMP-08,2026-03-23
THR-2026-1449,2026-01-21T00:00:00,Synthetic Ransomware Observation 1449,RANSOMWARE,IP ADDRESS,203.0.113.180,Unknown Source,77,MEDIUM,63,NEW,2026-01-15,2026-01-21,Demo,SYNTHETIC / DEMO ONLY. This record is safe educational data and is not evidence of a real attack.,Credential Access,Valid Accounts,,CAMP-09,2026-01-15
THR-2026-1450,2026-09-10T00:00:00,Synthetic Phishing Observation 1450,PHISHING,EMAIL/SENDER DOMAIN,mail.example.org,Community Submission,68,MEDIUM,67,UNDER_REVIEW,2026-08-20,2026-09-10,IN,SYNTHETIC / DEMO ONLY. This record is safe educational data and is not evidence of a real attack.,Persistence,Account Access Removal,,CAMP-10,2026-08-20
THR-2026-1451,2026-08-16T00:00:00,Synthetic Data Exposure Observation 1451,DATA EXPOSURE,FILE HASH,8747d8afa0293655a289af8e6b7d29cfd9fff671f6f9711618d78e0b6a4a1f6d,Internal SOC,65,MEDIUM,61,FALSE_POSITIVE,2026-08-13,2026-08-16,Global,SYNTHETIC / DEMO ONLY. This record is safe educational data and is not evidence of a real attack.,Credential Access,Valid Accounts,,CAMP-11,2026-08-13
THR-2026-1452,2026-06-10T00:00:00,Synthetic Data Exposure Observation 1452,DATA EXPOSURE,IP ADDRESS,198.51.100.183,Community Submission,45,LOW,47,MONITORING,2026-05-21,2026-06-10,EU,SYNTHETIC / DEMO ONLY. This record is safe educational data and is not evidence of a real attack.,Discovery,Network Service Scanning,,CAMP-12,2026-05-21
THR-2026-1453,2026-06-03T00:00:00,Synthetic Vulnerability Exposure Observation 1453,VULNERABILITY EXPOSURE,EMAIL/SENDER DOMAIN,alerts.example.net,Public Threat Feed,73,CRITICAL,79,NEW,2026-05-17,2026-06-03,EU,SYNTHETIC / DEMO ONLY. This record is safe educational data and is not evidence of a real attack.,Command and Control,Application Layer Protocol,,CAMP-13,2026-05-17
THR-2026-1454,2026-06-29T00:00:00,Synthetic Network Threats Observation 1454,NETWORK THREATS,CVE ID,CVE-2026-2454,Research Report,49,MEDIUM,55,CLOSED,2026-06-11,2026-06-29,IN,SYNTHETIC / DEMO ONLY. This record is safe educational data and is not evidence of a real attack.,Credential Access,Valid Accounts,CVE-2026-2454,CAMP-14,2026-06-11
THR-2026-1455,2026-04-17T00:00:00,Synthetic Web Threats Observation 1455,WEB THREATS,IP ADDRESS,198.51.100.186,Public Threat Feed,90,LOW,56,NEW,2026-03-25,2026-04-17,US,SYNTHETIC / DEMO ONLY. This record is safe educational data and is not evidence of a real attack.,, ,,CAMP-15,2026-03-25
THR-2026-1456,2026-08-24T00:00:00,Synthetic Account Security Observation 1456,ACCOUNT SECURITY,IP ADDRESS,198.51.100.187,Security Vendor,60,MEDIUM,51,MONITORING,2026-08-24,2026-08-24,IN,SYNTHETIC / DEMO ONLY. This record is safe educational data and is not evidence of a real attack.,Credential Access,Valid Accounts,,CAMP-16,2026-08-24
THR-2026-1457,2026-07-01T00:00:00,Synthetic Phishing Observation 1457,PHISHING,URL,https://demo.invalid/threat/1457,Internal SOC,80,LOW,59,UNDER_REVIEW,2026-06-16,2026-07-01,EU,SYNTHETIC / DEMO ONLY. This record is safe educational data and is not evidence of a real attack.,Command and Control,Application Layer Protocol,,CAMP-17,2026-06-16
THR-2026-1458,2026-03-16T00:00:00,Synthetic Account Security Observation 1458,ACCOUNT SECURITY,FILE HASH,a257951da2dbbc6115e226f8dd16d4dd591a99a07c8ca948c485253dba140645,Community Submission,90,LOW,59,UNDER_REVIEW,2026-03-11,2026-03-16,Global,SYNTHETIC / DEMO ONLY. This record is safe educational data and is not evidence of a real attack.,Initial Access,Phishing,,CAMP-18,2026-03-11
THR-2026-1459,2026-05-30T00:00:00,Synthetic Vulnerability Exposure Observation 1459,VULNERABILITY EXPOSURE,CVE ID,CVE-2026-2459,Community Submission,82,HIGH,68,UNDER_REVIEW,2026-05-11,2026-05-30,Demo,SYNTHETIC / DEMO ONLY. This record is safe educational data and is not evidence of a real attack.,, ,CVE-2026-2459,CAMP-19,2026-05-11
THR-2026-1460,2026-08-02T00:00:00,Synthetic Social Engineering Observation 1460,SOCIAL ENGINEERING,CVE ID,CVE-2026-2460,Unknown Source,83,LOW,64,FALSE_POSITIVE,2026-07-18,2026-08-02,US,SYNTHETIC / DEMO ONLY. This record is safe educational data and is not evidence of a real attack.,Persistence,Account Access Removal,CVE-2026-2460,CAMP-20,2026-07-18
THR-2026-1461,2026-02-01T00:00:00,Synthetic Social Engineering Observation 1461,SOCIAL ENGINEERING,EMAIL/SENDER DOMAIN,alerts.example.net,Research Report,93,HIGH,80,NEW,2026-01-13,2026-02-01,IN,SYNTHETIC / DEMO ONLY. This record is safe educational data and is not evidence of a real attack.,, ,,CAMP-21,2026-01-13
THR-2026-1462,2026-09-10T00:00:00,Synthetic Vulnerability Exposure Observation 1462,VULNERABILITY EXPOSURE,EMAIL/SENDER DOMAIN,alerts.example.net,Research Report,97,MEDIUM,71,MONITORING,2026-08-14,2026-09-10,Demo,SYNTHETIC / DEMO ONLY. This record is safe educational data and is not evidence of a real attack.,Discovery,Network Service Scanning,,CAMP-22,2026-08-14
THR-2026-1463,2026-04-06T00:00:00,Synthetic Phishing Observation 1463,PHISHING,EMAIL/SENDER DOMAIN,alerts.example.net,Security Vendor,97,MEDIUM,75,MONITORING,2026-03-13,2026-04-06,US,SYNTHETIC / DEMO ONLY. This record is safe educational data and is not evidence of a real attack.,Initial Access,Phishing,,CAMP-23,2026-03-13
THR-2026-1464,2026-02-13T00:00:00,Synthetic Network Threats Observation 1464,NETWORK THREATS,URL,https://demo.invalid/threat/1464,Unknown Source,55,MEDIUM,46,CLOSED,2026-02-05,2026-02-13,Demo,SYNTHETIC / DEMO ONLY. This record is safe educational data and is not evidence of a real attack.,Credential Access,Valid Accounts,,CAMP-24,2026-02-05
THR-2026-1465,2026-05-28T00:00:00,Synthetic Credential Threats Observation 1465,CREDENTIAL THREATS,IP ADDRESS,192.0.2.196,Research Report,52,HIGH,56,CLOSED,2026-05-26,2026-05-28,Global,SYNTHETIC / DEMO ONLY. This record is safe educational data and is not evidence of a real attack.,Exfiltration,Exfiltration Over Web Service,,CAMP-25,2026-05-26
THR-2026-1466,2026-02-08T00:00:00,Synthetic Network Threats Observation 1466,NETWORK THREATS,EMAIL/SENDER DOMAIN,alerts.example.net,Security Vendor,81,MEDIUM,61,FALSE_POSITIVE,2026-02-07,2026-02-08,IN,SYNTHETIC / DEMO ONLY. This record is safe educational data and is not evidence of a real attack.,Command and Control,Application Layer Protocol,,CAMP-26,2026-02-07
THR-2026-1467,2026-06-02T00:00:00,Synthetic Malware Observation 1467,MALWARE,CVE ID,CVE-2026-2467,Internal SOC,55,HIGH,56,NEW,2026-05-14,2026-06-02,Demo,SYNTHETIC / DEMO ONLY. This record is safe educational data and is not evidence of a real attack.,Persistence,Account Access Removal,CVE-2026-2467,CAMP-27,2026-05-14
THR-2026-1468,2026-05-16T00:00:00,Synthetic Ransomware Observation 1468,RANSOMWARE,EMAIL/SENDER DOMAIN,alerts.example.net,Community Submission,69,MEDIUM,65,UNDER_REVIEW,2026-05-14,2026-05-16,Global,SYNTHETIC / DEMO ONLY. This record is safe educational data and is not evidence of a real attack.,Discovery,Network Service Scanning,,CAMP-28,2026-05-14
THR-2026-1469,2026-04-06T00:00:00,Synthetic Credential Threats Observation 1469,CREDENTIAL THREATS,IP ADDRESS,203.0.113.200,Community Submission,65,CRITICAL,86,FALSE_POSITIVE,2026-03-27,2026-04-06,US,SYNTHETIC / DEMO ONLY. This record is safe educational data and is not evidence of a real attack.,Discovery,Network Service Scanning,,CAMP-29,2026-03-27
THR-2026-1470,2026-03-29T00:00:00,Synthetic Phishing Observation 1470,PHISHING,CVE ID,CVE-2026-2470,Internal SOC,81,HIGH,75,NEW,2026-03-14,2026-03-29,IN,SYNTHETIC / DEMO ONLY. This record is safe educational data and is not evidence of a real attack.,Impact,Data Encrypted for Impact,CVE-2026-2470,CAMP-30,2026-03-14
THR-2026-1471,2026-09-14T00:00:00,Synthetic Data Exposure Observation 1471,DATA EXPOSURE,CVE ID,CVE-2026-2471,Security Vendor,89,LOW,66,CLOSED,2026-08-16,2026-09-14,US,SYNTHETIC / DEMO ONLY. This record is safe educational data and is not evidence of a real attack.,Initial Access,Phishing,CVE-2026-2471,CAMP-31,2026-08-16
THR-2026-1472,2026-01-25T00:00:00,Synthetic Network Threats Observation 1472,NETWORK THREATS,EMAIL/SENDER DOMAIN,alerts.example.net,Security Vendor,76,HIGH,73,MONITORING,2026-01-09,2026-01-25,EU,SYNTHETIC / DEMO ONLY. This record is safe educational data and is not evidence of a real attack.,Command and Control,Application Layer Protocol,,CAMP-32,2026-01-09
THR-2026-1473,2026-09-01T00:00:00,Synthetic Account Security Observation 1473,ACCOUNT SECURITY,URL,https://demo.invalid/threat/1473,Security Vendor,86,MEDIUM,66,FALSE_POSITIVE,2026-08-22,2026-09-01,Demo,SYNTHETIC / DEMO ONLY. This record is safe educational data and is not evidence of a real attack.,Credential Access,Valid Accounts,,CAMP-33,2026-08-22
THR-2026-1474,2026-07-29T00:00:00,Synthetic Ransomware Observation 1474,RANSOMWARE,IP ADDRESS,203.0.113.205,Public Threat Feed,70,HIGH,70,NEW,2026-07-24,2026-07-29,Global,SYNTHETIC / DEMO ONLY. This record is safe educational data and is not evidence of a real attack.,Discovery,Network Service Scanning,,CAMP-34,2026-07-24
THR-2026-1475,2026-07-18T00:00:00,Synthetic Ransomware Observation 1475,RANSOMWARE,EMAIL/SENDER DOMAIN,mail.example.org,Research Report,98,HIGH,70,UNDER_REVIEW,2026-06-30,2026-07-18,IN,SYNTHETIC / DEMO ONLY. This record is safe educational data and is not evidence of a real attack.,Exfiltration,Exfiltration Over Web Service,,CAMP-35,2026-06-30
THR-2026-1476,2026-01-16T00:00:00,Synthetic Network Threats Observation 1476,NETWORK THREATS,CVE ID,CVE-2026-2476,Research Report,63,HIGH,64,MONITORING,2026-01-12,2026-01-16,US,SYNTHETIC / DEMO ONLY. This record is safe educational data and is not evidence of a real attack.,Initial Access,Phishing,CVE-2026-2476,CAMP-36,2026-01-12
THR-2026-1477,2026-06-10T00:00:00,Synthetic Social Engineering Observation 1477,SOCIAL ENGINEERING,IP ADDRESS,192.0.2.208,Research Report,60,MEDIUM,63,UNDER_REVIEW,2026-05-18,2026-06-10,EU,SYNTHETIC / DEMO ONLY. This record is safe educational data and is not evidence of a real attack.,Initial Access,Phishing,,CAMP-37,2026-05-18
THR-2026-1478,2026-07-26T00:00:00,Synthetic Social Engineering Observation 1478,SOCIAL ENGINEERING,EMAIL/SENDER DOMAIN,alerts.example.net,Internal SOC,61,LOW,48,UNDER_REVIEW,2026-06-28,2026-07-26,Global,SYNTHETIC / DEMO ONLY. This record is safe educational data and is not evidence of a real attack.,Impact,Data Encrypted for Impact,,CAMP-38,2026-06-28
THR-2026-1479,2026-09-03T00:00:00,Synthetic Network Threats Observation 1479,NETWORK THREATS,EMAIL/SENDER DOMAIN,mail.example.org,Research Report,80,INFORMATIONAL,53,FALSE_POSITIVE,2026-08-06,2026-09-03,Demo,SYNTHETIC / DEMO ONLY. This record is safe educational data and is not evidence of a real attack.,Persistence,Account Access Removal,,CAMP-39,2026-08-06
THR-2026-1480,2026-02-10T00:00:00,Synthetic Phishing Observation 1480,PHISHING,CVE ID,CVE-2026-2480,Internal SOC,59,INFORMATIONAL,38,CLOSED,2026-01-20,2026-02-10,US,SYNTHETIC / DEMO ONLY. This record is safe educational data and is not evidence of a real attack.,Discovery,Network Service Scanning,CVE-2026-2480,CAMP-00,2026-01-20
THR-2026-1481,2026-03-03T00:00:00,Synthetic Data Exposure Observation 1481,DATA EXPOSURE,IP ADDRESS,203.0.113.212,Unknown Source,66,HIGH,71,MONITORING,2026-02-26,2026-03-03,IN,SYNTHETIC / DEMO ONLY. This record is safe educational data and is not evidence of a real attack.,Command and Control,Application Layer Protocol,,CAMP-01,2026-02-26
THR-2026-1482,2026-08-24T00:00:00,Synthetic Account Security Observation 1482,ACCOUNT SECURITY,FILE HASH,822a81479f28c70acae39f3454dbf61f98dcfd0ba837eb60072a358da8513400,Community Submission,50,LOW,47,FALSE_POSITIVE,2026-08-06,2026-08-24,EU,SYNTHETIC / DEMO ONLY. This record is safe educational data and is not evidence of a real attack.,, ,,CAMP-02,2026-08-06
THR-2026-1483,2026-07-27T00:00:00,Synthetic Account Security Observation 1483,ACCOUNT SECURITY,IP ADDRESS,198.51.100.214,Community Submission,95,INFORMATIONAL,60,NEW,2026-06-27,2026-07-27,US,SYNTHETIC / DEMO ONLY. This record is safe educational data and is not evidence of a real attack.,Exfiltration,Exfiltration Over Web Service,,CAMP-03,2026-06-27
THR-2026-1484,2026-08-11T00:00:00,Synthetic Web Threats Observation 1484,WEB THREATS,EMAIL/SENDER DOMAIN,alerts.example.net,Security Vendor,48,HIGH,76,FALSE_POSITIVE,2026-08-05,2026-08-11,IN,SYNTHETIC / DEMO ONLY. This record is safe educational data and is not evidence of a real attack.,Discovery,Network Service Scanning,,CAMP-04,2026-08-05
THR-2026-1485,2026-09-17T00:00:00,Synthetic Credential Threats Observation 1485,CREDENTIAL THREATS,DOMAIN,example.net,Community Submission,90,HIGH,74,UNDER_REVIEW,2026-09-05,2026-09-17,US,SYNTHETIC / DEMO ONLY. This record is safe educational data and is not evidence of a real attack.,Initial Access,Phishing,,CAMP-05,2026-09-05
THR-2026-1486,2026-04-25T00:00:00,Synthetic Social Engineering Observation 1486,SOCIAL ENGINEERING,CVE ID,CVE-2026-2486,Internal SOC,75,HIGH,66,UNDER_REVIEW,2026-04-15,2026-04-25,EU,SYNTHETIC / DEMO ONLY. This record is safe educational data and is not evidence of a real attack.,Initial Access,Phishing,CVE-2026-2486,CAMP-06,2026-04-15
THR-2026-1487,2026-05-26T00:00:00,Synthetic Phishing Observation 1487,PHISHING,DOMAIN,example.org,Security Vendor,54,HIGH,63,FALSE_POSITIVE,2026-05-06,2026-05-26,US,SYNTHETIC / DEMO ONLY. This record is safe educational data and is not evidence of a real attack.,Exfiltration,Exfiltration Over Web Service,,CAMP-07,2026-05-06
THR-2026-1488,2026-03-17T00:00:00,Synthetic Data Exposure Observation 1488,DATA EXPOSURE,IP ADDRESS,203.0.113.219,Research Report,73,MEDIUM,60,UNDER_REVIEW,2026-02-16,2026-03-17,Demo,SYNTHETIC / DEMO ONLY. This record is safe educational data and is not evidence of a real attack.,Command and Control,Application Layer Protocol,,CAMP-08,2026-02-16
THR-2026-1489,2026-05-28T00:00:00,Synthetic Account Security Observation 1489,ACCOUNT SECURITY,URL,https://demo.invalid/threat/1489,Community Submission,63,HIGH,69,NEW,2026-05-13,2026-05-28,Global,SYNTHETIC / DEMO ONLY. This record is safe educational data and is not evidence of a real attack.,Discovery,Network Service Scanning,,CAMP-09,2026-05-13
THR-2026-1490,2026-05-07T00:00:00,Synthetic Account Security Observation 1490,ACCOUNT SECURITY,IP ADDRESS,198.51.100.221,Unknown Source,78,HIGH,74,FALSE_POSITIVE,2026-04-15,2026-05-07,Demo,SYNTHETIC / DEMO ONLY. This record is safe educational data and is not evidence of a real attack.,Initial Access,Phishing,,CAMP-10,2026-04-15
THR-2026-1491,2026-03-17T00:00:00,Synthetic Web Threats Observation 1491,WEB THREATS,IP ADDRESS,203.0.113.222,Public Threat Feed,87,HIGH,72,UNDER_REVIEW,2026-03-07,2026-03-17,Demo,SYNTHETIC / DEMO ONLY. This record is safe educational data and is not evidence of a real attack.,Initial Access,Phishing,,CAMP-11,2026-03-07
THR-2026-1492,2026-06-23T00:00:00,Synthetic Social Engineering Observation 1492,SOCIAL ENGINEERING,EMAIL/SENDER DOMAIN,mail.example.org,Community Submission,90,MEDIUM,65,CLOSED,2026-06-16,2026-06-23,Global,SYNTHETIC / DEMO ONLY. This record is safe educational data and is not evidence of a real attack.,Command and Control,Application Layer Protocol,,CAMP-12,2026-06-16
THR-2026-1493,2026-09-15T00:00:00,Synthetic Ransomware Observation 1493,RANSOMWARE,FILE HASH,da26c3d9566d4f4c56dccabe105552943b7fcb1baac1e61731649393a4055b99,Research Report,66,LOW,52,CLOSED,2026-09-08,2026-09-15,IN,SYNTHETIC / DEMO ONLY. This record is safe educational data and is not evidence of a real attack.,Initial Access,Phishing,,CAMP-13,2026-09-08
THR-2026-1494,2026-03-10T00:00:00,Synthetic Ransomware Observation 1494,RANSOMWARE,DOMAIN,example.org,Security Vendor,84,HIGH,70,CLOSED,2026-02-22,2026-03-10,Global,SYNTHETIC / DEMO ONLY. This record is safe educational data and is not evidence of a real attack.,Persistence,Account Access Removal,,CAMP-14,2026-02-22
THR-2026-1495,2026-02-22T00:00:00,Synthetic Malware Observation 1495,MALWARE,EMAIL/SENDER DOMAIN,alerts.example.net,Security Vendor,83,MEDIUM,61,UNDER_REVIEW,2026-02-16,2026-02-22,Global,SYNTHETIC / DEMO ONLY. This record is safe educational data and is not evidence of a real attack.,Initial Access,Phishing,,CAMP-15,2026-02-16
THR-2026-1496,2026-08-02T00:00:00,Synthetic Vulnerability Exposure Observation 1496,VULNERABILITY EXPOSURE,IP ADDRESS,192.0.2.227,Internal SOC,66,CRITICAL,87,CLOSED,2026-07-08,2026-08-02,US,SYNTHETIC / DEMO ONLY. This record is safe educational data and is not evidence of a real attack.,Persistence,Account Access Removal,,CAMP-16,2026-07-08
THR-2026-1497,2026-08-31T00:00:00,Synthetic Vulnerability Exposure Observation 1497,VULNERABILITY EXPOSURE,URL,https://demo.invalid/threat/1497,Public Threat Feed,86,LOW,62,FALSE_POSITIVE,2026-08-21,2026-08-31,Global,SYNTHETIC / DEMO ONLY. This record is safe educational data and is not evidence of a real attack.,Command and Control,Application Layer Protocol,,CAMP-17,2026-08-21
THR-2026-1498,2026-05-03T00:00:00,Synthetic Web Threats Observation 1498,WEB THREATS,CVE ID,CVE-2026-2498,Public Threat Feed,87,LOW,60,NEW,2026-04-11,2026-05-03,US,SYNTHETIC / DEMO ONLY. This record is safe educational data and is not evidence of a real attack.,Exfiltration,Exfiltration Over Web Service,CVE-2026-2498,CAMP-18,2026-04-11
THR-2026-1499,2026-04-26T00:00:00,Synthetic Network Threats Observation 1499,NETWORK THREATS,URL,https://demo.invalid/threat/1499,Security Vendor,55,CRITICAL,64,MONITORING,2026-04-04,2026-04-26,IN,SYNTHETIC / DEMO ONLY. This record is safe educational data and is not evidence of a real attack.,Discovery,Network Service Scanning,,CAMP-19,2026-04-04
THR-2026-1500,2026-03-18T00:00:00,Synthetic Network Threats Observation 1500,NETWORK THREATS,DOMAIN,example.net,Unknown Source,82,MEDIUM,56,FALSE_POSITIVE,2026-03-11,2026-03-18,US,SYNTHETIC / DEMO ONLY. This record is safe educational data and is not evidence of a real attack.,, ,,CAMP-20,2026-03-11
THR-2026-1501,2026-08-20T00:00:00,Synthetic Credential Threats Observation 1501,CREDENTIAL THREATS,DOMAIN,example.net,Community Submission,52,MEDIUM,64,MONITORING,2026-08-14,2026-08-20,Global,SYNTHETIC / DEMO ONLY. This record is safe educational data and is not evidence of a real attack.,Exfiltration,Exfiltration Over Web Service,,CAMP-21,2026-08-14
THR-2026-1502,2026-07-21T00:00:00,Synthetic Account Security Observation 1502,ACCOUNT SECURITY,URL,https://demo.invalid/threat/1502,Community Submission,71,HIGH,72,MONITORING,2026-06-23,2026-07-21,US,SYNTHETIC / DEMO ONLY. This record is safe educational data and is not evidence of a real attack.,Credential Access,Valid Accounts,,CAMP-22,2026-06-23
THR-2026-1503,2026-08-14T00:00:00,Synthetic Malware Observation 1503,MALWARE,IP ADDRESS,203.0.113.234,Research Report,45,MEDIUM,59,CLOSED,2026-08-06,2026-08-14,US,SYNTHETIC / DEMO ONLY. This record is safe educational data and is not evidence of a real attack.,Persistence,Account Access Removal,,CAMP-23,2026-08-06
THR-2026-1504,2026-07-05T00:00:00,Synthetic Web Threats Observation 1504,WEB THREATS,CVE ID,CVE-2026-2504,Unknown Source,70,HIGH,70,MONITORING,2026-06-10,2026-07-05,IN,SYNTHETIC / DEMO ONLY. This record is safe educational data and is not evidence of a real attack.,Discovery,Network Service Scanning,CVE-2026-2504,CAMP-24,2026-06-10
THR-2026-1505,2026-05-23T00:00:00,Synthetic Malware Observation 1505,MALWARE,DOMAIN,example.com,Community Submission,59,HIGH,68,UNDER_REVIEW,2026-04-27,2026-05-23,IN,SYNTHETIC / DEMO ONLY. This record is safe educational data and is not evidence of a real attack.,Persistence,Account Access Removal,,CAMP-25,2026-04-27
THR-2026-1506,2026-03-07T00:00:00,Synthetic Account Security Observation 1506,ACCOUNT SECURITY,EMAIL/SENDER DOMAIN,alerts.example.net,Community Submission,49,INFORMATIONAL,41,MONITORING,2026-02-07,2026-03-07,US,SYNTHETIC / DEMO ONLY. This record is safe educational data and is not evidence of a real attack.,Discovery,Network Service Scanning,,CAMP-26,2026-02-07
THR-2026-1507,2026-06-14T00:00:00,Synthetic Vulnerability Exposure Observation 1507,VULNERABILITY EXPOSURE,DOMAIN,example.org,Community Submission,66,MEDIUM,71,NEW,2026-05-26,2026-06-14,EU,SYNTHETIC / DEMO ONLY. This record is safe educational data and is not evidence of a real attack.,, ,,CAMP-27,2026-05-26
THR-2026-1508,2026-09-10T00:00:00,Synthetic Vulnerability Exposure Observation 1508,VULNERABILITY EXPOSURE,CVE ID,CVE-2026-2508,Community Submission,61,LOW,66,UNDER_REVIEW,2026-09-01,2026-09-10,US,SYNTHETIC / DEMO ONLY. This record is safe educational data and is not evidence of a real attack.,Credential Access,Valid Accounts,CVE-2026-2508,CAMP-28,2026-09-01
THR-2026-1509,2026-02-19T00:00:00,Synthetic Data Exposure Observation 1509,DATA EXPOSURE,EMAIL/SENDER DOMAIN,mail.example.org,Public Threat Feed,78,HIGH,60,MONITORING,2026-01-30,2026-02-19,EU,SYNTHETIC / DEMO ONLY. This record is safe educational data and is not evidence of a real attack.,, ,,CAMP-29,2026-01-30
THR-2026-1510,2026-06-10T00:00:00,Synthetic Credential Threats Observation 1510,CREDENTIAL THREATS,EMAIL/SENDER DOMAIN,alerts.example.net,Community Submission,78,MEDIUM,57,MONITORING,2026-06-04,2026-06-10,IN,SYNTHETIC / DEMO ONLY. This record is safe educational data and is not evidence of a real attack.,, ,,CAMP-30,2026-06-04
THR-2026-1511,2026-07-21T00:00:00,Synthetic Ransomware Observation 1511,RANSOMWARE,CVE ID,CVE-2026-2511,Community Submission,51,MEDIUM,53,MONITORING,2026-07-05,2026-07-21,IN,SYNTHETIC / DEMO ONLY. This record is safe educational data and is not evidence of a real attack.,Credential Access,Valid Accounts,CVE-2026-2511,CAMP-31,2026-07-05
THR-2026-1512,2026-03-09T00:00:00,Synthetic Ransomware Observation 1512,RANSOMWARE,FILE HASH,97934f3d4dcba5b75cda9a3b0df6eefd6776c480f8a45bc90a9f2291a26dcccf,Internal SOC,77,HIGH,66,MONITORING,2026-02-12,2026-03-09,Global,SYNTHETIC / DEMO ONLY. This record is safe educational data and is not evidence of a real attack.,Impact,Data Encrypted for Impact,,CAMP-32,2026-02-12
THR-2026-1513,2026-02-09T00:00:00,Synthetic Credential Threats Observation 1513,CREDENTIAL THREATS,IP ADDRESS,198.51.100.244,Research Report,74,CRITICAL,81,UNDER_REVIEW,2026-02-01,2026-02-09,EU,SYNTHETIC / DEMO ONLY. This record is safe educational data and is not evidence of a real attack.,Discovery,Network Service Scanning,,CAMP-33,2026-02-01
THR-2026-1514,2026-03-16T00:00:00,Synthetic Web Threats Observation 1514,WEB THREATS,CVE ID,CVE-2026-2514,Public Threat Feed,67,HIGH,71,CLOSED,2026-03-12,2026-03-16,IN,SYNTHETIC / DEMO ONLY. This record is safe educational data and is not evidence of a real attack.,Command and Control,Application Layer Protocol,CVE-2026-2514,CAMP-34,2026-03-12
THR-2026-1515,2026-06-15T00:00:00,Synthetic Data Exposure Observation 1515,DATA EXPOSURE,CVE ID,CVE-2026-2515,Security Vendor,97,MEDIUM,78,NEW,2026-05-17,2026-06-15,US,SYNTHETIC / DEMO ONLY. This record is safe educational data and is not evidence of a real attack.,Impact,Data Encrypted for Impact,CVE-2026-2515,CAMP-35,2026-05-17
THR-2026-1516,2026-07-08T00:00:00,Synthetic Malware Observation 1516,MALWARE,CVE ID,CVE-2026-2516,Security Vendor,81,LOW,56,UNDER_REVIEW,2026-06-28,2026-07-08,US,SYNTHETIC / DEMO ONLY. This record is safe educational data and is not evidence of a real attack.,Exfiltration,Exfiltration Over Web Service,CVE-2026-2516,CAMP-36,2026-06-28
THR-2026-1517,2026-10-20T00:00:00,Synthetic Network Threats Observation 1517,NETWORK THREATS,FILE HASH,4daf9e679a508b186f2defa66e9ac8e3e9baf6ba05953f2fbb6602c17cd9a207,Internal SOC,91,HIGH,68,UNDER_REVIEW,2026-10-05,2026-10-20,IN,SYNTHETIC / DEMO ONLY. This record is safe educational data and is not evidence of a real attack.,Command and Control,Application Layer Protocol,,CAMP-37,2026-10-05
THR-2026-1518,2026-04-01T00:00:00,Synthetic Network Threats Observation 1518,NETWORK THREATS,DOMAIN,example.net,Community Submission,59,MEDIUM,64,MONITORING,2026-03-04,2026-04-01,Global,SYNTHETIC / DEMO ONLY. This record is safe educational data and is not evidence of a real attack.,Command and Control,Application Layer Protocol,,CAMP-38,2026-03-04
THR-2026-1519,2026-07-22T00:00:00,Synthetic Ransomware Observation 1519,RANSOMWARE,FILE HASH,61592eddbebc556dbf1cd2b8da9bc9fd63a9b45c6053aecbae88a6d5b6f1453a,Public Threat Feed,89,LOW,72,UNDER_REVIEW,2026-06-22,2026-07-22,Global,SYNTHETIC / DEMO ONLY. This record is safe educational data and is not evidence of a real attack.,Credential Access,Valid Accounts,,CAMP-39,2026-06-22
THR-2026-1520,2026-07-28T00:00:00,Synthetic Ransomware Observation 1520,RANSOMWARE,FILE HASH,07b8dbbbf724f241fb7df2f18fcfec3c3d311b2f0b6d2eba184876234c5e52f5,Community Submission,51,MEDIUM,58,UNDER_REVIEW,2026-07-26,2026-07-28,Global,SYNTHETIC / DEMO ONLY. This record is safe educational data and is not evidence of a real attack.,Persistence,Account Access Removal,,CAMP-00,2026-07-26
THR-2026-1521,2026-04-17T00:00:00,Synthetic Credential Threats Observation 1521,CREDENTIAL THREATS,IP ADDRESS,192.0.2.252,Internal SOC,66,INFORMATIONAL,44,MONITORING,2026-04-17,2026-04-17,IN,SYNTHETIC / DEMO ONLY. This record is safe educational data and is not evidence of a real attack.,, ,,CAMP-01,2026-04-17
THR-2026-1522,2026-09-05T00:00:00,Synthetic Account Security Observation 1522,ACCOUNT SECURITY,CVE ID,CVE-2026-2522,Community Submission,50,LOW,57,FALSE_POSITIVE,2026-08-30,2026-09-05,EU,SYNTHETIC / DEMO ONLY. This record is safe educational data and is not evidence of a real attack.,Credential Access,Valid Accounts,CVE-2026-2522,CAMP-02,2026-08-30
THR-2026-1523,2026-07-15T00:00:00,Synthetic Vulnerability Exposure Observation 1523,VULNERABILITY EXPOSURE,CVE ID,CVE-2026-2523,Research Report,70,MEDIUM,64,UNDER_REVIEW,2026-06-15,2026-07-15,IN,SYNTHETIC / DEMO ONLY. This record is safe educational data and is not evidence of a real attack.,Discovery,Network Service Scanning,CVE-2026-2523,CAMP-03,2026-06-15
THR-2026-1524,2026-03-09T00:00:00,Synthetic Web Threats Observation 1524,WEB THREATS,URL,https://demo.invalid/threat/1524,Security Vendor,59,HIGH,68,FALSE_POSITIVE,2026-02-09,2026-03-09,US,SYNTHETIC / DEMO ONLY. This record is safe educational data and is not evidence of a real attack.,Persistence,Account Access Removal,,CAMP-04,2026-02-09
THR-2026-1525,2026-07-18T00:00:00,Synthetic Data Exposure Observation 1525,DATA EXPOSURE,FILE HASH,515e85b894f8ca73d22dfee8c7db2d85a3096349dbfd7a2e61307034656e28fb,Public Threat Feed,56,MEDIUM,52,FALSE_POSITIVE,2026-07-14,2026-07-18,EU,SYNTHETIC / DEMO ONLY. This record is safe educational data and is not evidence of a real attack.,Initial Access,Phishing,,CAMP-05,2026-07-14
THR-2026-1526,2026-03-23T00:00:00,Synthetic Social Engineering Observation 1526,SOCIAL ENGINEERING,DOMAIN,example.net,Security Vendor,64,LOW,45,NEW,2026-03-03,2026-03-23,IN,SYNTHETIC / DEMO ONLY. This record is safe educational data and is not evidence of a real attack.,Persistence,Account Access Removal,,CAMP-06,2026-03-03
THR-2026-1527,2026-02-11T00:00:00,Synthetic Social Engineering Observation 1527,SOCIAL ENGINEERING,CVE ID,CVE-2026-2527,Public Threat Feed,73,MEDIUM,66,MONITORING,2026-01-29,2026-02-11,US,SYNTHETIC / DEMO ONLY. This record is safe educational data and is not evidence of a real attack.,, ,CVE-2026-2527,CAMP-07,2026-01-29
THR-2026-1528,2026-01-22T00:00:00,Synthetic Ransomware Observation 1528,RANSOMWARE,IP ADDRESS,203.0.113.5,Research Report,59,LOW,48,FALSE_POSITIVE,2026-01-04,2026-01-22,Demo,SYNTHETIC / DEMO ONLY. This record is safe educational data and is not evidence of a real attack.,Persistence,Account Access Removal,,CAMP-08,2026-01-04
THR-2026-1529,2026-05-26T00:00:00,Synthetic Malware Observation 1529,MALWARE,URL,https://demo.invalid/threat/1529,Security Vendor,72,MEDIUM,65,MONITORING,2026-05-16,2026-05-26,Demo,SYNTHETIC / DEMO ONLY. This record is safe educational data and is not evidence of a real attack.,Command and Control,Application Layer Protocol,,CAMP-09,2026-05-16
THR-2026-1530,2026-06-15T00:00:00,Synthetic Vulnerability Exposure Observation 1530,VULNERABILITY EXPOSURE,DOMAIN,example.org,Unknown Source,63,CRITICAL,75,NEW,2026-06-14,2026-06-15,IN,SYNTHETIC / DEMO ONLY. This record is safe educational data and is not evidence of a real attack.,Credential Access,Valid Accounts,,CAMP-10,2026-06-14
THR-2026-1531,2026-09-13T00:00:00,Synthetic Network Threats Observation 1531,NETWORK THREATS,EMAIL/SENDER DOMAIN,mail.example.org,Public Threat Feed,47,HIGH,64,MONITORING,2026-08-26,2026-09-13,IN,SYNTHETIC / DEMO ONLY. This record is safe educational data and is not evidence of a real attack.,Impact,Data Encrypted for Impact,,CAMP-11,2026-08-26
THR-2026-1532,2026-05-07T00:00:00,Synthetic Ransomware Observation 1532,RANSOMWARE,URL,https://demo.invalid/threat/1532,Internal SOC,53,LOW,55,FALSE_POSITIVE,2026-04-13,2026-05-07,IN,SYNTHETIC / DEMO ONLY. This record is safe educational data and is not evidence of a real attack.,Discovery,Network Service Scanning,,CAMP-12,2026-04-13
THR-2026-1533,2026-02-18T00:00:00,Synthetic Phishing Observation 1533,PHISHING,DOMAIN,demo.invalid,Security Vendor,74,MEDIUM,59,UNDER_REVIEW,2026-02-03,2026-02-18,US,SYNTHETIC / DEMO ONLY. This record is safe educational data and is not evidence of a real attack.,Initial Access,Phishing,,CAMP-13,2026-02-03
THR-2026-1534,2026-06-14T00:00:00,Synthetic Account Security Observation 1534,ACCOUNT SECURITY,FILE HASH,9162020da7181827405d9f774cd9c6b40d6ca39a7ab35a090fdc628bf6f547af,Research Report,57,LOW,45,MONITORING,2026-05-16,2026-06-14,Demo,SYNTHETIC / DEMO ONLY. This record is safe educational data and is not evidence of a real attack.,Persistence,Account Access Removal,,CAMP-14,2026-05-16
THR-2026-1535,2026-04-27T00:00:00,Synthetic Vulnerability Exposure Observation 1535,VULNERABILITY EXPOSURE,CVE ID,CVE-2026-2535,Security Vendor,54,CRITICAL,80,MONITORING,2026-03-28,2026-04-27,IN,SYNTHETIC / DEMO ONLY. This record is safe educational data and is not evidence of a real attack.,Exfiltration,Exfiltration Over Web Service,CVE-2026-2535,CAMP-15,2026-03-28
THR-2026-1536,2026-04-21T00:00:00,Synthetic Vulnerability Exposure Observation 1536,VULNERABILITY EXPOSURE,IP ADDRESS,203.0.113.13,Internal SOC,83,INFORMATIONAL,49,NEW,2026-03-24,2026-04-21,Global,SYNTHETIC / DEMO ONLY. This record is safe educational data and is not evidence of a real attack.,Exfiltration,Exfiltration Over Web Service,,CAMP-16,2026-03-24
THR-2026-1537,2026-05-27T00:00:00,Synthetic Ransomware Observation 1537,RANSOMWARE,URL,https://demo.invalid/threat/1537,Internal SOC,69,HIGH,67,UNDER_REVIEW,2026-05-11,2026-05-27,EU,SYNTHETIC / DEMO ONLY. This record is safe educational data and is not evidence of a real attack.,Initial Access,Phishing,,CAMP-17,2026-05-11
THR-2026-1538,2026-08-07T00:00:00,Synthetic Web Threats Observation 1538,WEB THREATS,EMAIL/SENDER DOMAIN,alerts.example.net,Research Report,98,LOW,68,FALSE_POSITIVE,2026-07-22,2026-08-07,US,SYNTHETIC / DEMO ONLY. This record is safe educational data and is not evidence of a real attack.,Persistence,Account Access Removal,,CAMP-18,2026-07-22
THR-2026-1539,2026-06-10T00:00:00,Synthetic Network Threats Observation 1539,NETWORK THREATS,CVE ID,CVE-2026-2539,Research Report,58,HIGH,63,NEW,2026-05-20,2026-06-10,Global,SYNTHETIC / DEMO ONLY. This record is safe educational data and is not evidence of a real attack.,Initial Access,Phishing,CVE-2026-2539,CAMP-19,2026-05-20
THR-2026-1540,2026-06-12T00:00:00,Synthetic Data Exposure Observation 1540,DATA EXPOSURE,CVE ID,CVE-2026-2540,Research Report,63,MEDIUM,57,FALSE_POSITIVE,2026-05-18,2026-06-12,Demo,SYNTHETIC / DEMO ONLY. This record is safe educational data and is not evidence of a real attack.,Discovery,Network Service Scanning,CVE-2026-2540,CAMP-20,2026-05-18
THR-2026-1541,2026-07-30T00:00:00,Synthetic Data Exposure Observation 1541,DATA EXPOSURE,URL,https://demo.invalid/threat/1541,Unknown Source,88,HIGH,71,FALSE_POSITIVE,2026-07-14,2026-07-30,Global,SYNTHETIC / DEMO ONLY. This record is safe educational data and is not evidence of a real attack.,Persistence,Account Access Removal,,CAMP-21,2026-07-14
THR-2026-1542,2026-01-24T00:00:00,Synthetic Social Engineering Observation 1542,SOCIAL ENGINEERING,URL,https://demo.invalid/threat/1542,Community Submission,93,MEDIUM,55,UNDER_REVIEW,2026-01-20,2026-01-24,Global,SYNTHETIC / DEMO ONLY. This record is safe educational data and is not evidence of a real attack.,Persistence,Account Access Removal,,CAMP-22,2026-01-20
THR-2026-1543,2026-01-11T00:00:00,Synthetic Phishing Observation 1543,PHISHING,URL,https://demo.invalid/threat/1543,Internal SOC,58,CRITICAL,66,MONITORING,2026-01-06,2026-01-11,US,SYNTHETIC / DEMO ONLY. This record is safe educational data and is not evidence of a real attack.,Persistence,Account Access Removal,,CAMP-23,2026-01-06
THR-2026-1544,2026-09-22T00:00:00,Synthetic Credential Threats Observation 1544,CREDENTIAL THREATS,IP ADDRESS,192.0.2.21,Unknown Source,49,HIGH,68,MONITORING,2026-09-10,2026-09-22,Global,SYNTHETIC / DEMO ONLY. This record is safe educational data and is not evidence of a real attack.,Impact,Data Encrypted for Impact,,CAMP-24,2026-09-10
THR-2026-1545,2026-03-24T00:00:00,Synthetic Social Engineering Observation 1545,SOCIAL ENGINEERING,URL,https://demo.invalid/threat/1545,Public Threat Feed,68,CRITICAL,73,FALSE_POSITIVE,2026-03-03,2026-03-24,US,SYNTHETIC / DEMO ONLY. This record is safe educational data and is not evidence of a real attack.,, ,,CAMP-25,2026-03-03
THR-2026-1546,2026-09-04T00:00:00,Synthetic Account Security Observation 1546,ACCOUNT SECURITY,IP ADDRESS,198.51.100.23,Community Submission,88,MEDIUM,66,NEW,2026-08-10,2026-09-04,Demo,SYNTHETIC / DEMO ONLY. This record is safe educational data and is not evidence of a real attack.,Credential Access,Valid Accounts,,CAMP-26,2026-08-10
THR-2026-1547,2026-08-28T00:00:00,Synthetic Ransomware Observation 1547,RANSOMWARE,DOMAIN,example.com,Internal SOC,77,CRITICAL,77,MONITORING,2026-08-23,2026-08-28,Global,SYNTHETIC / DEMO ONLY. This record is safe educational data and is not evidence of a real attack.,Initial Access,Phishing,,CAMP-27,2026-08-23
THR-2026-1548,2026-02-19T00:00:00,Synthetic Phishing Observation 1548,PHISHING,URL,https://demo.invalid/threat/1548,Public Threat Feed,55,HIGH,67,CLOSED,2026-02-11,2026-02-19,IN,SYNTHETIC / DEMO ONLY. This record is safe educational data and is not evidence of a real attack.,Discovery,Network Service Scanning,,CAMP-28,2026-02-11
THR-2026-1549,2026-08-05T00:00:00,Synthetic Phishing Observation 1549,PHISHING,IP ADDRESS,192.0.2.26,Community Submission,92,MEDIUM,69,MONITORING,2026-07-09,2026-08-05,EU,SYNTHETIC / DEMO ONLY. This record is safe educational data and is not evidence of a real attack.,, ,,CAMP-29,2026-07-09
THR-2026-1550,2026-03-28T00:00:00,Synthetic Network Threats Observation 1550,NETWORK THREATS,CVE ID,CVE-2026-2550,Unknown Source,70,MEDIUM,59,CLOSED,2026-03-20,2026-03-28,Demo,SYNTHETIC / DEMO ONLY. This record is safe educational data and is not evidence of a real attack.,Command and Control,Application Layer Protocol,CVE-2026-2550,CAMP-30,2026-03-20
THR-2026-1551,2026-03-20T00:00:00,Synthetic Phishing Observation 1551,PHISHING,IP ADDRESS,192.0.2.28,Security Vendor,65,MEDIUM,53,UNDER_REVIEW,2026-02-27,2026-03-20,US,SYNTHETIC / DEMO ONLY. This record is safe educational data and is not evidence of a real attack.,Exfiltration,Exfiltration Over Web Service,,CAMP-31,2026-02-27
THR-2026-1552,2026-02-21T00:00:00,Synthetic Credential Threats Observation 1552,CREDENTIAL THREATS,DOMAIN,example.com,Community Submission,45,HIGH,62,MONITORING,2026-01-29,2026-02-21,US,SYNTHETIC / DEMO ONLY. This record is safe educational data and is not evidence of a real attack.,Credential Access,Valid Accounts,,CAMP-32,2026-01-29
THR-2026-1553,2026-07-31T00:00:00,Synthetic Ransomware Observation 1553,RANSOMWARE,EMAIL/SENDER DOMAIN,mail.example.org,Unknown Source,73,CRITICAL,77,NEW,2026-07-29,2026-07-31,IN,SYNTHETIC / DEMO ONLY. This record is safe educational data and is not evidence of a real attack.,Command and Control,Application Layer Protocol,,CAMP-33,2026-07-29
THR-2026-1554,2026-09-06T00:00:00,Synthetic Web Threats Observation 1554,WEB THREATS,FILE HASH,7959c5703a16486a1134f855bfe5a1c7a8dff6b6d2f85f8096073def7e49a67d,Research Report,84,MEDIUM,70,NEW,2026-09-05,2026-09-06,Demo,SYNTHETIC / DEMO ONLY. This record is safe educational data and is not evidence of a real attack.,Command and Control,Application Layer Protocol,,CAMP-34,2026-09-05
THR-2026-1555,2026-10-09T00:00:00,Synthetic Phishing Observation 1555,PHISHING,FILE HASH,ef290b8bc5b4df55ae5941862ab895b7968d9c9260528f1ed969157ba7e75764,Security Vendor,64,CRITICAL,73,FALSE_POSITIVE,2026-09-11,2026-10-09,Global,SYNTHETIC / DEMO ONLY. This record is safe educational data and is not evidence of a real attack.,Persistence,Account Access Removal,,CAMP-35,2026-09-11
THR-2026-1556,2026-08-19T00:00:00,Synthetic Social Engineering Observation 1556,SOCIAL ENGINEERING,CVE ID,CVE-2026-2556,Internal SOC,55,CRITICAL,66,FALSE_POSITIVE,2026-08-03,2026-08-19,Global,SYNTHETIC / DEMO ONLY. This record is safe educational data and is not evidence of a real attack.,, ,CVE-2026-2556,CAMP-36,2026-08-03
THR-2026-1557,2026-02-12T00:00:00,Synthetic Credential Threats Observation 1557,CREDENTIAL THREATS,DOMAIN,demo.invalid,Unknown Source,86,LOW,58,MONITORING,2026-01-25,2026-02-12,Demo,SYNTHETIC / DEMO ONLY. This record is safe educational data and is not evidence of a real attack.,Exfiltration,Exfiltration Over Web Service,,CAMP-37,2026-01-25
THR-2026-1558,2026-05-29T00:00:00,Synthetic Phishing Observation 1558,PHISHING,IP ADDRESS,192.0.2.35,Unknown Source,79,LOW,55,FALSE_POSITIVE,2026-05-07,2026-05-29,EU,SYNTHETIC / DEMO ONLY. This record is safe educational data and is not evidence of a real attack.,Impact,Data Encrypted for Impact,,CAMP-38,2026-05-07
THR-2026-1559,2026-04-28T00:00:00,Synthetic Network Threats Observation 1559,NETWORK THREATS,EMAIL/SENDER DOMAIN,alerts.example.net,Internal SOC,89,MEDIUM,65,FALSE_POSITIVE,2026-04-26,2026-04-28,IN,SYNTHETIC / DEMO ONLY. This record is safe educational data and is not evidence of a real attack.,Initial Access,Phishing,,CAMP-39,2026-04-26
THR-2026-1560,2026-05-02T00:00:00,Synthetic Network Threats Observation 1560,NETWORK THREATS,CVE ID,CVE-2026-2560,Unknown Source,72,CRITICAL,75,NEW,2026-04-11,2026-05-02,IN,SYNTHETIC / DEMO ONLY. This record is safe educational data and is not evidence of a real attack.,Persistence,Account Access Removal,CVE-2026-2560,CAMP-00,2026-04-11
THR-2026-1561,2026-03-27T00:00:00,Synthetic Network Threats Observation 1561,NETWORK THREATS,CVE ID,CVE-2026-2561,Security Vendor,51,MEDIUM,59,MONITORING,2026-03-02,2026-03-27,US,SYNTHETIC / DEMO ONLY. This record is safe educational data and is not evidence of a real attack.,Exfiltration,Exfiltration Over Web Service,CVE-2026-2561,CAMP-01,2026-03-02
THR-2026-1562,2026-08-24T00:00:00,Synthetic Vulnerability Exposure Observation 1562,VULNERABILITY EXPOSURE,DOMAIN,demo.invalid,Public Threat Feed,68,MEDIUM,63,FALSE_POSITIVE,2026-08-19,2026-08-24,US,SYNTHETIC / DEMO ONLY. This record is safe educational data and is not evidence of a real attack.,Command and Control,Application Layer Protocol,,CAMP-02,2026-08-19
THR-2026-1563,2026-02-24T00:00:00,Synthetic Malware Observation 1563,MALWARE,FILE HASH,a6ff37fe19f6b7c07ff840166655d97280e9c5a331075da0d60f07af50abcdec,Community Submission,60,INFORMATIONAL,52,UNDER_REVIEW,2026-02-14,2026-02-24,Global,SYNTHETIC / DEMO ONLY. This record is safe educational data and is not evidence of a real attack.,, ,,CAMP-03,2026-02-14
THR-2026-1564,2026-03-25T00:00:00,Synthetic Malware Observation 1564,MALWARE,IP ADDRESS,203.0.113.41,Community Submission,46,LOW,52,NEW,2026-03-13,2026-03-25,EU,SYNTHETIC / DEMO ONLY. This record is safe educational data and is not evidence of a real attack.,Command and Control,Application Layer Protocol,,CAMP-04,2026-03-13
THR-2026-1565,2026-02-11T00:00:00,Synthetic Phishing Observation 1565,PHISHING,CVE ID,CVE-2026-2565,Research Report,50,HIGH,68,MONITORING,2026-02-03,2026-02-11,Demo,SYNTHETIC / DEMO ONLY. This record is safe educational data and is not evidence of a real attack.,Exfiltration,Exfiltration Over Web Service,CVE-2026-2565,CAMP-05,2026-02-03
THR-2026-1566,2026-06-12T00:00:00,Synthetic Phishing Observation 1566,PHISHING,EMAIL/SENDER DOMAIN,alerts.example.net,Public Threat Feed,45,CRITICAL,69,FALSE_POSITIVE,2026-06-05,2026-06-12,Demo,SYNTHETIC / DEMO ONLY. This record is safe educational data and is not evidence of a real attack.,Command and Control,Application Layer Protocol,,CAMP-06,2026-06-05
THR-2026-1567,2026-01-27T00:00:00,Synthetic Malware Observation 1567,MALWARE,URL,https://demo.invalid/threat/1567,Security Vendor,80,HIGH,74,NEW,2026-01-02,2026-01-27,Demo,SYNTHETIC / DEMO ONLY. This record is safe educational data and is not evidence of a real attack.,Discovery,Network Service Scanning,,CAMP-07,2026-01-02
THR-2026-1568,2026-03-18T00:00:00,Synthetic Credential Threats Observation 1568,CREDENTIAL THREATS,FILE HASH,7c7b3f3d1d8dc966aa916ff5733bc75df5bc9b4d2f5dc23f05991c259c0cb075,Internal SOC,59,LOW,52,CLOSED,2026-02-22,2026-03-18,Global,SYNTHETIC / DEMO ONLY. This record is safe educational data and is not evidence of a real attack.,Exfiltration,Exfiltration Over Web Service,,CAMP-08,2026-02-22
THR-2026-1569,2026-06-26T00:00:00,Synthetic Account Security Observation 1569,ACCOUNT SECURITY,DOMAIN,demo.invalid,Security Vendor,73,CRITICAL,85,MONITORING,2026-06-18,2026-06-26,EU,SYNTHETIC / DEMO ONLY. This record is safe educational data and is not evidence of a real attack.,Initial Access,Phishing,,CAMP-09,2026-06-18
THR-2026-1570,2026-05-29T00:00:00,Synthetic Web Threats Observation 1570,WEB THREATS,EMAIL/SENDER DOMAIN,mail.example.org,Security Vendor,96,CRITICAL,83,CLOSED,2026-04-29,2026-05-29,Demo,SYNTHETIC / DEMO ONLY. This record is safe educational data and is not evidence of a real attack.,Discovery,Network Service Scanning,,CAMP-10,2026-04-29
THR-2026-1571,2026-04-05T00:00:00,Synthetic Credential Threats Observation 1571,CREDENTIAL THREATS,URL,https://demo.invalid/threat/1571,Security Vendor,87,MEDIUM,73,MONITORING,2026-04-05,2026-04-05,Global,SYNTHETIC / DEMO ONLY. This record is safe educational data and is not evidence of a real attack.,Persistence,Account Access Removal,,CAMP-11,2026-04-05
THR-2026-1572,2026-09-28T00:00:00,Synthetic Credential Threats Observation 1572,CREDENTIAL THREATS,CVE ID,CVE-2026-2572,Unknown Source,69,HIGH,73,FALSE_POSITIVE,2026-09-19,2026-09-28,EU,SYNTHETIC / DEMO ONLY. This record is safe educational data and is not evidence of a real attack.,Command and Control,Application Layer Protocol,CVE-2026-2572,CAMP-12,2026-09-19
THR-2026-1573,2026-02-23T00:00:00,Synthetic Account Security Observation 1573,ACCOUNT SECURITY,URL,https://demo.invalid/threat/1573,Unknown Source,57,CRITICAL,69,MONITORING,2026-02-23,2026-02-23,EU,SYNTHETIC / DEMO ONLY. This record is safe educational data and is not evidence of a real attack.,Discovery,Network Service Scanning,,CAMP-13,2026-02-23
THR-2026-1574,2026-08-29T00:00:00,Synthetic Web Threats Observation 1574,WEB THREATS,CVE ID,CVE-2026-2574,Community Submission,57,CRITICAL,75,FALSE_POSITIVE,2026-08-13,2026-08-29,IN,SYNTHETIC / DEMO ONLY. This record is safe educational data and is not evidence of a real attack.,Exfiltration,Exfiltration Over Web Service,CVE-2026-2574,CAMP-14,2026-08-13
THR-2026-1575,2026-07-09T00:00:00,Synthetic Network Threats Observation 1575,NETWORK THREATS,CVE ID,CVE-2026-2575,Security Vendor,61,HIGH,65,CLOSED,2026-06-24,2026-07-09,US,SYNTHETIC / DEMO ONLY. This record is safe educational data and is not evidence of a real attack.,Discovery,Network Service Scanning,CVE-2026-2575,CAMP-15,2026-06-24
THR-2026-1576,2026-10-15T00:00:00,Synthetic Account Security Observation 1576,ACCOUNT SECURITY,FILE HASH,550e9e12a0c3b27cbe31ca6a7d5bc9bb5a97cfbc5de0ee8261ae1b0ffd069b54,Public Threat Feed,88,HIGH,77,NEW,2026-09-26,2026-10-15,EU,SYNTHETIC / DEMO ONLY. This record is safe educational data and is not evidence of a real attack.,Credential Access,Valid Accounts,,CAMP-16,2026-09-26
THR-2026-1577,2026-02-07T00:00:00,Synthetic Credential Threats Observation 1577,CREDENTIAL THREATS,CVE ID,CVE-2026-2577,Unknown Source,72,LOW,45,FALSE_POSITIVE,2026-01-12,2026-02-07,EU,SYNTHETIC / DEMO ONLY. This record is safe educational data and is not evidence of a real attack.,, ,CVE-2026-2577,CAMP-17,2026-01-12
THR-2026-1578,2026-06-11T00:00:00,Synthetic Vulnerability Exposure Observation 1578,VULNERABILITY EXPOSURE,URL,https://demo.invalid/threat/1578,Unknown Source,69,HIGH,62,CLOSED,2026-05-31,2026-06-11,US,SYNTHETIC / DEMO ONLY. This record is safe educational data and is not evidence of a real attack.,Credential Access,Valid Accounts,,CAMP-18,2026-05-31
THR-2026-1579,2026-08-10T00:00:00,Synthetic Phishing Observation 1579,PHISHING,IP ADDRESS,203.0.113.56,Unknown Source,51,LOW,52,CLOSED,2026-07-30,2026-08-10,Demo,SYNTHETIC / DEMO ONLY. This record is safe educational data and is not evidence of a real attack.,Exfiltration,Exfiltration Over Web Service,,CAMP-19,2026-07-30
THR-2026-1580,2026-06-22T00:00:00,Synthetic Malware Observation 1580,MALWARE,EMAIL/SENDER DOMAIN,alerts.example.net,Public Threat Feed,58,MEDIUM,51,FALSE_POSITIVE,2026-06-17,2026-06-22,Demo,SYNTHETIC / DEMO ONLY. This record is safe educational data and is not evidence of a real attack.,Command and Control,Application Layer Protocol,,CAMP-20,2026-06-17
THR-2026-1581,2026-04-30T00:00:00,Synthetic Phishing Observation 1581,PHISHING,IP ADDRESS,198.51.100.58,Unknown Source,46,MEDIUM,61,UNDER_REVIEW,2026-04-23,2026-04-30,Demo,SYNTHETIC / DEMO ONLY. This record is safe educational data and is not evidence of a real attack.,Impact,Data Encrypted for Impact,,CAMP-21,2026-04-23
THR-2026-1582,2026-04-04T00:00:00,Synthetic Network Threats Observation 1582,NETWORK THREATS,EMAIL/SENDER DOMAIN,mail.example.org,Research Report,52,MEDIUM,52,FALSE_POSITIVE,2026-03-05,2026-04-04,EU,SYNTHETIC / DEMO ONLY. This record is safe educational data and is not evidence of a real attack.,Discovery,Network Service Scanning,,CAMP-22,2026-03-05
THR-2026-1583,2026-05-28T00:00:00,Synthetic Data Exposure Observation 1583,DATA EXPOSURE,IP ADDRESS,198.51.100.60,Security Vendor,68,MEDIUM,50,UNDER_REVIEW,2026-05-03,2026-05-28,EU,SYNTHETIC / DEMO ONLY. This record is safe educational data and is not evidence of a real attack.,Command and Control,Application Layer Protocol,,CAMP-23,2026-05-03
THR-2026-1584,2026-09-13T00:00:00,Synthetic Malware Observation 1584,MALWARE,EMAIL/SENDER DOMAIN,mail.example.org,Security Vendor,46,HIGH,64,FALSE_POSITIVE,2026-08-21,2026-09-13,IN,SYNTHETIC / DEMO ONLY. This record is safe educational data and is not evidence of a real attack.,Impact,Data Encrypted for Impact,,CAMP-24,2026-08-21
THR-2026-1585,2026-10-04T00:00:00,Synthetic Web Threats Observation 1585,WEB THREATS,EMAIL/SENDER DOMAIN,alerts.example.net,Research Report,64,CRITICAL,66,FALSE_POSITIVE,2026-09-22,2026-10-04,US,SYNTHETIC / DEMO ONLY. This record is safe educational data and is not evidence of a real attack.,Exfiltration,Exfiltration Over Web Service,,CAMP-25,2026-09-22
THR-2026-1586,2026-03-05T00:00:00,Synthetic Account Security Observation 1586,ACCOUNT SECURITY,URL,https://demo.invalid/threat/1586,Community Submission,70,LOW,64,MONITORING,2026-03-02,2026-03-05,EU,SYNTHETIC / DEMO ONLY. This record is safe educational data and is not evidence of a real attack.,Discovery,Network Service Scanning,,CAMP-26,2026-03-02
THR-2026-1587,2026-05-04T00:00:00,Synthetic Web Threats Observation 1587,WEB THREATS,DOMAIN,example.com,Community Submission,82,LOW,60,NEW,2026-04-09,2026-05-04,EU,SYNTHETIC / DEMO ONLY. This record is safe educational data and is not evidence of a real attack.,Command and Control,Application Layer Protocol,,CAMP-27,2026-04-09
THR-2026-1588,2026-08-26T00:00:00,Synthetic Credential Threats Observation 1588,CREDENTIAL THREATS,FILE HASH,173e186be505d3b44eced46681ba4ce925db6390bc564d3f49ab0bb46a0b4052,Public Threat Feed,97,MEDIUM,70,MONITORING,2026-08-16,2026-08-26,Global,SYNTHETIC / DEMO ONLY. This record is safe educational data and is not evidence of a real attack.,, ,,CAMP-28,2026-08-16
THR-2026-1589,2026-06-22T00:00:00,Synthetic Credential Threats Observation 1589,CREDENTIAL THREATS,IP ADDRESS,192.0.2.66,Research Report,49,LOW,54,UNDER_REVIEW,2026-06-12,2026-06-22,Global,SYNTHETIC / DEMO ONLY. This record is safe educational data and is not evidence of a real attack.,Credential Access,Valid Accounts,,CAMP-29,2026-06-12
THR-2026-1590,2026-03-05T00:00:00,Synthetic Ransomware Observation 1590,RANSOMWARE,EMAIL/SENDER DOMAIN,mail.example.org,Unknown Source,96,HIGH,67,CLOSED,2026-02-24,2026-03-05,EU,SYNTHETIC / DEMO ONLY. This record is safe educational data and is not evidence of a real attack.,Impact,Data Encrypted for Impact,,CAMP-30,2026-02-24
THR-2026-1591,2026-05-06T00:00:00,Synthetic Social Engineering Observation 1591,SOCIAL ENGINEERING,IP ADDRESS,198.51.100.68,Community Submission,50,LOW,51,CLOSED,2026-05-02,2026-05-06,Demo,SYNTHETIC / DEMO ONLY. This record is safe educational data and is not evidence of a real attack.,, ,,CAMP-31,2026-05-02
THR-2026-1592,2026-02-28T00:00:00,Synthetic Malware Observation 1592,MALWARE,CVE ID,CVE-2026-2592,Research Report,71,MEDIUM,68,FALSE_POSITIVE,2026-02-12,2026-02-28,EU,SYNTHETIC / DEMO ONLY. This record is safe educational data and is not evidence of a real attack.,, ,CVE-2026-2592,CAMP-32,2026-02-12
THR-2026-1593,2026-04-23T00:00:00,Synthetic Ransomware Observation 1593,RANSOMWARE,FILE HASH,50d2523c3f74f6c3552e27a6a0e9d7238af488ed5e72dbda0674e5224e63bec4,Unknown Source,49,MEDIUM,63,UNDER_REVIEW,2026-04-10,2026-04-23,Demo,SYNTHETIC / DEMO ONLY. This record is safe educational data and is not evidence of a real attack.,Credential Access,Valid Accounts,,CAMP-33,2026-04-10
THR-2026-1594,2026-07-01T00:00:00,Synthetic Ransomware Observation 1594,RANSOMWARE,EMAIL/SENDER DOMAIN,mail.example.org,Security Vendor,54,MEDIUM,54,FALSE_POSITIVE,2026-06-10,2026-07-01,Demo,SYNTHETIC / DEMO ONLY. This record is safe educational data and is not evidence of a real attack.,Command and Control,Application Layer Protocol,,CAMP-34,2026-06-10
THR-2026-1595,2026-06-13T00:00:00,Synthetic Vulnerability Exposure Observation 1595,VULNERABILITY EXPOSURE,URL,https://demo.invalid/threat/1595,Internal SOC,53,LOW,49,MONITORING,2026-06-06,2026-06-13,IN,SYNTHETIC / DEMO ONLY. This record is safe educational data and is not evidence of a real attack.,Discovery,Network Service Scanning,,CAMP-35,2026-06-06
THR-2026-1596,2026-09-28T00:00:00,Synthetic Data Exposure Observation 1596,DATA EXPOSURE,CVE ID,CVE-2026-2596,Internal SOC,47,HIGH,65,CLOSED,2026-09-23,2026-09-28,US,SYNTHETIC / DEMO ONLY. This record is safe educational data and is not evidence of a real attack.,Command and Control,Application Layer Protocol,CVE-2026-2596,CAMP-36,2026-09-23
THR-2026-1597,2026-06-21T00:00:00,Synthetic Phishing Observation 1597,PHISHING,IP ADDRESS,198.51.100.74,Community Submission,51,LOW,47,CLOSED,2026-05-30,2026-06-21,US,SYNTHETIC / DEMO ONLY. This record is safe educational data and is not evidence of a real attack.,Exfiltration,Exfiltration Over Web Service,,CAMP-37,2026-05-30
THR-2026-1598,2026-02-06T00:00:00,Synthetic Data Exposure Observation 1598,DATA EXPOSURE,FILE HASH,fea13b191488eb05f026f3ed381b97262934751600a305a3ba828b4eb2b15f39,Research Report,90,MEDIUM,64,MONITORING,2026-01-07,2026-02-06,IN,SYNTHETIC / DEMO ONLY. This record is safe educational data and is not evidence of a real attack.,Initial Access,Phishing,,CAMP-38,2026-01-07
THR-2026-1599,2026-01-11T00:00:00,Synthetic Malware Observation 1599,MALWARE,FILE HASH,46956b889bbead8c798d7e212bc862174fbbc590dc543b6bac530726d19b468b,Research Report,70,LOW,58,FALSE_POSITIVE,2026-01-11,2026-01-11,IN,SYNTHETIC / DEMO ONLY. This record is safe educational data and is not evidence of a real attack.,Command and Control,Application Layer Protocol,,CAMP-39,2026-01-11
THR-2026-1600,2026-01-30T00:00:00,Synthetic Phishing Observation 1600,PHISHING,CVE ID,CVE-2026-2600,Public Threat Feed,51,CRITICAL,72,NEW,2026-01-25,2026-01-30,EU,SYNTHETIC / DEMO ONLY. This record is safe educational data and is not evidence of a real attack.,, ,CVE-2026-2600,CAMP-00,2026-01-25
THR-2026-1601,2026-02-19T00:00:00,Synthetic Vulnerability Exposure Observation 1601,VULNERABILITY EXPOSURE,URL,https://demo.invalid/threat/1601,Internal SOC,75,LOW,52,MONITORING,2026-02-14,2026-02-19,Global,SYNTHETIC / DEMO ONLY. This record is safe educational data and is not evidence of a real attack.,, ,,CAMP-01,2026-02-14
THR-2026-1602,2026-09-29T00:00:00,Synthetic Credential Threats Observation 1602,CREDENTIAL THREATS,CVE ID,CVE-2026-2602,Research Report,59,HIGH,67,CLOSED,2026-09-01,2026-09-29,EU,SYNTHETIC / DEMO ONLY. This record is safe educational data and is not evidence of a real attack.,Discovery,Network Service Scanning,CVE-2026-2602,CAMP-02,2026-09-01
THR-2026-1603,2026-01-28T00:00:00,Synthetic Phishing Observation 1603,PHISHING,URL,https://demo.invalid/threat/1603,Community Submission,85,HIGH,73,NEW,2026-01-23,2026-01-28,Demo,SYNTHETIC / DEMO ONLY. This record is safe educational data and is not evidence of a real attack.,, ,,CAMP-03,2026-01-23
THR-2026-1604,2026-05-12T00:00:00,Synthetic Data Exposure Observation 1604,DATA EXPOSURE,EMAIL/SENDER DOMAIN,mail.example.org,Unknown Source,81,LOW,61,CLOSED,2026-05-06,2026-05-12,Demo,SYNTHETIC / DEMO ONLY. This record is safe educational data and is not evidence of a real attack.,Exfiltration,Exfiltration Over Web Service,,CAMP-04,2026-05-06
THR-2026-1605,2026-05-25T00:00:00,Synthetic Vulnerability Exposure Observation 1605,VULNERABILITY EXPOSURE,DOMAIN,example.net,Research Report,59,LOW,47,UNDER_REVIEW,2026-05-25,2026-05-25,Global,SYNTHETIC / DEMO ONLY. This record is safe educational data and is not evidence of a real attack.,Discovery,Network Service Scanning,,CAMP-05,2026-05-25
THR-2026-1606,2026-03-15T00:00:00,Synthetic Data Exposure Observation 1606,DATA EXPOSURE,CVE ID,CVE-2026-2606,Research Report,89,INFORMATIONAL,57,CLOSED,2026-02-27,2026-03-15,Demo,SYNTHETIC / DEMO ONLY. This record is safe educational data and is not evidence of a real attack.,Credential Access,Valid Accounts,CVE-2026-2606,CAMP-06,2026-02-27
THR-2026-1607,2026-08-23T00:00:00,Synthetic Ransomware Observation 1607,RANSOMWARE,EMAIL/SENDER DOMAIN,mail.example.org,Internal SOC,53,CRITICAL,73,UNDER_REVIEW,2026-07-28,2026-08-23,IN,SYNTHETIC / DEMO ONLY. This record is safe educational data and is not evidence of a real attack.,Discovery,Network Service Scanning,,CAMP-07,2026-07-28
THR-2026-1608,2026-08-12T00:00:00,Synthetic Data Exposure Observation 1608,DATA EXPOSURE,IP ADDRESS,198.51.100.85,Research Report,92,MEDIUM,72,UNDER_REVIEW,2026-08-06,2026-08-12,Global,SYNTHETIC / DEMO ONLY. This record is safe educational data and is not evidence of a real attack.,Credential Access,Valid Accounts,,CAMP-08,2026-08-06
THR-2026-1609,2026-09-06T00:00:00,Synthetic Web Threats Observation 1609,WEB THREATS,FILE HASH,d5d4368e645ac6e9bd1af727daadfa8a49884d14cb04679d80c2db57f94412a6,Community Submission,93,MEDIUM,66,UNDER_REVIEW,2026-08-18,2026-09-06,Global,SYNTHETIC / DEMO ONLY. This record is safe educational data and is not evidence of a real attack.,Initial Access,Phishing,,CAMP-09,2026-08-18
THR-2026-1610,2026-08-27T00:00:00,Synthetic Malware Observation 1610,MALWARE,URL,https://demo.invalid/threat/1610,Internal SOC,85,MEDIUM,74,FALSE_POSITIVE,2026-08-02,2026-08-27,EU,SYNTHETIC / DEMO ONLY. This record is safe educational data and is not evidence of a real attack.,Initial Access,Phishing,,CAMP-10,2026-08-02
THR-2026-1611,2026-04-21T00:00:00,Synthetic Phishing Observation 1611,PHISHING,EMAIL/SENDER DOMAIN,mail.example.org,Unknown Source,60,MEDIUM,66,MONITORING,2026-04-04,2026-04-21,EU,SYNTHETIC / DEMO ONLY. This record is safe educational data and is not evidence of a real attack.,Exfiltration,Exfiltration Over Web Service,,CAMP-11,2026-04-04
THR-2026-1612,2026-07-02T00:00:00,Synthetic Credential Threats Observation 1612,CREDENTIAL THREATS,CVE ID,CVE-2026-2612,Research Report,84,MEDIUM,64,CLOSED,2026-07-01,2026-07-02,US,SYNTHETIC / DEMO ONLY. This record is safe educational data and is not evidence of a real attack.,Discovery,Network Service Scanning,CVE-2026-2612,CAMP-12,2026-07-01
THR-2026-1613,2026-04-30T00:00:00,Synthetic Malware Observation 1613,MALWARE,URL,https://demo.invalid/threat/1613,Public Threat Feed,47,MEDIUM,54,UNDER_REVIEW,2026-04-17,2026-04-30,US,SYNTHETIC / DEMO ONLY. This record is safe educational data and is not evidence of a real attack.,Impact,Data Encrypted for Impact,,CAMP-13,2026-04-17
THR-2026-1614,2026-06-28T00:00:00,Synthetic Account Security Observation 1614,ACCOUNT SECURITY,EMAIL/SENDER DOMAIN,alerts.example.net,Unknown Source,67,MEDIUM,55,NEW,2026-06-09,2026-06-28,EU,SYNTHETIC / DEMO ONLY. This record is safe educational data and is not evidence of a real attack.,Initial Access,Phishing,,CAMP-14,2026-06-09
THR-2026-1615,2026-06-20T00:00:00,Synthetic Credential Threats Observation 1615,CREDENTIAL THREATS,IP ADDRESS,198.51.100.92,Internal SOC,96,MEDIUM,64,CLOSED,2026-06-18,2026-06-20,Demo,SYNTHETIC / DEMO ONLY. This record is safe educational data and is not evidence of a real attack.,Credential Access,Valid Accounts,,CAMP-15,2026-06-18
THR-2026-1616,2026-04-09T00:00:00,Synthetic Social Engineering Observation 1616,SOCIAL ENGINEERING,DOMAIN,example.org,Internal SOC,82,MEDIUM,62,NEW,2026-03-14,2026-04-09,Demo,SYNTHETIC / DEMO ONLY. This record is safe educational data and is not evidence of a real attack.,, ,,CAMP-16,2026-03-14
THR-2026-1617,2026-04-16T00:00:00,Synthetic Data Exposure Observation 1617,DATA EXPOSURE,IP ADDRESS,192.0.2.94,Unknown Source,70,MEDIUM,59,FALSE_POSITIVE,2026-04-15,2026-04-16,IN,SYNTHETIC / DEMO ONLY. This record is safe educational data and is not evidence of a real attack.,Credential Access,Valid Accounts,,CAMP-17,2026-04-15
THR-2026-1618,2026-02-10T00:00:00,Synthetic Vulnerability Exposure Observation 1618,VULNERABILITY EXPOSURE,URL,https://demo.invalid/threat/1618,Unknown Source,66,INFORMATIONAL,44,FALSE_POSITIVE,2026-01-14,2026-02-10,Global,SYNTHETIC / DEMO ONLY. This record is safe educational data and is not evidence of a real attack.,Discovery,Network Service Scanning,,CAMP-18,2026-01-14
THR-2026-1619,2026-06-29T00:00:00,Synthetic Vulnerability Exposure Observation 1619,VULNERABILITY EXPOSURE,CVE ID,CVE-2026-2619,Research Report,87,LOW,50,FALSE_POSITIVE,2026-06-20,2026-06-29,US,SYNTHETIC / DEMO ONLY. This record is safe educational data and is not evidence of a real attack.,Persistence,Account Access Removal,CVE-2026-2619,CAMP-19,2026-06-20
THR-2026-1620,2026-05-13T00:00:00,Synthetic Social Engineering Observation 1620,SOCIAL ENGINEERING,URL,https://demo.invalid/threat/1620,Community Submission,64,LOW,65,NEW,2026-04-28,2026-05-13,Global,SYNTHETIC / DEMO ONLY. This record is safe educational data and is not evidence of a real attack.,, ,,CAMP-20,2026-04-28
THR-2026-1621,2026-07-14T00:00:00,Synthetic Web Threats Observation 1621,WEB THREATS,CVE ID,CVE-2026-2621,Internal SOC,70,MEDIUM,56,NEW,2026-06-25,2026-07-14,EU,SYNTHETIC / DEMO ONLY. This record is safe educational data and is not evidence of a real attack.,Command and Control,Application Layer Protocol,CVE-2026-2621,CAMP-21,2026-06-25
THR-2026-1622,2026-06-16T00:00:00,Synthetic Network Threats Observation 1622,NETWORK THREATS,FILE HASH,d837ffd82639a229de6708fa88fc1f119acee5e036dc55d186ad405fc60d0804,Internal SOC,95,HIGH,75,MONITORING,2026-06-01,2026-06-16,IN,SYNTHETIC / DEMO ONLY. This record is safe educational data and is not evidence of a real attack.,, ,,CAMP-22,2026-06-01
THR-2026-1623,2026-07-20T00:00:00,Synthetic Data Exposure Observation 1623,DATA EXPOSURE,FILE HASH,b0e04b03f07047aa2c726e4fb5d290ce9f38219d0bc47c2cbc950bc3d4e9bb36,Research Report,58,MEDIUM,55,CLOSED,2026-07-04,2026-07-20,IN,SYNTHETIC / DEMO ONLY. This record is safe educational data and is not evidence of a real attack.,Initial Access,Phishing,,CAMP-23,2026-07-04
THR-2026-1624,2026-07-05T00:00:00,Synthetic Network Threats Observation 1624,NETWORK THREATS,IP ADDRESS,192.0.2.101,Security Vendor,49,HIGH,61,MONITORING,2026-06-19,2026-07-05,Demo,SYNTHETIC / DEMO ONLY. This record is safe educational data and is not evidence of a real attack.,Initial Access,Phishing,,CAMP-24,2026-06-19
THR-2026-1625,2026-09-12T00:00:00,Synthetic Credential Threats Observation 1625,CREDENTIAL THREATS,CVE ID,CVE-2026-2625,Security Vendor,91,CRITICAL,91,FALSE_POSITIVE,2026-08-15,2026-09-12,US,SYNTHETIC / DEMO ONLY. This record is safe educational data and is not evidence of a real attack.,Credential Access,Valid Accounts,CVE-2026-2625,CAMP-25,2026-08-15
THR-2026-1626,2026-08-02T00:00:00,Synthetic Account Security Observation 1626,ACCOUNT SECURITY,DOMAIN,example.org,Internal SOC,85,HIGH,74,FALSE_POSITIVE,2026-07-20,2026-08-02,US,SYNTHETIC / DEMO ONLY. This record is safe educational data and is not evidence of a real attack.,Credential Access,Valid Accounts,,CAMP-26,2026-07-20
THR-2026-1627,2026-03-29T00:00:00,Synthetic Web Threats Observation 1627,WEB THREATS,URL,https://demo.invalid/threat/1627,Internal SOC,50,MEDIUM,51,MONITORING,2026-03-13,2026-03-29,US,SYNTHETIC / DEMO ONLY. This record is safe educational data and is not evidence of a real attack.,, ,,CAMP-27,2026-03-13
THR-2026-1628,2026-10-01T00:00:00,Synthetic Phishing Observation 1628,PHISHING,CVE ID,CVE-2026-2628,Internal SOC,57,LOW,54,FALSE_POSITIVE,2026-09-16,2026-10-01,US,SYNTHETIC / DEMO ONLY. This record is safe educational data and is not evidence of a real attack.,Initial Access,Phishing,CVE-2026-2628,CAMP-28,2026-09-16
THR-2026-1629,2026-08-18T00:00:00,Synthetic Web Threats Observation 1629,WEB THREATS,URL,https://demo.invalid/threat/1629,Research Report,74,CRITICAL,74,NEW,2026-08-06,2026-08-18,US,SYNTHETIC / DEMO ONLY. This record is safe educational data and is not evidence of a real attack.,, ,,CAMP-29,2026-08-06
THR-2026-1630,2026-07-01T00:00:00,Synthetic Data Exposure Observation 1630,DATA EXPOSURE,EMAIL/SENDER DOMAIN,alerts.example.net,Security Vendor,87,INFORMATIONAL,57,NEW,2026-07-01,2026-07-01,US,SYNTHETIC / DEMO ONLY. This record is safe educational data and is not evidence of a real attack.,Discovery,Network Service Scanning,,CAMP-30,2026-07-01
THR-2026-1631,2026-04-25T00:00:00,Synthetic Data Exposure Observation 1631,DATA EXPOSURE,FILE HASH,a9822287caa9e9e8d6180908d69fa8a81b10781f293a64023898f246b344f0de,Security Vendor,84,HIGH,80,UNDER_REVIEW,2026-04-05,2026-04-25,IN,SYNTHETIC / DEMO ONLY. This record is safe educational data and is not evidence of a real attack.,Exfiltration,Exfiltration Over Web Service,,CAMP-31,2026-04-05
THR-2026-1632,2026-09-21T00:00:00,Synthetic Social Engineering Observation 1632,SOCIAL ENGINEERING,DOMAIN,example.org,Research Report,62,CRITICAL,63,NEW,2026-09-04,2026-09-21,Global,SYNTHETIC / DEMO ONLY. This record is safe educational data and is not evidence of a real attack.,Discovery,Network Service Scanning,,CAMP-32,2026-09-04
THR-2026-1633,2026-09-10T00:00:00,Synthetic Credential Threats Observation 1633,CREDENTIAL THREATS,FILE HASH,55c3fed92da20f4d9d0d66a94d8f4429aff3946b4753280e518568c626061a40,Research Report,77,MEDIUM,64,MONITORING,2026-09-08,2026-09-10,Demo,SYNTHETIC / DEMO ONLY. This record is safe educational data and is not evidence of a real attack.,Impact,Data Encrypted for Impact,,CAMP-33,2026-09-08
THR-2026-1634,2026-05-01T00:00:00,Synthetic Network Threats Observation 1634,NETWORK THREATS,IP ADDRESS,198.51.100.111,Public Threat Feed,96,LOW,57,CLOSED,2026-04-16,2026-05-01,IN,SYNTHETIC / DEMO ONLY. This record is safe educational data and is not evidence of a real attack.,Impact,Data Encrypted for Impact,,CAMP-34,2026-04-16
THR-2026-1635,2026-07-15T00:00:00,Synthetic Credential Threats Observation 1635,CREDENTIAL THREATS,CVE ID,CVE-2026-2635,Unknown Source,56,HIGH,59,FALSE_POSITIVE,2026-07-10,2026-07-15,Global,SYNTHETIC / DEMO ONLY. This record is safe educational data and is not evidence of a real attack.,, ,CVE-2026-2635,CAMP-35,2026-07-10
THR-2026-1636,2026-10-15T00:00:00,Synthetic Network Threats Observation 1636,NETWORK THREATS,DOMAIN,example.com,Internal SOC,63,HIGH,63,UNDER_REVIEW,2026-09-29,2026-10-15,IN,SYNTHETIC / DEMO ONLY. This record is safe educational data and is not evidence of a real attack.,Persistence,Account Access Removal,,CAMP-36,2026-09-29
THR-2026-1637,2026-03-24T00:00:00,Synthetic Web Threats Observation 1637,WEB THREATS,IP ADDRESS,203.0.113.114,Security Vendor,77,LOW,50,NEW,2026-03-06,2026-03-24,US,SYNTHETIC / DEMO ONLY. This record is safe educational data and is not evidence of a real attack.,Credential Access,Valid Accounts,,CAMP-37,2026-03-06
THR-2026-1638,2026-05-26T00:00:00,Synthetic Account Security Observation 1638,ACCOUNT SECURITY,FILE HASH,311fe5557938d423592de16e99533c7b398b9ed01a32db6081ea235113f762e2,Research Report,96,MEDIUM,75,CLOSED,2026-05-18,2026-05-26,IN,SYNTHETIC / DEMO ONLY. This record is safe educational data and is not evidence of a real attack.,Initial Access,Phishing,,CAMP-38,2026-05-18
THR-2026-1639,2026-04-19T00:00:00,Synthetic Phishing Observation 1639,PHISHING,URL,https://demo.invalid/threat/1639,Internal SOC,96,CRITICAL,82,FALSE_POSITIVE,2026-03-22,2026-04-19,Global,SYNTHETIC / DEMO ONLY. This record is safe educational data and is not evidence of a real attack.,Credential Access,Valid Accounts,,CAMP-39,2026-03-22
THR-2026-1640,2026-05-24T00:00:00,Synthetic Phishing Observation 1640,PHISHING,EMAIL/SENDER DOMAIN,mail.example.org,Security Vendor,54,MEDIUM,51,CLOSED,2026-05-04,2026-05-24,Global,SYNTHETIC / DEMO ONLY. This record is safe educational data and is not evidence of a real attack.,Persistence,Account Access Removal,,CAMP-00,2026-05-04
THR-2026-1641,2026-05-27T00:00:00,Synthetic Web Threats Observation 1641,WEB THREATS,URL,https://demo.invalid/threat/1641,Unknown Source,53,MEDIUM,50,UNDER_REVIEW,2026-04-29,2026-05-27,EU,SYNTHETIC / DEMO ONLY. This record is safe educational data and is not evidence of a real attack.,Impact,Data Encrypted for Impact,,CAMP-01,2026-04-29
THR-2026-1642,2026-06-20T00:00:00,Synthetic Social Engineering Observation 1642,SOCIAL ENGINEERING,URL,https://demo.invalid/threat/1642,Unknown Source,68,LOW,61,CLOSED,2026-06-09,2026-06-20,EU,SYNTHETIC / DEMO ONLY. This record is safe educational data and is not evidence of a real attack.,, ,,CAMP-02,2026-06-09
THR-2026-1643,2026-03-03T00:00:00,Synthetic Vulnerability Exposure Observation 1643,VULNERABILITY EXPOSURE,IP ADDRESS,203.0.113.120,Public Threat Feed,60,MEDIUM,63,CLOSED,2026-02-23,2026-03-03,Global,SYNTHETIC / DEMO ONLY. This record is safe educational data and is not evidence of a real attack.,Persistence,Account Access Removal,,CAMP-03,2026-02-23
THR-2026-1644,2026-07-04T00:00:00,Synthetic Social Engineering Observation 1644,SOCIAL ENGINEERING,URL,https://demo.invalid/threat/1644,Research Report,48,MEDIUM,60,MONITORING,2026-06-12,2026-07-04,US,SYNTHETIC / DEMO ONLY. This record is safe educational data and is not evidence of a real attack.,, ,,CAMP-04,2026-06-12
THR-2026-1645,2026-03-23T00:00:00,Synthetic Network Threats Observation 1645,NETWORK THREATS,IP ADDRESS,198.51.100.122,Community Submission,46,MEDIUM,54,UNDER_REVIEW,2026-03-23,2026-03-23,EU,SYNTHETIC / DEMO ONLY. This record is safe educational data and is not evidence of a real attack.,Persistence,Account Access Removal,,CAMP-05,2026-03-23
THR-2026-1646,2026-02-13T00:00:00,Synthetic Social Engineering Observation 1646,SOCIAL ENGINEERING,DOMAIN,example.org,Community Submission,93,HIGH,71,FALSE_POSITIVE,2026-02-13,2026-02-13,EU,SYNTHETIC / DEMO ONLY. This record is safe educational data and is not evidence of a real attack.,Discovery,Network Service Scanning,,CAMP-06,2026-02-13
THR-2026-1647,2026-07-05T00:00:00,Synthetic Ransomware Observation 1647,RANSOMWARE,DOMAIN,example.com,Public Threat Feed,66,LOW,52,CLOSED,2026-06-07,2026-07-05,Demo,SYNTHETIC / DEMO ONLY. This record is safe educational data and is not evidence of a real attack.,, ,,CAMP-07,2026-06-07
THR-2026-1648,2026-06-27T00:00:00,Synthetic Account Security Observation 1648,ACCOUNT SECURITY,IP ADDRESS,192.0.2.125,Unknown Source,63,CRITICAL,72,MONITORING,2026-06-19,2026-06-27,IN,SYNTHETIC / DEMO ONLY. This record is safe educational data and is not evidence of a real attack.,Impact,Data Encrypted for Impact,,CAMP-08,2026-06-19
THR-2026-1649,2026-04-10T00:00:00,Synthetic Social Engineering Observation 1649,SOCIAL ENGINEERING,EMAIL/SENDER DOMAIN,mail.example.org,Internal SOC,46,LOW,45,CLOSED,2026-03-27,2026-04-10,IN,SYNTHETIC / DEMO ONLY. This record is safe educational data and is not evidence of a real attack.,, ,,CAMP-09,2026-03-27
THR-2026-1650,2026-05-17T00:00:00,Synthetic Credential Threats Observation 1650,CREDENTIAL THREATS,FILE HASH,f7526d64663b6fd44c281fd36ec6f618a43daa36b2377d37bfc4cd162b1b8cd0,Internal SOC,70,MEDIUM,56,CLOSED,2026-05-15,2026-05-17,Demo,SYNTHETIC / DEMO ONLY. This record is safe educational data and is not evidence of a real attack.,, ,,CAMP-10,2026-05-15
THR-2026-1651,2026-02-09T00:00:00,Synthetic Vulnerability Exposure Observation 1651,VULNERABILITY EXPOSURE,DOMAIN,example.net,Unknown Source,52,MEDIUM,68,FALSE_POSITIVE,2026-01-18,2026-02-09,Demo,SYNTHETIC / DEMO ONLY. This record is safe educational data and is not evidence of a real attack.,Impact,Data Encrypted for Impact,,CAMP-11,2026-01-18
THR-2026-1652,2026-03-17T00:00:00,Synthetic Credential Threats Observation 1652,CREDENTIAL THREATS,FILE HASH,d4687f4650aae6327acadfd0282a7866d11d5108c2b8f413479ad3813a78c2e7,Public Threat Feed,68,LOW,58,NEW,2026-03-12,2026-03-17,EU,SYNTHETIC / DEMO ONLY. This record is safe educational data and is not evidence of a real attack.,, ,,CAMP-12,2026-03-12
THR-2026-1653,2026-03-07T00:00:00,Synthetic Vulnerability Exposure Observation 1653,VULNERABILITY EXPOSURE,EMAIL/SENDER DOMAIN,mail.example.org,Security Vendor,81,MEDIUM,61,UNDER_REVIEW,2026-02-26,2026-03-07,Demo,SYNTHETIC / DEMO ONLY. This record is safe educational data and is not evidence of a real attack.,Credential Access,Valid Accounts,,CAMP-13,2026-02-26
THR-2026-1654,2026-03-18T00:00:00,Synthetic Ransomware Observation 1654,RANSOMWARE,IP ADDRESS,203.0.113.131,Community Submission,73,MEDIUM,60,MONITORING,2026-03-12,2026-03-18,IN,SYNTHETIC / DEMO ONLY. This record is safe educational data and is not evidence of a real attack.,Impact,Data Encrypted for Impact,,CAMP-14,2026-03-12
THR-2026-1655,2026-05-10T00:00:00,Synthetic Web Threats Observation 1655,WEB THREATS,CVE ID,CVE-2026-2655,Unknown Source,88,MEDIUM,70,CLOSED,2026-04-29,2026-05-10,IN,SYNTHETIC / DEMO ONLY. This record is safe educational data and is not evidence of a real attack.,Discovery,Network Service Scanning,CVE-2026-2655,CAMP-15,2026-04-29
THR-2026-1656,2026-07-24T00:00:00,Synthetic Credential Threats Observation 1656,CREDENTIAL THREATS,URL,https://demo.invalid/threat/1656,Security Vendor,74,MEDIUM,66,CLOSED,2026-07-13,2026-07-24,EU,SYNTHETIC / DEMO ONLY. This record is safe educational data and is not evidence of a real attack.,Impact,Data Encrypted for Impact,,CAMP-16,2026-07-13
THR-2026-1657,2026-04-16T00:00:00,Synthetic Ransomware Observation 1657,RANSOMWARE,DOMAIN,demo.invalid,Community Submission,95,HIGH,77,MONITORING,2026-03-25,2026-04-16,Global,SYNTHETIC / DEMO ONLY. This record is safe educational data and is not evidence of a real attack.,Discovery,Network Service Scanning,,CAMP-17,2026-03-25
THR-2026-1658,2026-03-15T00:00:00,Synthetic Ransomware Observation 1658,RANSOMWARE,EMAIL/SENDER DOMAIN,mail.example.org,Unknown Source,58,MEDIUM,62,MONITORING,2026-03-07,2026-03-15,Global,SYNTHETIC / DEMO ONLY. This record is safe educational data and is not evidence of a real attack.,Exfiltration,Exfiltration Over Web Service,,CAMP-18,2026-03-07
THR-2026-1659,2026-03-11T00:00:00,Synthetic Social Engineering Observation 1659,SOCIAL ENGINEERING,IP ADDRESS,192.0.2.136,Internal SOC,67,LOW,59,CLOSED,2026-02-20,2026-03-11,Demo,SYNTHETIC / DEMO ONLY. This record is safe educational data and is not evidence of a real attack.,, ,,CAMP-19,2026-02-20
THR-2026-1660,2026-08-22T00:00:00,Synthetic Web Threats Observation 1660,WEB THREATS,FILE HASH,6aa533960d8339dd3c58e942c3631622660afd3f7fb9d6abbdf83f3d8d517455,Community Submission,55,CRITICAL,72,CLOSED,2026-08-20,2026-08-22,IN,SYNTHETIC / DEMO ONLY. This record is safe educational data and is not evidence of a real attack.,Discovery,Network Service Scanning,,CAMP-20,2026-08-20
THR-2026-1661,2026-06-02T00:00:00,Synthetic Network Threats Observation 1661,NETWORK THREATS,DOMAIN,demo.invalid,Unknown Source,45,MEDIUM,56,CLOSED,2026-05-17,2026-06-02,Demo,SYNTHETIC / DEMO ONLY. This record is safe educational data and is not evidence of a real attack.,Impact,Data Encrypted for Impact,,CAMP-21,2026-05-17
THR-2026-1662,2026-10-05T00:00:00,Synthetic Phishing Observation 1662,PHISHING,FILE HASH,abccc0736b5af246d230a2867bd12e9a4e8e5fae5119873120d8064af49c62c5,Public Threat Feed,69,MEDIUM,60,CLOSED,2026-09-23,2026-10-05,US,SYNTHETIC / DEMO ONLY. This record is safe educational data and is not evidence of a real attack.,Credential Access,Valid Accounts,,CAMP-22,2026-09-23
THR-2026-1663,2026-03-02T00:00:00,Synthetic Malware Observation 1663,MALWARE,EMAIL/SENDER DOMAIN,mail.example.org,Community Submission,89,LOW,71,UNDER_REVIEW,2026-02-10,2026-03-02,Demo,SYNTHETIC / DEMO ONLY. This record is safe educational data and is not evidence of a real attack.,, ,,CAMP-23,2026-02-10
THR-2026-1664,2026-07-28T00:00:00,Synthetic Web Threats Observation 1664,WEB THREATS,IP ADDRESS,203.0.113.141,Internal SOC,78,MEDIUM,67,UNDER_REVIEW,2026-07-14,2026-07-28,US,SYNTHETIC / DEMO ONLY. This record is safe educational data and is not evidence of a real attack.,Persistence,Account Access Removal,,CAMP-24,2026-07-14
THR-2026-1665,2026-10-02T00:00:00,Synthetic Vulnerability Exposure Observation 1665,VULNERABILITY EXPOSURE,EMAIL/SENDER DOMAIN,alerts.example.net,Public Threat Feed,58,MEDIUM,59,NEW,2026-09-25,2026-10-02,Global,SYNTHETIC / DEMO ONLY. This record is safe educational data and is not evidence of a real attack.,Initial Access,Phishing,,CAMP-25,2026-09-25
THR-2026-1666,2026-05-21T00:00:00,Synthetic Malware Observation 1666,MALWARE,URL,https://demo.invalid/threat/1666,Public Threat Feed,51,LOW,47,UNDER_REVIEW,2026-05-15,2026-05-21,EU,SYNTHETIC / DEMO ONLY. This record is safe educational data and is not evidence of a real attack.,Exfiltration,Exfiltration Over Web Service,,CAMP-26,2026-05-15
THR-2026-1667,2026-10-24T00:00:00,Synthetic Ransomware Observation 1667,RANSOMWARE,EMAIL/SENDER DOMAIN,alerts.example.net,Community Submission,91,CRITICAL,71,UNDER_REVIEW,2026-10-07,2026-10-24,IN,SYNTHETIC / DEMO ONLY. This record is safe educational data and is not evidence of a real attack.,Command and Control,Application Layer Protocol,,CAMP-27,2026-10-07
THR-2026-1668,2026-03-19T00:00:00,Synthetic Phishing Observation 1668,PHISHING,DOMAIN,example.com,Internal SOC,93,LOW,63,MONITORING,2026-03-16,2026-03-19,US,SYNTHETIC / DEMO ONLY. This record is safe educational data and is not evidence of a real attack.,Initial Access,Phishing,,CAMP-28,2026-03-16
THR-2026-1669,2026-01-28T00:00:00,Synthetic Social Engineering Observation 1669,SOCIAL ENGINEERING,EMAIL/SENDER DOMAIN,alerts.example.net,Public Threat Feed,84,HIGH,65,UNDER_REVIEW,2026-01-06,2026-01-28,EU,SYNTHETIC / DEMO ONLY. This record is safe educational data and is not evidence of a real attack.,Discovery,Network Service Scanning,,CAMP-29,2026-01-06
THR-2026-1670,2026-04-26T00:00:00,Synthetic Social Engineering Observation 1670,SOCIAL ENGINEERING,FILE HASH,6cd183bac718a9f53c4d661b2e1a26881dc9f462998b67bff8f42481fd67e991,Internal SOC,82,MEDIUM,64,MONITORING,2026-04-13,2026-04-26,Global,SYNTHETIC / DEMO ONLY. This record is safe educational data and is not evidence of a real attack.,Impact,Data Encrypted for Impact,,CAMP-30,2026-04-13
THR-2026-1671,2026-03-28T00:00:00,Synthetic Phishing Observation 1671,PHISHING,URL,https://demo.invalid/threat/1671,Community Submission,50,MEDIUM,59,MONITORING,2026-02-28,2026-03-28,US,SYNTHETIC / DEMO ONLY. This record is safe educational data and is not evidence of a real attack.,Discovery,Network Service Scanning,,CAMP-31,2026-02-28
THR-2026-1672,2026-08-14T00:00:00,Synthetic Data Exposure Observation 1672,DATA EXPOSURE,EMAIL/SENDER DOMAIN,alerts.example.net,Community Submission,95,MEDIUM,70,NEW,2026-08-07,2026-08-14,EU,SYNTHETIC / DEMO ONLY. This record is safe educational data and is not evidence of a real attack.,Initial Access,Phishing,,CAMP-32,2026-08-07
THR-2026-1673,2026-08-02T00:00:00,Synthetic Account Security Observation 1673,ACCOUNT SECURITY,CVE ID,CVE-2026-2673,Security Vendor,61,CRITICAL,76,CLOSED,2026-07-26,2026-08-02,Demo,SYNTHETIC / DEMO ONLY. This record is safe educational data and is not evidence of a real attack.,Impact,Data Encrypted for Impact,CVE-2026-2673,CAMP-33,2026-07-26
THR-2026-1674,2026-08-30T00:00:00,Synthetic Data Exposure Observation 1674,DATA EXPOSURE,CVE ID,CVE-2026-2674,Public Threat Feed,61,LOW,50,UNDER_REVIEW,2026-08-06,2026-08-30,IN,SYNTHETIC / DEMO ONLY. This record is safe educational data and is not evidence of a real attack.,Impact,Data Encrypted for Impact,CVE-2026-2674,CAMP-34,2026-08-06
THR-2026-1675,2026-03-24T00:00:00,Synthetic Ransomware Observation 1675,RANSOMWARE,EMAIL/SENDER DOMAIN,alerts.example.net,Internal SOC,86,MEDIUM,57,CLOSED,2026-02-24,2026-03-24,US,SYNTHETIC / DEMO ONLY. This record is safe educational data and is not evidence of a real attack.,Command and Control,Application Layer Protocol,,CAMP-35,2026-02-24
THR-2026-1676,2026-05-22T00:00:00,Synthetic Ransomware Observation 1676,RANSOMWARE,IP ADDRESS,192.0.2.153,Community Submission,88,LOW,60,MONITORING,2026-04-24,2026-05-22,US,SYNTHETIC / DEMO ONLY. This record is safe educational data and is not evidence of a real attack.,Credential Access,Valid Accounts,,CAMP-36,2026-04-24
THR-2026-1677,2026-08-01T00:00:00,Synthetic Network Threats Observation 1677,NETWORK THREATS,DOMAIN,example.net,Community Submission,51,LOW,57,MONITORING,2026-07-12,2026-08-01,IN,SYNTHETIC / DEMO ONLY. This record is safe educational data and is not evidence of a real attack.,Command and Control,Application Layer Protocol,,CAMP-37,2026-07-12
THR-2026-1678,2026-06-09T00:00:00,Synthetic Malware Observation 1678,MALWARE,CVE ID,CVE-2026-2678,Unknown Source,72,CRITICAL,82,FALSE_POSITIVE,2026-06-07,2026-06-09,IN,SYNTHETIC / DEMO ONLY. This record is safe educational data and is not evidence of a real attack.,Command and Control,Application Layer Protocol,CVE-2026-2678,CAMP-38,2026-06-07
THR-2026-1679,2026-07-20T00:00:00,Synthetic Malware Observation 1679,MALWARE,DOMAIN,example.com,Unknown Source,79,MEDIUM,66,FALSE_POSITIVE,2026-06-27,2026-07-20,US,SYNTHETIC / DEMO ONLY. This record is safe educational data and is not evidence of a real attack.,Command and Control,Application Layer Protocol,,CAMP-39,2026-06-27
THR-2026-1680,2026-02-01T00:00:00,Synthetic Social Engineering Observation 1680,SOCIAL ENGINEERING,IP ADDRESS,203.0.113.157,Public Threat Feed,47,CRITICAL,68,MONITORING,2026-01-06,2026-02-01,Global,SYNTHETIC / DEMO ONLY. This record is safe educational data and is not evidence of a real attack.,Command and Control,Application Layer Protocol,,CAMP-00,2026-01-06
THR-2026-1681,2026-03-24T00:00:00,Synthetic Account Security Observation 1681,ACCOUNT SECURITY,URL,https://demo.invalid/threat/1681,Unknown Source,80,MEDIUM,63,NEW,2026-02-28,2026-03-24,IN,SYNTHETIC / DEMO ONLY. This record is safe educational data and is not evidence of a real attack.,Persistence,Account Access Removal,,CAMP-01,2026-02-28
THR-2026-1682,2026-03-13T00:00:00,Synthetic Web Threats Observation 1682,WEB THREATS,URL,https://demo.invalid/threat/1682,Public Threat Feed,77,MEDIUM,64,FALSE_POSITIVE,2026-02-14,2026-03-13,IN,SYNTHETIC / DEMO ONLY. This record is safe educational data and is not evidence of a real attack.,Discovery,Network Service Scanning,,CAMP-02,2026-02-14
THR-2026-1683,2026-07-28T00:00:00,Synthetic Vulnerability Exposure Observation 1683,VULNERABILITY EXPOSURE,CVE ID,CVE-2026-2683,Community Submission,86,LOW,61,NEW,2026-07-15,2026-07-28,EU,SYNTHETIC / DEMO ONLY. This record is safe educational data and is not evidence of a real attack.,Credential Access,Valid Accounts,CVE-2026-2683,CAMP-03,2026-07-15
THR-2026-1684,2026-08-22T00:00:00,Synthetic Vulnerability Exposure Observation 1684,VULNERABILITY EXPOSURE,URL,https://demo.invalid/threat/1684,Community Submission,57,MEDIUM,65,FALSE_POSITIVE,2026-08-02,2026-08-22,Global,SYNTHETIC / DEMO ONLY. This record is safe educational data and is not evidence of a real attack.,, ,,CAMP-04,2026-08-02
THR-2026-1685,2026-09-10T00:00:00,Synthetic Malware Observation 1685,MALWARE,URL,https://demo.invalid/threat/1685,Security Vendor,73,MEDIUM,66,CLOSED,2026-08-28,2026-09-10,IN,SYNTHETIC / DEMO ONLY. This record is safe educational data and is not evidence of a real attack.,Exfiltration,Exfiltration Over Web Service,,CAMP-05,2026-08-28
THR-2026-1686,2026-01-24T00:00:00,Synthetic Account Security Observation 1686,ACCOUNT SECURITY,IP ADDRESS,198.51.100.163,Internal SOC,93,HIGH,82,NEW,2026-01-10,2026-01-24,Global,SYNTHETIC / DEMO ONLY. This record is safe educational data and is not evidence of a real attack.,Impact,Data Encrypted for Impact,,CAMP-06,2026-01-10
THR-2026-1687,2026-04-05T00:00:00,Synthetic Vulnerability Exposure Observation 1687,VULNERABILITY EXPOSURE,CVE ID,CVE-2026-2687,Community Submission,50,LOW,56,UNDER_REVIEW,2026-03-26,2026-04-05,US,SYNTHETIC / DEMO ONLY. This record is safe educational data and is not evidence of a real attack.,Impact,Data Encrypted for Impact,CVE-2026-2687,CAMP-07,2026-03-26
THR-2026-1688,2026-02-26T00:00:00,Synthetic Ransomware Observation 1688,RANSOMWARE,URL,https://demo.invalid/threat/1688,Community Submission,82,LOW,65,FALSE_POSITIVE,2026-02-25,2026-02-26,EU,SYNTHETIC / DEMO ONLY. This record is safe educational data and is not evidence of a real attack.,Discovery,Network Service Scanning,,CAMP-08,2026-02-25
THR-2026-1689,2026-01-17T00:00:00,Synthetic Ransomware Observation 1689,RANSOMWARE,DOMAIN,example.net,Internal SOC,79,LOW,53,NEW,2026-01-09,2026-01-17,Demo,SYNTHETIC / DEMO ONLY. This record is safe educational data and is not evidence of a real attack.,Persistence,Account Access Removal,,CAMP-09,2026-01-09
THR-2026-1690,2026-07-14T00:00:00,Synthetic Social Engineering Observation 1690,SOCIAL ENGINEERING,FILE HASH,c5491dbd964df52e85a4c3f9b077cbee76124c047655483963218a3fb39d5b9d,Public Threat Feed,66,HIGH,60,NEW,2026-06-16,2026-07-14,Global,SYNTHETIC / DEMO ONLY. This record is safe educational data and is not evidence of a real attack.,Exfiltration,Exfiltration Over Web Service,,CAMP-10,2026-06-16
THR-2026-1691,2026-05-18T00:00:00,Synthetic Network Threats Observation 1691,NETWORK THREATS,URL,https://demo.invalid/threat/1691,Research Report,80,CRITICAL,74,CLOSED,2026-05-07,2026-05-18,EU,SYNTHETIC / DEMO ONLY. This record is safe educational data and is not evidence of a real attack.,Persistence,Account Access Removal,,CAMP-11,2026-05-07
THR-2026-1692,2026-10-23T00:00:00,Synthetic Data Exposure Observation 1692,DATA EXPOSURE,FILE HASH,11724d86872b2e249dc3f279ad78d02eabbb1eda95701cdc8e1b6584e01648d4,Public Threat Feed,75,LOW,50,UNDER_REVIEW,2026-09-26,2026-10-23,IN,SYNTHETIC / DEMO ONLY. This record is safe educational data and is not evidence of a real attack.,Initial Access,Phishing,,CAMP-12,2026-09-26
THR-2026-1693,2026-06-17T00:00:00,Synthetic Network Threats Observation 1693,NETWORK THREATS,URL,https://demo.invalid/threat/1693,Unknown Source,67,MEDIUM,56,CLOSED,2026-05-21,2026-06-17,Global,SYNTHETIC / DEMO ONLY. This record is safe educational data and is not evidence of a real attack.,Credential Access,Valid Accounts,,CAMP-13,2026-05-21
THR-2026-1694,2026-05-14T00:00:00,Synthetic Web Threats Observation 1694,WEB THREATS,EMAIL/SENDER DOMAIN,mail.example.org,Public Threat Feed,82,CRITICAL,83,MONITORING,2026-05-01,2026-05-14,EU,SYNTHETIC / DEMO ONLY. This record is safe educational data and is not evidence of a real attack.,Credential Access,Valid Accounts,,CAMP-14,2026-05-01
THR-2026-1695,2026-01-31T00:00:00,Synthetic Vulnerability Exposure Observation 1695,VULNERABILITY EXPOSURE,URL,https://demo.invalid/threat/1695,Public Threat Feed,46,CRITICAL,64,FALSE_POSITIVE,2026-01-30,2026-01-31,IN,SYNTHETIC / DEMO ONLY. This record is safe educational data and is not evidence of a real attack.,Initial Access,Phishing,,CAMP-15,2026-01-30
THR-2026-1696,2026-05-12T00:00:00,Synthetic Phishing Observation 1696,PHISHING,DOMAIN,example.net,Public Threat Feed,89,HIGH,71,NEW,2026-04-28,2026-05-12,Demo,SYNTHETIC / DEMO ONLY. This record is safe educational data and is not evidence of a real attack.,Exfiltration,Exfiltration Over Web Service,,CAMP-16,2026-04-28
THR-2026-1697,2026-08-21T00:00:00,Synthetic Vulnerability Exposure Observation 1697,VULNERABILITY EXPOSURE,IP ADDRESS,198.51.100.174,Security Vendor,69,INFORMATIONAL,46,FALSE_POSITIVE,2026-08-21,2026-08-21,US,SYNTHETIC / DEMO ONLY. This record is safe educational data and is not evidence of a real attack.,, ,,CAMP-17,2026-08-21
THR-2026-1698,2026-09-10T00:00:00,Synthetic Malware Observation 1698,MALWARE,FILE HASH,d150c2caea4afd383e0b8118bfb40ce0fac4f30bbfafc2e13ddce67c621622fa,Internal SOC,87,HIGH,70,NEW,2026-09-02,2026-09-10,US,SYNTHETIC / DEMO ONLY. This record is safe educational data and is not evidence of a real attack.,Discovery,Network Service Scanning,,CAMP-18,2026-09-02
THR-2026-1699,2026-05-22T00:00:00,Synthetic Account Security Observation 1699,ACCOUNT SECURITY,CVE ID,CVE-2026-2699,Public Threat Feed,75,HIGH,65,MONITORING,2026-04-27,2026-05-22,EU,SYNTHETIC / DEMO ONLY. This record is safe educational data and is not evidence of a real attack.,Command and Control,Application Layer Protocol,CVE-2026-2699,CAMP-19,2026-04-27
THR-2026-1700,2026-04-29T00:00:00,Synthetic Web Threats Observation 1700,WEB THREATS,IP ADDRESS,203.0.113.177,Community Submission,79,HIGH,75,MONITORING,2026-04-06,2026-04-29,Global,SYNTHETIC / DEMO ONLY. This record is safe educational data and is not evidence of a real attack.,Impact,Data Encrypted for Impact,,CAMP-20,2026-04-06
THR-2026-1701,2026-03-23T00:00:00,Synthetic Web Threats Observation 1701,WEB THREATS,URL,https://demo.invalid/threat/1701,Public Threat Feed,66,HIGH,71,NEW,2026-02-23,2026-03-23,Demo,SYNTHETIC / DEMO ONLY. This record is safe educational data and is not evidence of a real attack.,Impact,Data Encrypted for Impact,,CAMP-21,2026-02-23
THR-2026-1702,2026-04-08T00:00:00,Synthetic Data Exposure Observation 1702,DATA EXPOSURE,URL,https://demo.invalid/threat/1702,Security Vendor,55,HIGH,65,FALSE_POSITIVE,2026-04-05,2026-04-08,Global,SYNTHETIC / DEMO ONLY. This record is safe educational data and is not evidence of a real attack.,, ,,CAMP-22,2026-04-05
THR-2026-1703,2026-07-25T00:00:00,Synthetic Credential Threats Observation 1703,CREDENTIAL THREATS,FILE HASH,3f4a7a709782b8d71169d4dae956b4cb2c2312512e9182759bd5fb36f1c431ea,Security Vendor,59,LOW,52,CLOSED,2026-07-03,2026-07-25,IN,SYNTHETIC / DEMO ONLY. This record is safe educational data and is not evidence of a real attack.,Discovery,Network Service Scanning,,CAMP-23,2026-07-03
THR-2026-1704,2026-01-29T00:00:00,Synthetic Credential Threats Observation 1704,CREDENTIAL THREATS,IP ADDRESS,198.51.100.181,Internal SOC,77,LOW,52,UNDER_REVIEW,2026-01-04,2026-01-29,Demo,SYNTHETIC / DEMO ONLY. This record is safe educational data and is not evidence of a real attack.,Initial Access,Phishing,,CAMP-24,2026-01-04
THR-2026-1705,2026-08-12T00:00:00,Synthetic Phishing Observation 1705,PHISHING,FILE HASH,2807e2f6a36b3041df35bf9e88b3d0180a49b096a3202453973a365dfc3758bd,Public Threat Feed,86,CRITICAL,84,UNDER_REVIEW,2026-07-29,2026-08-12,EU,SYNTHETIC / DEMO ONLY. This record is safe educational data and is not evidence of a real attack.,Persistence,Account Access Removal,,CAMP-25,2026-07-29
THR-2026-1706,2026-09-11T00:00:00,Synthetic Web Threats Observation 1706,WEB THREATS,IP ADDRESS,192.0.2.183,Public Threat Feed,96,MEDIUM,63,CLOSED,2026-08-15,2026-09-11,IN,SYNTHETIC / DEMO ONLY. This record is safe educational data and is not evidence of a real attack.,Persistence,Account Access Removal,,CAMP-26,2026-08-15
THR-2026-1707,2026-02-25T00:00:00,Synthetic Phishing Observation 1707,PHISHING,URL,https://demo.invalid/threat/1707,Internal SOC,46,HIGH,61,UNDER_REVIEW,2026-02-04,2026-02-25,Demo,SYNTHETIC / DEMO ONLY. This record is safe educational data and is not evidence of a real attack.,Impact,Data Encrypted for Impact,,CAMP-27,2026-02-04
THR-2026-1708,2026-09-04T00:00:00,Synthetic Social Engineering Observation 1708,SOCIAL ENGINEERING,IP ADDRESS,192.0.2.185,Security Vendor,81,CRITICAL,73,UNDER_REVIEW,2026-08-21,2026-09-04,IN,SYNTHETIC / DEMO ONLY. This record is safe educational data and is not evidence of a real attack.,Credential Access,Valid Accounts,,CAMP-28,2026-08-21
THR-2026-1709,2026-10-03T00:00:00,Synthetic Vulnerability Exposure Observation 1709,VULNERABILITY EXPOSURE,IP ADDRESS,192.0.2.186,Security Vendor,74,MEDIUM,65,FALSE_POSITIVE,2026-09-03,2026-10-03,US,SYNTHETIC / DEMO ONLY. This record is safe educational data and is not evidence of a real attack.,Impact,Data Encrypted for Impact,,CAMP-29,2026-09-03
THR-2026-1710,2026-01-25T00:00:00,Synthetic Vulnerability Exposure Observation 1710,VULNERABILITY EXPOSURE,FILE HASH,53cd58ca288d3303103e7f4a52a4f5b5deb6e8cfc25891abdf5a1ed0660a8c39,Research Report,69,HIGH,76,CLOSED,2026-01-21,2026-01-25,Global,SYNTHETIC / DEMO ONLY. This record is safe educational data and is not evidence of a real attack.,Command and Control,Application Layer Protocol,,CAMP-30,2026-01-21
THR-2026-1711,2026-04-29T00:00:00,Synthetic Vulnerability Exposure Observation 1711,VULNERABILITY EXPOSURE,URL,https://demo.invalid/threat/1711,Community Submission,68,CRITICAL,74,NEW,2026-04-23,2026-04-29,US,SYNTHETIC / DEMO ONLY. This record is safe educational data and is not evidence of a real attack.,Initial Access,Phishing,,CAMP-31,2026-04-23
THR-2026-1712,2026-01-27T00:00:00,Synthetic Social Engineering Observation 1712,SOCIAL ENGINEERING,DOMAIN,example.org,Internal SOC,52,HIGH,61,CLOSED,2026-01-04,2026-01-27,Global,SYNTHETIC / DEMO ONLY. This record is safe educational data and is not evidence of a real attack.,Command and Control,Application Layer Protocol,,CAMP-32,2026-01-04
THR-2026-1713,2026-08-02T00:00:00,Synthetic Social Engineering Observation 1713,SOCIAL ENGINEERING,CVE ID,CVE-2026-2713,Public Threat Feed,66,MEDIUM,62,CLOSED,2026-07-25,2026-08-02,Global,SYNTHETIC / DEMO ONLY. This record is safe educational data and is not evidence of a real attack.,Persistence,Account Access Removal,CVE-2026-2713,CAMP-33,2026-07-25
THR-2026-1714,2026-05-19T00:00:00,Synthetic Phishing Observation 1714,PHISHING,EMAIL/SENDER DOMAIN,mail.example.org,Research Report,51,HIGH,56,NEW,2026-05-07,2026-05-19,EU,SYNTHETIC / DEMO ONLY. This record is safe educational data and is not evidence of a real attack.,Exfiltration,Exfiltration Over Web Service,,CAMP-34,2026-05-07
THR-2026-1715,2026-03-16T00:00:00,Synthetic Credential Threats Observation 1715,CREDENTIAL THREATS,URL,https://demo.invalid/threat/1715,Unknown Source,68,LOW,46,NEW,2026-02-17,2026-03-16,Demo,SYNTHETIC / DEMO ONLY. This record is safe educational data and is not evidence of a real attack.,Discovery,Network Service Scanning,,CAMP-35,2026-02-17
THR-2026-1716,2026-06-20T00:00:00,Synthetic Web Threats Observation 1716,WEB THREATS,EMAIL/SENDER DOMAIN,mail.example.org,Community Submission,48,HIGH,64,MONITORING,2026-05-25,2026-06-20,Global,SYNTHETIC / DEMO ONLY. This record is safe educational data and is not evidence of a real attack.,Initial Access,Phishing,,CAMP-36,2026-05-25
THR-2026-1717,2026-10-05T00:00:00,Synthetic Account Security Observation 1717,ACCOUNT SECURITY,CVE ID,CVE-2026-2717,Research Report,85,HIGH,68,MONITORING,2026-10-02,2026-10-05,Demo,SYNTHETIC / DEMO ONLY. This record is safe educational data and is not evidence of a real attack.,Exfiltration,Exfiltration Over Web Service,CVE-2026-2717,CAMP-37,2026-10-02
THR-2026-1718,2026-07-18T00:00:00,Synthetic Data Exposure Observation 1718,DATA EXPOSURE,URL,https://demo.invalid/threat/1718,Unknown Source,50,HIGH,59,NEW,2026-07-08,2026-07-18,Global,SYNTHETIC / DEMO ONLY. This record is safe educational data and is not evidence of a real attack.,, ,,CAMP-38,2026-07-08
THR-2026-1719,2026-01-19T00:00:00,Synthetic Web Threats Observation 1719,WEB THREATS,IP ADDRESS,203.0.113.196,Security Vendor,69,LOW,56,MONITORING,2026-01-02,2026-01-19,IN,SYNTHETIC / DEMO ONLY. This record is safe educational data and is not evidence of a real attack.,Command and Control,Application Layer Protocol,,CAMP-39,2026-01-02
THR-2026-1720,2026-02-11T00:00:00,Synthetic Ransomware Observation 1720,RANSOMWARE,IP ADDRESS,198.51.100.197,Internal SOC,57,HIGH,59,FALSE_POSITIVE,2026-02-06,2026-02-11,Demo,SYNTHETIC / DEMO ONLY. This record is safe educational data and is not evidence of a real attack.,Impact,Data Encrypted for Impact,,CAMP-00,2026-02-06
THR-2026-1721,2026-04-30T00:00:00,Synthetic Data Exposure Observation 1721,DATA EXPOSURE,DOMAIN,example.net,Community Submission,79,MEDIUM,57,FALSE_POSITIVE,2026-04-20,2026-04-30,US,SYNTHETIC / DEMO ONLY. This record is safe educational data and is not evidence of a real attack.,, ,,CAMP-01,2026-04-20
THR-2026-1722,2026-09-10T00:00:00,Synthetic Vulnerability Exposure Observation 1722,VULNERABILITY EXPOSURE,EMAIL/SENDER DOMAIN,alerts.example.net,Security Vendor,78,CRITICAL,76,CLOSED,2026-08-26,2026-09-10,Global,SYNTHETIC / DEMO ONLY. This record is safe educational data and is not evidence of a real attack.,Exfiltration,Exfiltration Over Web Service,,CAMP-02,2026-08-26
THR-2026-1723,2026-06-02T00:00:00,Synthetic Phishing Observation 1723,PHISHING,IP ADDRESS,192.0.2.200,Internal SOC,59,HIGH,73,NEW,2026-05-20,2026-06-02,Demo,SYNTHETIC / DEMO ONLY. This record is safe educational data and is not evidence of a real attack.,, ,,CAMP-03,2026-05-20
THR-2026-1724,2026-02-09T00:00:00,Synthetic Account Security Observation 1724,ACCOUNT SECURITY,FILE HASH,54909f37e2bfc377f554b740cad0e038436e5262dd664d444aeeb5fcf0243eac,Community Submission,69,MEDIUM,68,MONITORING,2026-01-11,2026-02-09,Global,SYNTHETIC / DEMO ONLY. This record is safe educational data and is not evidence of a real attack.,Impact,Data Encrypted for Impact,,CAMP-04,2026-01-11
THR-2026-1725,2026-03-26T00:00:00,Synthetic Phishing Observation 1725,PHISHING,DOMAIN,example.com,Research Report,47,LOW,47,NEW,2026-03-12,2026-03-26,IN,SYNTHETIC / DEMO ONLY. This record is safe educational data and is not evidence of a real attack.,Discovery,Network Service Scanning,,CAMP-05,2026-03-12
THR-2026-1726,2026-07-29T00:00:00,Synthetic Malware Observation 1726,MALWARE,IP ADDRESS,203.0.113.203,Public Threat Feed,67,HIGH,71,UNDER_REVIEW,2026-07-12,2026-07-29,EU,SYNTHETIC / DEMO ONLY. This record is safe educational data and is not evidence of a real attack.,Exfiltration,Exfiltration Over Web Service,,CAMP-06,2026-07-12
THR-2026-1727,2026-09-11T00:00:00,Synthetic Phishing Observation 1727,PHISHING,URL,https://demo.invalid/threat/1727,Internal SOC,62,HIGH,57,CLOSED,2026-09-03,2026-09-11,Global,SYNTHETIC / DEMO ONLY. This record is safe educational data and is not evidence of a real attack.,Initial Access,Phishing,,CAMP-07,2026-09-03
THR-2026-1728,2026-04-09T00:00:00,Synthetic Malware Observation 1728,MALWARE,URL,https://demo.invalid/threat/1728,Community Submission,87,HIGH,76,NEW,2026-03-11,2026-04-09,Demo,SYNTHETIC / DEMO ONLY. This record is safe educational data and is not evidence of a real attack.,Discovery,Network Service Scanning,,CAMP-08,2026-03-11
THR-2026-1729,2026-03-20T00:00:00,Synthetic Data Exposure Observation 1729,DATA EXPOSURE,FILE HASH,3580af8aa8fe8b7906027411174b8041e6d1124a0e510369a89ce33d7166e290,Research Report,68,MEDIUM,62,UNDER_REVIEW,2026-03-15,2026-03-20,IN,SYNTHETIC / DEMO ONLY. This record is safe educational data and is not evidence of a real attack.,Impact,Data Encrypted for Impact,,CAMP-09,2026-03-15
THR-2026-1730,2026-09-09T00:00:00,Synthetic Ransomware Observation 1730,RANSOMWARE,DOMAIN,example.org,Internal SOC,67,HIGH,77,FALSE_POSITIVE,2026-08-21,2026-09-09,IN,SYNTHETIC / DEMO ONLY. This record is safe educational data and is not evidence of a real attack.,Credential Access,Valid Accounts,,CAMP-10,2026-08-21
THR-2026-1731,2026-05-23T00:00:00,Synthetic Vulnerability Exposure Observation 1731,VULNERABILITY EXPOSURE,URL,https://demo.invalid/threat/1731,Community Submission,70,INFORMATIONAL,57,UNDER_REVIEW,2026-05-16,2026-05-23,IN,SYNTHETIC / DEMO ONLY. This record is safe educational data and is not evidence of a real attack.,Credential Access,Valid Accounts,,CAMP-11,2026-05-16
THR-2026-1732,2026-01-22T00:00:00,Synthetic Web Threats Observation 1732,WEB THREATS,DOMAIN,demo.invalid,Unknown Source,73,MEDIUM,64,UNDER_REVIEW,2026-01-10,2026-01-22,Demo,SYNTHETIC / DEMO ONLY. This record is safe educational data and is not evidence of a real attack.,Impact,Data Encrypted for Impact,,CAMP-12,2026-01-10
THR-2026-1733,2026-06-05T00:00:00,Synthetic Data Exposure Observation 1733,DATA EXPOSURE,EMAIL/SENDER DOMAIN,mail.example.org,Research Report,84,CRITICAL,75,FALSE_POSITIVE,2026-05-11,2026-06-05,Global,SYNTHETIC / DEMO ONLY. This record is safe educational data and is not evidence of a real attack.,Credential Access,Valid Accounts,,CAMP-13,2026-05-11
THR-2026-1734,2026-01-25T00:00:00,Synthetic Malware Observation 1734,MALWARE,FILE HASH,b76abcf291ddcfe1cf67c2a04b37f2f17dfe6ee58340fdafb9335d7a746ae7df,Internal SOC,74,HIGH,74,MONITORING,2026-01-11,2026-01-25,US,SYNTHETIC / DEMO ONLY. This record is safe educational data and is not evidence of a real attack.,Command and Control,Application Layer Protocol,,CAMP-14,2026-01-11
THR-2026-1735,2026-09-18T00:00:00,Synthetic Vulnerability Exposure Observation 1735,VULNERABILITY EXPOSURE,EMAIL/SENDER DOMAIN,alerts.example.net,Internal SOC,52,CRITICAL,67,NEW,2026-09-13,2026-09-18,US,SYNTHETIC / DEMO ONLY. This record is safe educational data and is not evidence of a real attack.,Impact,Data Encrypted for Impact,,CAMP-15,2026-09-13
THR-2026-1736,2026-05-14T00:00:00,Synthetic Social Engineering Observation 1736,SOCIAL ENGINEERING,DOMAIN,example.com,Research Report,55,HIGH,66,NEW,2026-04-28,2026-05-14,IN,SYNTHETIC / DEMO ONLY. This record is safe educational data and is not evidence of a real attack.,Credential Access,Valid Accounts,,CAMP-16,2026-04-28
THR-2026-1737,2026-05-14T00:00:00,Synthetic Account Security Observation 1737,ACCOUNT SECURITY,IP ADDRESS,198.51.100.214,Research Report,82,HIGH,65,CLOSED,2026-05-04,2026-05-14,IN,SYNTHETIC / DEMO ONLY. This record is safe educational data and is not evidence of a real attack.,Discovery,Network Service Scanning,,CAMP-17,2026-05-04
THR-2026-1738,2026-08-16T00:00:00,Synthetic Network Threats Observation 1738,NETWORK THREATS,DOMAIN,demo.invalid,Internal SOC,45,MEDIUM,55,MONITORING,2026-08-10,2026-08-16,EU,SYNTHETIC / DEMO ONLY. This record is safe educational data and is not evidence of a real attack.,Persistence,Account Access Removal,,CAMP-18,2026-08-10
THR-2026-1739,2026-05-04T00:00:00,Synthetic Data Exposure Observation 1739,DATA EXPOSURE,EMAIL/SENDER DOMAIN,mail.example.org,Public Threat Feed,57,LOW,46,CLOSED,2026-04-24,2026-05-04,IN,SYNTHETIC / DEMO ONLY. This record is safe educational data and is not evidence of a real attack.,, ,,CAMP-19,2026-04-24
THR-2026-1740,2026-06-07T00:00:00,Synthetic Social Engineering Observation 1740,SOCIAL ENGINEERING,FILE HASH,88bb2cca451f619accc378059a08dbc18a05e4bd50d7d844817362ff631f1912,Unknown Source,92,LOW,63,NEW,2026-05-12,2026-06-07,Global,SYNTHETIC / DEMO ONLY. This record is safe educational data and is not evidence of a real attack.,Initial Access,Phishing,,CAMP-20,2026-05-12
THR-2026-1741,2026-08-12T00:00:00,Synthetic Web Threats Observation 1741,WEB THREATS,IP ADDRESS,203.0.113.218,Public Threat Feed,71,MEDIUM,64,UNDER_REVIEW,2026-07-25,2026-08-12,Global,SYNTHETIC / DEMO ONLY. This record is safe educational data and is not evidence of a real attack.,Persistence,Account Access Removal,,CAMP-21,2026-07-25
THR-2026-1742,2026-07-20T00:00:00,Synthetic Web Threats Observation 1742,WEB THREATS,IP ADDRESS,192.0.2.219,Security Vendor,52,CRITICAL,70,FALSE_POSITIVE,2026-06-28,2026-07-20,IN,SYNTHETIC / DEMO ONLY. This record is safe educational data and is not evidence of a real attack.,Credential Access,Valid Accounts,,CAMP-22,2026-06-28
THR-2026-1743,2026-09-17T00:00:00,Synthetic Phishing Observation 1743,PHISHING,EMAIL/SENDER DOMAIN,mail.example.org,Unknown Source,48,CRITICAL,73,FALSE_POSITIVE,2026-08-31,2026-09-17,Demo,SYNTHETIC / DEMO ONLY. This record is safe educational data and is not evidence of a real attack.,Persistence,Account Access Removal,,CAMP-23,2026-08-31
THR-2026-1744,2026-02-02T00:00:00,Synthetic Account Security Observation 1744,ACCOUNT SECURITY,CVE ID,CVE-2026-2744,Security Vendor,71,MEDIUM,65,NEW,2026-02-01,2026-02-02,Global,SYNTHETIC / DEMO ONLY. This record is safe educational data and is not evidence of a real attack.,Credential Access,Valid Accounts,CVE-2026-2744,CAMP-24,2026-02-01
THR-2026-1745,2026-08-23T00:00:00,Synthetic Web Threats Observation 1745,WEB THREATS,FILE HASH,9bd0e8730869b4331c51cbff89e2b31e77d184af396f9f785f68a5e6c17f7e2f,Public Threat Feed,89,MEDIUM,60,NEW,2026-08-01,2026-08-23,US,SYNTHETIC / DEMO ONLY. This record is safe educational data and is not evidence of a real attack.,Initial Access,Phishing,,CAMP-25,2026-08-01
THR-2026-1746,2026-09-25T00:00:00,Synthetic Vulnerability Exposure Observation 1746,VULNERABILITY EXPOSURE,DOMAIN,demo.invalid,Public Threat Feed,73,MEDIUM,69,FALSE_POSITIVE,2026-09-20,2026-09-25,Global,SYNTHETIC / DEMO ONLY. This record is safe educational data and is not evidence of a real attack.,Exfiltration,Exfiltration Over Web Service,,CAMP-26,2026-09-20
THR-2026-1747,2026-07-12T00:00:00,Synthetic Web Threats Observation 1747,WEB THREATS,URL,https://demo.invalid/threat/1747,Unknown Source,65,LOW,49,UNDER_REVIEW,2026-07-01,2026-07-12,Demo,SYNTHETIC / DEMO ONLY. This record is safe educational data and is not evidence of a real attack.,Initial Access,Phishing,,CAMP-27,2026-07-01
THR-2026-1748,2026-05-12T00:00:00,Synthetic Web Threats Observation 1748,WEB THREATS,CVE ID,CVE-2026-2748,Unknown Source,45,HIGH,66,MONITORING,2026-04-28,2026-05-12,EU,SYNTHETIC / DEMO ONLY. This record is safe educational data and is not evidence of a real attack.,Persistence,Account Access Removal,CVE-2026-2748,CAMP-28,2026-04-28
THR-2026-1749,2026-04-23T00:00:00,Synthetic Network Threats Observation 1749,NETWORK THREATS,DOMAIN,example.org,Community Submission,60,MEDIUM,57,CLOSED,2026-04-01,2026-04-23,US,SYNTHETIC / DEMO ONLY. This record is safe educational data and is not evidence of a real attack.,Impact,Data Encrypted for Impact,,CAMP-29,2026-04-01
THR-2026-1750,2026-09-26T00:00:00,Synthetic Account Security Observation 1750,ACCOUNT SECURITY,EMAIL/SENDER DOMAIN,mail.example.org,Internal SOC,92,HIGH,73,NEW,2026-09-01,2026-09-26,Global,SYNTHETIC / DEMO ONLY. This record is safe educational data and is not evidence of a real attack.,Impact,Data Encrypted for Impact,,CAMP-30,2026-09-01
THR-2026-1751,2026-09-12T00:00:00,Synthetic Credential Threats Observation 1751,CREDENTIAL THREATS,DOMAIN,example.org,Internal SOC,48,INFORMATIONAL,50,MONITORING,2026-08-16,2026-09-12,Demo,SYNTHETIC / DEMO ONLY. This record is safe educational data and is not evidence of a real attack.,Initial Access,Phishing,,CAMP-31,2026-08-16
THR-2026-1752,2026-07-14T00:00:00,Synthetic Web Threats Observation 1752,WEB THREATS,URL,https://demo.invalid/threat/1752,Research Report,81,CRITICAL,82,UNDER_REVIEW,2026-06-30,2026-07-14,US,SYNTHETIC / DEMO ONLY. This record is safe educational data and is not evidence of a real attack.,Impact,Data Encrypted for Impact,,CAMP-32,2026-06-30
THR-2026-1753,2026-07-11T00:00:00,Synthetic Phishing Observation 1753,PHISHING,URL,https://demo.invalid/threat/1753,Research Report,75,MEDIUM,73,MONITORING,2026-06-30,2026-07-11,IN,SYNTHETIC / DEMO ONLY. This record is safe educational data and is not evidence of a real attack.,Discovery,Network Service Scanning,,CAMP-33,2026-06-30
THR-2026-1754,2026-09-03T00:00:00,Synthetic Vulnerability Exposure Observation 1754,VULNERABILITY EXPOSURE,FILE HASH,d73498be9c91d218e38e7fdd7913f730aea56aeb3a61f60f96760840b70c0ca3,Unknown Source,76,MEDIUM,67,CLOSED,2026-08-23,2026-09-03,Global,SYNTHETIC / DEMO ONLY. This record is safe educational data and is not evidence of a real attack.,Discovery,Network Service Scanning,,CAMP-34,2026-08-23
THR-2026-1755,2026-09-30T00:00:00,Synthetic Network Threats Observation 1755,NETWORK THREATS,EMAIL/SENDER DOMAIN,mail.example.org,Internal SOC,92,MEDIUM,71,FALSE_POSITIVE,2026-09-13,2026-09-30,US,SYNTHETIC / DEMO ONLY. This record is safe educational data and is not evidence of a real attack.,Credential Access,Valid Accounts,,CAMP-35,2026-09-13
THR-2026-1756,2026-02-21T00:00:00,Synthetic Ransomware Observation 1756,RANSOMWARE,DOMAIN,example.org,Public Threat Feed,89,CRITICAL,83,NEW,2026-02-04,2026-02-21,US,SYNTHETIC / DEMO ONLY. This record is safe educational data and is not evidence of a real attack.,Persistence,Account Access Removal,,CAMP-36,2026-02-04
THR-2026-1757,2026-07-05T00:00:00,Synthetic Data Exposure Observation 1757,DATA EXPOSURE,CVE ID,CVE-2026-2757,Community Submission,88,LOW,58,NEW,2026-07-04,2026-07-05,EU,SYNTHETIC / DEMO ONLY. This record is safe educational data and is not evidence of a real attack.,Command and Control,Application Layer Protocol,CVE-2026-2757,CAMP-37,2026-07-04
THR-2026-1758,2026-02-18T00:00:00,Synthetic Web Threats Observation 1758,WEB THREATS,EMAIL/SENDER DOMAIN,mail.example.org,Unknown Source,94,LOW,64,MONITORING,2026-01-20,2026-02-18,EU,SYNTHETIC / DEMO ONLY. This record is safe educational data and is not evidence of a real attack.,, ,,CAMP-38,2026-01-20
THR-2026-1759,2026-05-03T00:00:00,Synthetic Ransomware Observation 1759,RANSOMWARE,FILE HASH,94febb7e15d1a17845fc9b8359cf9ebccc9c27ae4fec10f3b8f6ef0e69468a89,Unknown Source,51,CRITICAL,69,CLOSED,2026-05-01,2026-05-03,EU,SYNTHETIC / DEMO ONLY. This record is safe educational data and is not evidence of a real attack.,, ,,CAMP-39,2026-05-01
THR-2026-1760,2026-06-26T00:00:00,Synthetic Phishing Observation 1760,PHISHING,IP ADDRESS,203.0.113.237,Research Report,84,INFORMATIONAL,44,MONITORING,2026-06-09,2026-06-26,Global,SYNTHETIC / DEMO ONLY. This record is safe educational data and is not evidence of a real attack.,Initial Access,Phishing,,CAMP-00,2026-06-09
THR-2026-1761,2026-05-05T00:00:00,Synthetic Network Threats Observation 1761,NETWORK THREATS,IP ADDRESS,192.0.2.238,Internal SOC,91,HIGH,78,CLOSED,2026-04-29,2026-05-05,US,SYNTHETIC / DEMO ONLY. This record is safe educational data and is not evidence of a real attack.,Command and Control,Application Layer Protocol,,CAMP-01,2026-04-29
THR-2026-1762,2026-05-15T00:00:00,Synthetic Malware Observation 1762,MALWARE,DOMAIN,example.org,Research Report,53,HIGH,72,UNDER_REVIEW,2026-05-11,2026-05-15,EU,SYNTHETIC / DEMO ONLY. This record is safe educational data and is not evidence of a real attack.,Discovery,Network Service Scanning,,CAMP-02,2026-05-11
THR-2026-1763,2026-09-12T00:00:00,Synthetic Social Engineering Observation 1763,SOCIAL ENGINEERING,FILE HASH,12758d1e55a38c77d3d8b5cb8b6607a0cd77c13c040944466ec00bddb719eda2,Internal SOC,48,HIGH,63,NEW,2026-08-24,2026-09-12,IN,SYNTHETIC / DEMO ONLY. This record is safe educational data and is not evidence of a real attack.,Discovery,Network Service Scanning,,CAMP-03,2026-08-24
THR-2026-1764,2026-03-02T00:00:00,Synthetic Credential Threats Observation 1764,CREDENTIAL THREATS,EMAIL/SENDER DOMAIN,alerts.example.net,Public Threat Feed,76,HIGH,72,MONITORING,2026-02-10,2026-03-02,EU,SYNTHETIC / DEMO ONLY. This record is safe educational data and is not evidence of a real attack.,Exfiltration,Exfiltration Over Web Service,,CAMP-04,2026-02-10
THR-2026-1765,2026-05-30T00:00:00,Synthetic Vulnerability Exposure Observation 1765,VULNERABILITY EXPOSURE,FILE HASH,6fa9633bc502df15c8dc598cbd519e1e0e0aee8f378f469ff5742a57130ebdd8,Internal SOC,63,MEDIUM,53,UNDER_REVIEW,2026-05-23,2026-05-30,Demo,SYNTHETIC / DEMO ONLY. This record is safe educational data and is not evidence of a real attack.,Command and Control,Application Layer Protocol,,CAMP-05,2026-05-23
THR-2026-1766,2026-10-20T00:00:00,Synthetic Ransomware Observation 1766,RANSOMWARE,URL,https://demo.invalid/threat/1766,Community Submission,59,LOW,57,NEW,2026-09-25,2026-10-20,Global,SYNTHETIC / DEMO ONLY. This record is safe educational data and is not evidence of a real attack.,Persistence,Account Access Removal,,CAMP-06,2026-09-25
THR-2026-1767,2026-05-13T00:00:00,Synthetic Data Exposure Observation 1767,DATA EXPOSURE,DOMAIN,example.net,Community Submission,73,HIGH,70,MONITORING,2026-05-03,2026-05-13,IN,SYNTHETIC / DEMO ONLY. This record is safe educational data and is not evidence of a real attack.,Command and Control,Application Layer Protocol,,CAMP-07,2026-05-03
THR-2026-1768,2026-03-19T00:00:00,Synthetic Web Threats Observation 1768,WEB THREATS,IP ADDRESS,203.0.113.245,Internal SOC,69,HIGH,75,UNDER_REVIEW,2026-02-21,2026-03-19,Demo,SYNTHETIC / DEMO ONLY. This record is safe educational data and is not evidence of a real attack.,Persistence,Account Access Removal,,CAMP-08,2026-02-21
THR-2026-1769,2026-03-28T00:00:00,Synthetic Web Threats Observation 1769,WEB THREATS,EMAIL/SENDER DOMAIN,alerts.example.net,Public Threat Feed,81,MEDIUM,68,CLOSED,2026-03-16,2026-03-28,EU,SYNTHETIC / DEMO ONLY. This record is safe educational data and is not evidence of a real attack.,Command and Control,Application Layer Protocol,,CAMP-09,2026-03-16
THR-2026-1770,2026-09-23T00:00:00,Synthetic Data Exposure Observation 1770,DATA EXPOSURE,CVE ID,CVE-2026-2770,Public Threat Feed,47,HIGH,64,CLOSED,2026-09-17,2026-09-23,Global,SYNTHETIC / DEMO ONLY. This record is safe educational data and is not evidence of a real attack.,Persistence,Account Access Removal,CVE-2026-2770,CAMP-10,2026-09-17
THR-2026-1771,2026-07-07T00:00:00,Synthetic Malware Observation 1771,MALWARE,URL,https://demo.invalid/threat/1771,Public Threat Feed,62,HIGH,66,NEW,2026-07-01,2026-07-07,IN,SYNTHETIC / DEMO ONLY. This record is safe educational data and is not evidence of a real attack.,Persistence,Account Access Removal,,CAMP-11,2026-07-01
THR-2026-1772,2026-03-03T00:00:00,Synthetic Network Threats Observation 1772,NETWORK THREATS,FILE HASH,12874e008056fd64ef863e9e44031c2975c3577163bb8d732bdcbd5a5630d29d,Security Vendor,76,HIGH,75,CLOSED,2026-02-24,2026-03-03,EU,SYNTHETIC / DEMO ONLY. This record is safe educational data and is not evidence of a real attack.,Impact,Data Encrypted for Impact,,CAMP-12,2026-02-24
THR-2026-1773,2026-01-31T00:00:00,Synthetic Phishing Observation 1773,PHISHING,FILE HASH,2b64ade0313e8edfea60edf46ff272a848c0f00ac26c8ff8df7dc747e9c6ef96,Public Threat Feed,81,LOW,51,NEW,2026-01-27,2026-01-31,EU,SYNTHETIC / DEMO ONLY. This record is safe educational data and is not evidence of a real attack.,, ,,CAMP-13,2026-01-27
THR-2026-1774,2026-08-29T00:00:00,Synthetic Ransomware Observation 1774,RANSOMWARE,EMAIL/SENDER DOMAIN,alerts.example.net,Public Threat Feed,70,HIGH,74,FALSE_POSITIVE,2026-08-10,2026-08-29,IN,SYNTHETIC / DEMO ONLY. This record is safe educational data and is not evidence of a real attack.,Exfiltration,Exfiltration Over Web Service,,CAMP-14,2026-08-10
THR-2026-1775,2026-07-25T00:00:00,Synthetic Phishing Observation 1775,PHISHING,IP ADDRESS,203.0.113.252,Research Report,88,LOW,63,CLOSED,2026-07-17,2026-07-25,IN,SYNTHETIC / DEMO ONLY. This record is safe educational data and is not evidence of a real attack.,Command and Control,Application Layer Protocol,,CAMP-15,2026-07-17
THR-2026-1776,2026-08-25T00:00:00,Synthetic Vulnerability Exposure Observation 1776,VULNERABILITY EXPOSURE,IP ADDRESS,198.51.100.253,Unknown Source,71,MEDIUM,61,NEW,2026-08-04,2026-08-25,Demo,SYNTHETIC / DEMO ONLY. This record is safe educational data and is not evidence of a real attack.,Credential Access,Valid Accounts,,CAMP-16,2026-08-04
THR-2026-1777,2026-08-02T00:00:00,Synthetic Data Exposure Observation 1777,DATA EXPOSURE,EMAIL/SENDER DOMAIN,mail.example.org,Public Threat Feed,85,LOW,54,MONITORING,2026-07-20,2026-08-02,US,SYNTHETIC / DEMO ONLY. This record is safe educational data and is not evidence of a real attack.,Impact,Data Encrypted for Impact,,CAMP-17,2026-07-20
THR-2026-1778,2026-06-04T00:00:00,Synthetic Account Security Observation 1778,ACCOUNT SECURITY,CVE ID,CVE-2026-2778,Public Threat Feed,76,MEDIUM,64,CLOSED,2026-05-11,2026-06-04,Demo,SYNTHETIC / DEMO ONLY. This record is safe educational data and is not evidence of a real attack.,Initial Access,Phishing,CVE-2026-2778,CAMP-18,2026-05-11
THR-2026-1779,2026-02-04T00:00:00,Synthetic Ransomware Observation 1779,RANSOMWARE,DOMAIN,example.net,Public Threat Feed,95,MEDIUM,71,NEW,2026-02-03,2026-02-04,Global,SYNTHETIC / DEMO ONLY. This record is safe educational data and is not evidence of a real attack.,Initial Access,Phishing,,CAMP-19,2026-02-03
THR-2026-1780,2026-01-24T00:00:00,Synthetic Social Engineering Observation 1780,SOCIAL ENGINEERING,CVE ID,CVE-2026-2780,Unknown Source,95,INFORMATIONAL,65,FALSE_POSITIVE,2026-01-08,2026-01-24,EU,SYNTHETIC / DEMO ONLY. This record is safe educational data and is not evidence of a real attack.,Credential Access,Valid Accounts,CVE-2026-2780,CAMP-20,2026-01-08
THR-2026-1781,2026-08-24T00:00:00,Synthetic Data Exposure Observation 1781,DATA EXPOSURE,FILE HASH,baaddd8e19e101eb535e8071464b42651cdd96dd80e3a8e320ee816c3777a17a,Public Threat Feed,51,MEDIUM,53,UNDER_REVIEW,2026-08-02,2026-08-24,Global,SYNTHETIC / DEMO ONLY. This record is safe educational data and is not evidence of a real attack.,Impact,Data Encrypted for Impact,,CAMP-21,2026-08-02
THR-2026-1782,2026-09-13T00:00:00,Synthetic Phishing Observation 1782,PHISHING,FILE HASH,a7d0517f49a047eafdd9553664d14d3c3ea3693df35c96fda77ef81fc9a0bf72,Community Submission,50,LOW,48,NEW,2026-09-03,2026-09-13,EU,SYNTHETIC / DEMO ONLY. This record is safe educational data and is not evidence of a real attack.,Discovery,Network Service Scanning,,CAMP-22,2026-09-03
THR-2026-1783,2026-02-12T00:00:00,Synthetic Social Engineering Observation 1783,SOCIAL ENGINEERING,URL,https://demo.invalid/threat/1783,Research Report,80,HIGH,76,NEW,2026-01-19,2026-02-12,IN,SYNTHETIC / DEMO ONLY. This record is safe educational data and is not evidence of a real attack.,Initial Access,Phishing,,CAMP-23,2026-01-19
THR-2026-1784,2026-06-10T00:00:00,Synthetic Network Threats Observation 1784,NETWORK THREATS,DOMAIN,demo.invalid,Research Report,93,CRITICAL,90,UNDER_REVIEW,2026-06-07,2026-06-10,IN,SYNTHETIC / DEMO ONLY. This record is safe educational data and is not evidence of a real attack.,Exfiltration,Exfiltration Over Web Service,,CAMP-24,2026-06-07
THR-2026-1785,2026-09-23T00:00:00,Synthetic Ransomware Observation 1785,RANSOMWARE,DOMAIN,demo.invalid,Security Vendor,98,MEDIUM,61,MONITORING,2026-09-05,2026-09-23,US,SYNTHETIC / DEMO ONLY. This record is safe educational data and is not evidence of a real attack.,Command and Control,Application Layer Protocol,,CAMP-25,2026-09-05
THR-2026-1786,2026-01-22T00:00:00,Synthetic Phishing Observation 1786,PHISHING,IP ADDRESS,203.0.113.9,Security Vendor,62,HIGH,67,NEW,2026-01-11,2026-01-22,US,SYNTHETIC / DEMO ONLY. This record is safe educational data and is not evidence of a real attack.,Initial Access,Phishing,,CAMP-26,2026-01-11
THR-2026-1787,2026-06-28T00:00:00,Synthetic Web Threats Observation 1787,WEB THREATS,DOMAIN,demo.invalid,Public Threat Feed,67,MEDIUM,64,UNDER_REVIEW,2026-06-22,2026-06-28,US,SYNTHETIC / DEMO ONLY. This record is safe educational data and is not evidence of a real attack.,Persistence,Account Access Removal,,CAMP-27,2026-06-22
THR-2026-1788,2026-09-20T00:00:00,Synthetic Phishing Observation 1788,PHISHING,FILE HASH,a720daa0643f4acf371083874c161a381376bc30717d3c1cf62a61045f4de9fe,Community Submission,67,HIGH,76,CLOSED,2026-09-19,2026-09-20,IN,SYNTHETIC / DEMO ONLY. This record is safe educational data and is not evidence of a real attack.,Discovery,Network Service Scanning,,CAMP-28,2026-09-19
THR-2026-1789,2026-02-23T00:00:00,Synthetic Data Exposure Observation 1789,DATA EXPOSURE,URL,https://demo.invalid/threat/1789,Unknown Source,71,HIGH,74,NEW,2026-02-12,2026-02-23,US,SYNTHETIC / DEMO ONLY. This record is safe educational data and is not evidence of a real attack.,Initial Access,Phishing,,CAMP-29,2026-02-12
THR-2026-1790,2026-06-02T00:00:00,Synthetic Web Threats Observation 1790,WEB THREATS,EMAIL/SENDER DOMAIN,alerts.example.net,Internal SOC,79,INFORMATIONAL,50,UNDER_REVIEW,2026-05-12,2026-06-02,US,SYNTHETIC / DEMO ONLY. This record is safe educational data and is not evidence of a real attack.,Initial Access,Phishing,,CAMP-30,2026-05-12
THR-2026-1791,2026-04-25T00:00:00,Synthetic Malware Observation 1791,MALWARE,FILE HASH,c455669021d4bee26e74931303abd0d3dc8f2dc87b09c46694033b53f4220f2a,Public Threat Feed,56,MEDIUM,66,NEW,2026-04-06,2026-04-25,EU,SYNTHETIC / DEMO ONLY. This record is safe educational data and is not evidence of a real attack.,, ,,CAMP-31,2026-04-06
THR-2026-1792,2026-02-19T00:00:00,Synthetic Web Threats Observation 1792,WEB THREATS,IP ADDRESS,198.51.100.15,Unknown Source,54,HIGH,64,UNDER_REVIEW,2026-01-29,2026-02-19,EU,SYNTHETIC / DEMO ONLY. This record is safe educational data and is not evidence of a real attack.,Initial Access,Phishing,,CAMP-32,2026-01-29
THR-2026-1793,2026-08-15T00:00:00,Synthetic Vulnerability Exposure Observation 1793,VULNERABILITY EXPOSURE,URL,https://demo.invalid/threat/1793,Unknown Source,60,LOW,43,CLOSED,2026-08-11,2026-08-15,US,SYNTHETIC / DEMO ONLY. This record is safe educational data and is not evidence of a real attack.,Credential Access,Valid Accounts,,CAMP-33,2026-08-11
THR-2026-1794,2026-09-25T00:00:00,Synthetic Credential Threats Observation 1794,CREDENTIAL THREATS,IP ADDRESS,198.51.100.17,Unknown Source,74,HIGH,73,FALSE_POSITIVE,2026-08-27,2026-09-25,Demo,SYNTHETIC / DEMO ONLY. This record is safe educational data and is not evidence of a real attack.,Command and Control,Application Layer Protocol,,CAMP-34,2026-08-27
THR-2026-1795,2026-08-19T00:00:00,Synthetic Vulnerability Exposure Observation 1795,VULNERABILITY EXPOSURE,IP ADDRESS,192.0.2.18,Research Report,98,INFORMATIONAL,52,CLOSED,2026-08-09,2026-08-19,US,SYNTHETIC / DEMO ONLY. This record is safe educational data and is not evidence of a real attack.,Exfiltration,Exfiltration Over Web Service,,CAMP-35,2026-08-09
THR-2026-1796,2026-07-02T00:00:00,Synthetic Phishing Observation 1796,PHISHING,URL,https://demo.invalid/threat/1796,Public Threat Feed,64,MEDIUM,62,FALSE_POSITIVE,2026-06-29,2026-07-02,Demo,SYNTHETIC / DEMO ONLY. This record is safe educational data and is not evidence of a real attack.,Exfiltration,Exfiltration Over Web Service,,CAMP-36,2026-06-29
THR-2026-1797,2026-10-07T00:00:00,Synthetic Vulnerability Exposure Observation 1797,VULNERABILITY EXPOSURE,EMAIL/SENDER DOMAIN,alerts.example.net,Community Submission,65,MEDIUM,71,FALSE_POSITIVE,2026-09-16,2026-10-07,IN,SYNTHETIC / DEMO ONLY. This record is safe educational data and is not evidence of a real attack.,Exfiltration,Exfiltration Over Web Service,,CAMP-37,2026-09-16
THR-2026-1798,2026-03-04T00:00:00,Synthetic Ransomware Observation 1798,RANSOMWARE,CVE ID,CVE-2026-2798,Community Submission,49,LOW,52,NEW,2026-02-04,2026-03-04,IN,SYNTHETIC / DEMO ONLY. This record is safe educational data and is not evidence of a real attack.,Exfiltration,Exfiltration Over Web Service,CVE-2026-2798,CAMP-38,2026-02-04
THR-2026-1799,2026-04-22T00:00:00,Synthetic Social Engineering Observation 1799,SOCIAL ENGINEERING,IP ADDRESS,192.0.2.22,Unknown Source,84,HIGH,72,UNDER_REVIEW,2026-04-12,2026-04-22,EU,SYNTHETIC / DEMO ONLY. This record is safe educational data and is not evidence of a real attack.,, ,,CAMP-39,2026-04-12
THR-2026-1800,2026-07-08T00:00:00,Synthetic Ransomware Observation 1800,RANSOMWARE,EMAIL/SENDER DOMAIN,mail.example.org,Internal SOC,47,LOW,40,MONITORING,2026-06-25,2026-07-08,Demo,SYNTHETIC / DEMO ONLY. This record is safe educational data and is not evidence of a real attack.,Exfiltration,Exfiltration Over Web Service,,CAMP-00,2026-06-25
THR-2026-1801,2026-01-05T00:00:00,Synthetic Phishing Observation 1801,PHISHING,IP ADDRESS,192.0.2.24,Research Report,46,LOW,57,UNDER_REVIEW,2026-01-02,2026-01-05,US,SYNTHETIC / DEMO ONLY. This record is safe educational data and is not evidence of a real attack.,, ,,CAMP-01,2026-01-02
THR-2026-1802,2026-05-26T00:00:00,Synthetic Phishing Observation 1802,PHISHING,URL,https://demo.invalid/threat/1802,Community Submission,95,LOW,67,NEW,2026-05-14,2026-05-26,Global,SYNTHETIC / DEMO ONLY. This record is safe educational data and is not evidence of a real attack.,Exfiltration,Exfiltration Over Web Service,,CAMP-02,2026-05-14
THR-2026-1803,2026-07-08T00:00:00,Synthetic Social Engineering Observation 1803,SOCIAL ENGINEERING,EMAIL/SENDER DOMAIN,mail.example.org,Unknown Source,48,LOW,51,NEW,2026-06-09,2026-07-08,Global,SYNTHETIC / DEMO ONLY. This record is safe educational data and is not evidence of a real attack.,Credential Access,Valid Accounts,,CAMP-03,2026-06-09
THR-2026-1804,2026-05-28T00:00:00,Synthetic Network Threats Observation 1804,NETWORK THREATS,EMAIL/SENDER DOMAIN,mail.example.org,Community Submission,52,HIGH,66,CLOSED,2026-05-16,2026-05-28,Demo,SYNTHETIC / DEMO ONLY. This record is safe educational data and is not evidence of a real attack.,Persistence,Account Access Removal,,CAMP-04,2026-05-16
THR-2026-1805,2026-08-29T00:00:00,Synthetic Social Engineering Observation 1805,SOCIAL ENGINEERING,URL,https://demo.invalid/threat/1805,Research Report,69,HIGH,67,NEW,2026-08-14,2026-08-29,US,SYNTHETIC / DEMO ONLY. This record is safe educational data and is not evidence of a real attack.,Exfiltration,Exfiltration Over Web Service,,CAMP-05,2026-08-14
THR-2026-1806,2026-10-18T00:00:00,Synthetic Malware Observation 1806,MALWARE,DOMAIN,example.org,Research Report,82,MEDIUM,63,NEW,2026-10-08,2026-10-18,IN,SYNTHETIC / DEMO ONLY. This record is safe educational data and is not evidence of a real attack.,Exfiltration,Exfiltration Over Web Service,,CAMP-06,2026-10-08
THR-2026-1807,2026-10-09T00:00:00,Synthetic Malware Observation 1807,MALWARE,EMAIL/SENDER DOMAIN,alerts.example.net,Community Submission,75,HIGH,78,UNDER_REVIEW,2026-09-14,2026-10-09,US,SYNTHETIC / DEMO ONLY. This record is safe educational data and is not evidence of a real attack.,Discovery,Network Service Scanning,,CAMP-07,2026-09-14
THR-2026-1808,2026-06-23T00:00:00,Synthetic Web Threats Observation 1808,WEB THREATS,EMAIL/SENDER DOMAIN,alerts.example.net,Security Vendor,72,MEDIUM,69,NEW,2026-06-21,2026-06-23,IN,SYNTHETIC / DEMO ONLY. This record is safe educational data and is not evidence of a real attack.,Discovery,Network Service Scanning,,CAMP-08,2026-06-21
THR-2026-1809,2026-02-23T00:00:00,Synthetic Web Threats Observation 1809,WEB THREATS,URL,https://demo.invalid/threat/1809,Internal SOC,65,MEDIUM,61,UNDER_REVIEW,2026-02-14,2026-02-23,EU,SYNTHETIC / DEMO ONLY. This record is safe educational data and is not evidence of a real attack.,Discovery,Network Service Scanning,,CAMP-09,2026-02-14
THR-2026-1810,2026-09-17T00:00:00,Synthetic Ransomware Observation 1810,RANSOMWARE,CVE ID,CVE-2026-2810,Security Vendor,73,MEDIUM,62,UNDER_REVIEW,2026-08-20,2026-09-17,EU,SYNTHETIC / DEMO ONLY. This record is safe educational data and is not evidence of a real attack.,Persistence,Account Access Removal,CVE-2026-2810,CAMP-10,2026-08-20
THR-2026-1811,2026-09-18T00:00:00,Synthetic Credential Threats Observation 1811,CREDENTIAL THREATS,DOMAIN,example.org,Community Submission,59,HIGH,71,MONITORING,2026-08-30,2026-09-18,EU,SYNTHETIC / DEMO ONLY. This record is safe educational data and is not evidence of a real attack.,, ,,CAMP-11,2026-08-30
THR-2026-1812,2026-04-03T00:00:00,Synthetic Ransomware Observation 1812,RANSOMWARE,CVE ID,CVE-2026-2812,Research Report,60,CRITICAL,76,CLOSED,2026-03-05,2026-04-03,Demo,SYNTHETIC / DEMO ONLY. This record is safe educational data and is not evidence of a real attack.,Exfiltration,Exfiltration Over Web Service,CVE-2026-2812,CAMP-12,2026-03-05
THR-2026-1813,2026-07-14T00:00:00,Synthetic Social Engineering Observation 1813,SOCIAL ENGINEERING,FILE HASH,806e7c87854cb51076bdda3589b41d6e33fb936652800a66789d9be8442d3e0f,Internal SOC,75,HIGH,76,MONITORING,2026-07-12,2026-07-14,EU,SYNTHETIC / DEMO ONLY. This record is safe educational data and is not evidence of a real attack.,, ,,CAMP-13,2026-07-12
THR-2026-1814,2026-09-20T00:00:00,Synthetic Account Security Observation 1814,ACCOUNT SECURITY,EMAIL/SENDER DOMAIN,mail.example.org,Community Submission,59,HIGH,59,CLOSED,2026-09-01,2026-09-20,US,SYNTHETIC / DEMO ONLY. This record is safe educational data and is not evidence of a real attack.,Credential Access,Valid Accounts,,CAMP-14,2026-09-01
THR-2026-1815,2026-06-27T00:00:00,Synthetic Vulnerability Exposure Observation 1815,VULNERABILITY EXPOSURE,URL,https://demo.invalid/threat/1815,Research Report,59,HIGH,73,UNDER_REVIEW,2026-06-21,2026-06-27,Global,SYNTHETIC / DEMO ONLY. This record is safe educational data and is not evidence of a real attack.,Persistence,Account Access Removal,,CAMP-15,2026-06-21
THR-2026-1816,2026-07-22T00:00:00,Synthetic Credential Threats Observation 1816,CREDENTIAL THREATS,IP ADDRESS,203.0.113.39,Research Report,66,MEDIUM,70,MONITORING,2026-06-30,2026-07-22,US,SYNTHETIC / DEMO ONLY. This record is safe educational data and is not evidence of a real attack.,Credential Access,Valid Accounts,,CAMP-16,2026-06-30
THR-2026-1817,2026-07-22T00:00:00,Synthetic Social Engineering Observation 1817,SOCIAL ENGINEERING,EMAIL/SENDER DOMAIN,mail.example.org,Public Threat Feed,81,LOW,62,MONITORING,2026-06-29,2026-07-22,EU,SYNTHETIC / DEMO ONLY. This record is safe educational data and is not evidence of a real attack.,Discovery,Network Service Scanning,,CAMP-17,2026-06-29
THR-2026-1818,2026-08-04T00:00:00,Synthetic Ransomware Observation 1818,RANSOMWARE,CVE ID,CVE-2026-2818,Security Vendor,98,MEDIUM,79,UNDER_REVIEW,2026-07-19,2026-08-04,Global,SYNTHETIC / DEMO ONLY. This record is safe educational data and is not evidence of a real attack.,Command and Control,Application Layer Protocol,CVE-2026-2818,CAMP-18,2026-07-19
THR-2026-1819,2026-06-28T00:00:00,Synthetic Network Threats Observation 1819,NETWORK THREATS,EMAIL/SENDER DOMAIN,mail.example.org,Community Submission,81,MEDIUM,65,UNDER_REVIEW,2026-06-22,2026-06-28,US,SYNTHETIC / DEMO ONLY. This record is safe educational data and is not evidence of a real attack.,Initial Access,Phishing,,CAMP-19,2026-06-22
THR-2026-1820,2026-10-31T00:00:00,Synthetic Account Security Observation 1820,ACCOUNT SECURITY,URL,https://demo.invalid/threat/1820,Unknown Source,49,LOW,58,FALSE_POSITIVE,2026-10-01,2026-10-31,US,SYNTHETIC / DEMO ONLY. This record is safe educational data and is not evidence of a real attack.,Exfiltration,Exfiltration Over Web Service,,CAMP-20,2026-10-01
THR-2026-1821,2026-10-08T00:00:00,Synthetic Social Engineering Observation 1821,SOCIAL ENGINEERING,DOMAIN,example.net,Community Submission,53,MEDIUM,56,MONITORING,2026-09-21,2026-10-08,Global,SYNTHETIC / DEMO ONLY. This record is safe educational data and is not evidence of a real attack.,Initial Access,Phishing,,CAMP-21,2026-09-21
THR-2026-1822,2026-06-20T00:00:00,Synthetic Web Threats Observation 1822,WEB THREATS,EMAIL/SENDER DOMAIN,alerts.example.net,Unknown Source,93,MEDIUM,68,FALSE_POSITIVE,2026-06-06,2026-06-20,EU,SYNTHETIC / DEMO ONLY. This record is safe educational data and is not evidence of a real attack.,Command and Control,Application Layer Protocol,,CAMP-22,2026-06-06
THR-2026-1823,2026-08-31T00:00:00,Synthetic Phishing Observation 1823,PHISHING,URL,https://demo.invalid/threat/1823,Community Submission,88,CRITICAL,87,UNDER_REVIEW,2026-08-09,2026-08-31,Global,SYNTHETIC / DEMO ONLY. This record is safe educational data and is not evidence of a real attack.,, ,,CAMP-23,2026-08-09
THR-2026-1824,2026-04-21T00:00:00,Synthetic Social Engineering Observation 1824,SOCIAL ENGINEERING,DOMAIN,demo.invalid,Internal SOC,86,MEDIUM,61,FALSE_POSITIVE,2026-04-17,2026-04-21,IN,SYNTHETIC / DEMO ONLY. This record is safe educational data and is not evidence of a real attack.,Command and Control,Application Layer Protocol,,CAMP-24,2026-04-17
THR-2026-1825,2026-04-15T00:00:00,Synthetic Account Security Observation 1825,ACCOUNT SECURITY,DOMAIN,example.com,Security Vendor,69,MEDIUM,51,MONITORING,2026-03-25,2026-04-15,EU,SYNTHETIC / DEMO ONLY. This record is safe educational data and is not evidence of a real attack.,Exfiltration,Exfiltration Over Web Service,,CAMP-25,2026-03-25
THR-2026-1826,2026-07-13T00:00:00,Synthetic Vulnerability Exposure Observation 1826,VULNERABILITY EXPOSURE,CVE ID,CVE-2026-2826,Community Submission,62,INFORMATIONAL,46,FALSE_POSITIVE,2026-07-09,2026-07-13,IN,SYNTHETIC / DEMO ONLY. This record is safe educational data and is not evidence of a real attack.,Command and Control,Application Layer Protocol,CVE-2026-2826,CAMP-26,2026-07-09
THR-2026-1827,2026-01-26T00:00:00,Synthetic Vulnerability Exposure Observation 1827,VULNERABILITY EXPOSURE,URL,https://demo.invalid/threat/1827,Public Threat Feed,91,LOW,66,CLOSED,2026-01-19,2026-01-26,EU,SYNTHETIC / DEMO ONLY. This record is safe educational data and is not evidence of a real attack.,, ,,CAMP-27,2026-01-19
THR-2026-1828,2026-07-22T00:00:00,Synthetic Web Threats Observation 1828,WEB THREATS,DOMAIN,example.com,Unknown Source,73,HIGH,81,MONITORING,2026-07-11,2026-07-22,IN,SYNTHETIC / DEMO ONLY. This record is safe educational data and is not evidence of a real attack.,Command and Control,Application Layer Protocol,,CAMP-28,2026-07-11
THR-2026-1829,2026-06-04T00:00:00,Synthetic Credential Threats Observation 1829,CREDENTIAL THREATS,URL,https://demo.invalid/threat/1829,Unknown Source,98,LOW,70,NEW,2026-05-23,2026-06-04,Demo,SYNTHETIC / DEMO ONLY. This record is safe educational data and is not evidence of a real attack.,Exfiltration,Exfiltration Over Web Service,,CAMP-29,2026-05-23
THR-2026-1830,2026-03-17T00:00:00,Synthetic Phishing Observation 1830,PHISHING,IP ADDRESS,198.51.100.53,Security Vendor,86,INFORMATIONAL,58,NEW,2026-03-03,2026-03-17,Demo,SYNTHETIC / DEMO ONLY. This record is safe educational data and is not evidence of a real attack.,Impact,Data Encrypted for Impact,,CAMP-30,2026-03-03
THR-2026-1831,2026-06-10T00:00:00,Synthetic Web Threats Observation 1831,WEB THREATS,EMAIL/SENDER DOMAIN,alerts.example.net,Public Threat Feed,58,HIGH,61,FALSE_POSITIVE,2026-05-23,2026-06-10,EU,SYNTHETIC / DEMO ONLY. This record is safe educational data and is not evidence of a real attack.,Persistence,Account Access Removal,,CAMP-31,2026-05-23
THR-2026-1832,2026-08-12T00:00:00,Synthetic Ransomware Observation 1832,RANSOMWARE,EMAIL/SENDER DOMAIN,alerts.example.net,Internal SOC,65,INFORMATIONAL,46,NEW,2026-07-21,2026-08-12,US,SYNTHETIC / DEMO ONLY. This record is safe educational data and is not evidence of a real attack.,Initial Access,Phishing,,CAMP-32,2026-07-21
THR-2026-1833,2026-04-13T00:00:00,Synthetic Ransomware Observation 1833,RANSOMWARE,EMAIL/SENDER DOMAIN,mail.example.org,Unknown Source,46,CRITICAL,71,FALSE_POSITIVE,2026-03-28,2026-04-13,IN,SYNTHETIC / DEMO ONLY. This record is safe educational data and is not evidence of a real attack.,Persistence,Account Access Removal,,CAMP-33,2026-03-28
THR-2026-1834,2026-09-24T00:00:00,Synthetic Web Threats Observation 1834,WEB THREATS,DOMAIN,example.net,Unknown Source,51,CRITICAL,68,MONITORING,2026-08-27,2026-09-24,US,SYNTHETIC / DEMO ONLY. This record is safe educational data and is not evidence of a real attack.,Discovery,Network Service Scanning,,CAMP-34,2026-08-27
THR-2026-1835,2026-08-08T00:00:00,Synthetic Phishing Observation 1835,PHISHING,CVE ID,CVE-2026-2835,Unknown Source,90,MEDIUM,69,NEW,2026-07-18,2026-08-08,IN,SYNTHETIC / DEMO ONLY. This record is safe educational data and is not evidence of a real attack.,Impact,Data Encrypted for Impact,CVE-2026-2835,CAMP-35,2026-07-18
THR-2026-1836,2026-08-21T00:00:00,Synthetic Vulnerability Exposure Observation 1836,VULNERABILITY EXPOSURE,URL,https://demo.invalid/threat/1836,Security Vendor,81,HIGH,62,CLOSED,2026-07-24,2026-08-21,Global,SYNTHETIC / DEMO ONLY. This record is safe educational data and is not evidence of a real attack.,Exfiltration,Exfiltration Over Web Service,,CAMP-36,2026-07-24
THR-2026-1837,2026-05-02T00:00:00,Synthetic Credential Threats Observation 1837,CREDENTIAL THREATS,FILE HASH,73bac428fa475e1b63871aa9a6b36beb08df466a5b6600e1c9b98e53847014b0,Unknown Source,92,HIGH,79,NEW,2026-04-25,2026-05-02,Demo,SYNTHETIC / DEMO ONLY. This record is safe educational data and is not evidence of a real attack.,Command and Control,Application Layer Protocol,,CAMP-37,2026-04-25
THR-2026-1838,2026-07-26T00:00:00,Synthetic Social Engineering Observation 1838,SOCIAL ENGINEERING,IP ADDRESS,198.51.100.61,Internal SOC,47,CRITICAL,72,NEW,2026-07-23,2026-07-26,Global,SYNTHETIC / DEMO ONLY. This record is safe educational data and is not evidence of a real attack.,Impact,Data Encrypted for Impact,,CAMP-38,2026-07-23
THR-2026-1839,2026-07-05T00:00:00,Synthetic Data Exposure Observation 1839,DATA EXPOSURE,FILE HASH,de9469995311840886217d4f98fe4d70fff0e53f3a1bb511b9b6697459be6309,Community Submission,66,CRITICAL,72,FALSE_POSITIVE,2026-07-01,2026-07-05,Demo,SYNTHETIC / DEMO ONLY. This record is safe educational data and is not evidence of a real attack.,, ,,CAMP-39,2026-07-01
THR-2026-1840,2026-10-05T00:00:00,Synthetic Data Exposure Observation 1840,DATA EXPOSURE,CVE ID,CVE-2026-2840,Research Report,45,LOW,52,CLOSED,2026-09-05,2026-10-05,Global,SYNTHETIC / DEMO ONLY. This record is safe educational data and is not evidence of a real attack.,Initial Access,Phishing,CVE-2026-2840,CAMP-00,2026-09-05
THR-2026-1841,2026-02-20T00:00:00,Synthetic Ransomware Observation 1841,RANSOMWARE,URL,https://demo.invalid/threat/1841,Internal SOC,72,MEDIUM,56,CLOSED,2026-02-16,2026-02-20,US,SYNTHETIC / DEMO ONLY. This record is safe educational data and is not evidence of a real attack.,, ,,CAMP-01,2026-02-16
THR-2026-1842,2026-08-20T00:00:00,Synthetic Credential Threats Observation 1842,CREDENTIAL THREATS,URL,https://demo.invalid/threat/1842,Unknown Source,55,HIGH,60,NEW,2026-08-17,2026-08-20,IN,SYNTHETIC / DEMO ONLY. This record is safe educational data and is not evidence of a real attack.,Command and Control,Application Layer Protocol,,CAMP-02,2026-08-17
THR-2026-1843,2026-05-05T00:00:00,Synthetic Vulnerability Exposure Observation 1843,VULNERABILITY EXPOSURE,URL,https://demo.invalid/threat/1843,Research Report,73,MEDIUM,64,MONITORING,2026-05-04,2026-05-05,Demo,SYNTHETIC / DEMO ONLY. This record is safe educational data and is not evidence of a real attack.,Initial Access,Phishing,,CAMP-03,2026-05-04
THR-2026-1844,2026-03-25T00:00:00,Synthetic Web Threats Observation 1844,WEB THREATS,URL,https://demo.invalid/threat/1844,Research Report,67,HIGH,58,CLOSED,2026-03-23,2026-03-25,Global,SYNTHETIC / DEMO ONLY. This record is safe educational data and is not evidence of a real attack.,, ,,CAMP-04,2026-03-23
THR-2026-1845,2026-05-22T00:00:00,Synthetic Credential Threats Observation 1845,CREDENTIAL THREATS,EMAIL/SENDER DOMAIN,alerts.example.net,Internal SOC,60,CRITICAL,68,FALSE_POSITIVE,2026-05-13,2026-05-22,Global,SYNTHETIC / DEMO ONLY. This record is safe educational data and is not evidence of a real attack.,Discovery,Network Service Scanning,,CAMP-05,2026-05-13
THR-2026-1846,2026-07-07T00:00:00,Synthetic Data Exposure Observation 1846,DATA EXPOSURE,DOMAIN,example.com,Public Threat Feed,61,CRITICAL,70,MONITORING,2026-07-01,2026-07-07,EU,SYNTHETIC / DEMO ONLY. This record is safe educational data and is not evidence of a real attack.,Initial Access,Phishing,,CAMP-06,2026-07-01
THR-2026-1847,2026-04-03T00:00:00,Synthetic Vulnerability Exposure Observation 1847,VULNERABILITY EXPOSURE,DOMAIN,example.org,Unknown Source,81,CRITICAL,72,MONITORING,2026-03-24,2026-04-03,IN,SYNTHETIC / DEMO ONLY. This record is safe educational data and is not evidence of a real attack.,Discovery,Network Service Scanning,,CAMP-07,2026-03-24
THR-2026-1848,2026-07-24T00:00:00,Synthetic Ransomware Observation 1848,RANSOMWARE,FILE HASH,1672ab0a0f4d2981be2ed9abd48757de55e0a97c6c4b677140fd988e3f690366,Research Report,88,CRITICAL,85,NEW,2026-06-24,2026-07-24,EU,SYNTHETIC / DEMO ONLY. This record is safe educational data and is not evidence of a real attack.,Command and Control,Application Layer Protocol,,CAMP-08,2026-06-24
THR-2026-1849,2026-09-23T00:00:00,Synthetic Vulnerability Exposure Observation 1849,VULNERABILITY EXPOSURE,URL,https://demo.invalid/threat/1849,Research Report,69,INFORMATIONAL,57,MONITORING,2026-09-09,2026-09-23,Demo,SYNTHETIC / DEMO ONLY. This record is safe educational data and is not evidence of a real attack.,Impact,Data Encrypted for Impact,,CAMP-09,2026-09-09
THR-2026-1850,2026-07-24T00:00:00,Synthetic Vulnerability Exposure Observation 1850,VULNERABILITY EXPOSURE,DOMAIN,example.com,Community Submission,55,MEDIUM,60,UNDER_REVIEW,2026-07-21,2026-07-24,EU,SYNTHETIC / DEMO ONLY. This record is safe educational data and is not evidence of a real attack.,, ,,CAMP-10,2026-07-21
THR-2026-1851,2026-02-05T00:00:00,Synthetic Ransomware Observation 1851,RANSOMWARE,CVE ID,CVE-2026-2851,Public Threat Feed,64,HIGH,74,CLOSED,2026-01-13,2026-02-05,US,SYNTHETIC / DEMO ONLY. This record is safe educational data and is not evidence of a real attack.,Exfiltration,Exfiltration Over Web Service,CVE-2026-2851,CAMP-11,2026-01-13
THR-2026-1852,2026-04-23T00:00:00,Synthetic Ransomware Observation 1852,RANSOMWARE,EMAIL/SENDER DOMAIN,mail.example.org,Security Vendor,81,HIGH,74,UNDER_REVIEW,2026-03-29,2026-04-23,EU,SYNTHETIC / DEMO ONLY. This record is safe educational data and is not evidence of a real attack.,Credential Access,Valid Accounts,,CAMP-12,2026-03-29
THR-2026-1853,2026-08-29T00:00:00,Synthetic Vulnerability Exposure Observation 1853,VULNERABILITY EXPOSURE,FILE HASH,271eddcf3aed86835cb046316e34559aca56ba3222867b746424a3c195a170f8,Public Threat Feed,46,MEDIUM,53,MONITORING,2026-08-02,2026-08-29,Global,SYNTHETIC / DEMO ONLY. This record is safe educational data and is not evidence of a real attack.,Impact,Data Encrypted for Impact,,CAMP-13,2026-08-02
THR-2026-1854,2026-06-25T00:00:00,Synthetic Web Threats Observation 1854,WEB THREATS,CVE ID,CVE-2026-2854,Security Vendor,73,LOW,59,NEW,2026-06-11,2026-06-25,US,SYNTHETIC / DEMO ONLY. This record is safe educational data and is not evidence of a real attack.,Credential Access,Valid Accounts,CVE-2026-2854,CAMP-14,2026-06-11
THR-2026-1855,2026-05-18T00:00:00,Synthetic Phishing Observation 1855,PHISHING,IP ADDRESS,198.51.100.78,Internal SOC,84,MEDIUM,73,UNDER_REVIEW,2026-05-03,2026-05-18,IN,SYNTHETIC / DEMO ONLY. This record is safe educational data and is not evidence of a real attack.,, ,,CAMP-15,2026-05-03
THR-2026-1856,2026-06-11T00:00:00,Synthetic Data Exposure Observation 1856,DATA EXPOSURE,FILE HASH,a13192f1cd1339bf828f1036e82701228d0c256c097412a9ad38c29171d99220,Unknown Source,58,CRITICAL,75,UNDER_REVIEW,2026-05-16,2026-06-11,Demo,SYNTHETIC / DEMO ONLY. This record is safe educational data and is not evidence of a real attack.,Impact,Data Encrypted for Impact,,CAMP-16,2026-05-16
THR-2026-1857,2026-01-19T00:00:00,Synthetic Phishing Observation 1857,PHISHING,URL,https://demo.invalid/threat/1857,Internal SOC,81,CRITICAL,86,FALSE_POSITIVE,2026-01-12,2026-01-19,IN,SYNTHETIC / DEMO ONLY. This record is safe educational data and is not evidence of a real attack.,Persistence,Account Access Removal,,CAMP-17,2026-01-12
THR-2026-1858,2026-01-17T00:00:00,Synthetic Web Threats Observation 1858,WEB THREATS,DOMAIN,example.org,Security Vendor,75,HIGH,65,CLOSED,2026-01-13,2026-01-17,Global,SYNTHETIC / DEMO ONLY. This record is safe educational data and is not evidence of a real attack.,Credential Access,Valid Accounts,,CAMP-18,2026-01-13
THR-2026-1859,2026-06-23T00:00:00,Synthetic Data Exposure Observation 1859,DATA EXPOSURE,URL,https://demo.invalid/threat/1859,Unknown Source,65,CRITICAL,73,UNDER_REVIEW,2026-06-14,2026-06-23,IN,SYNTHETIC / DEMO ONLY. This record is safe educational data and is not evidence of a real attack.,Credential Access,Valid Accounts,,CAMP-19,2026-06-14
THR-2026-1860,2026-09-26T00:00:00,Synthetic Account Security Observation 1860,ACCOUNT SECURITY,URL,https://demo.invalid/threat/1860,Community Submission,45,LOW,53,CLOSED,2026-09-25,2026-09-26,EU,SYNTHETIC / DEMO ONLY. This record is safe educational data and is not evidence of a real attack.,Initial Access,Phishing,,CAMP-20,2026-09-25
THR-2026-1861,2026-04-17T00:00:00,Synthetic Network Threats Observation 1861,NETWORK THREATS,FILE HASH,51c8db062c6fbfb0575e85d7cddb8752387384676fb55acc13eb6cc924f1ba09,Community Submission,78,MEDIUM,62,UNDER_REVIEW,2026-03-31,2026-04-17,Demo,SYNTHETIC / DEMO ONLY. This record is safe educational data and is not evidence of a real attack.,Initial Access,Phishing,,CAMP-21,2026-03-31
THR-2026-1862,2026-07-09T00:00:00,Synthetic Vulnerability Exposure Observation 1862,VULNERABILITY EXPOSURE,IP ADDRESS,192.0.2.85,Unknown Source,46,HIGH,49,NEW,2026-06-27,2026-07-09,EU,SYNTHETIC / DEMO ONLY. This record is safe educational data and is not evidence of a real attack.,Command and Control,Application Layer Protocol,,CAMP-22,2026-06-27
THR-2026-1863,2026-03-09T00:00:00,Synthetic Data Exposure Observation 1863,DATA EXPOSURE,CVE ID,CVE-2026-2863,Community Submission,95,MEDIUM,65,FALSE_POSITIVE,2026-02-10,2026-03-09,EU,SYNTHETIC / DEMO ONLY. This record is safe educational data and is not evidence of a real attack.,Initial Access,Phishing,CVE-2026-2863,CAMP-23,2026-02-10
THR-2026-1864,2026-10-03T00:00:00,Synthetic Network Threats Observation 1864,NETWORK THREATS,FILE HASH,741839eea0e7f0db8b18510186df96ae9b4ee2e1359541a1fab0ffd1f78ab0bb,Research Report,78,MEDIUM,63,MONITORING,2026-09-20,2026-10-03,IN,SYNTHETIC / DEMO ONLY. This record is safe educational data and is not evidence of a real attack.,Command and Control,Application Layer Protocol,,CAMP-24,2026-09-20
THR-2026-1865,2026-04-19T00:00:00,Synthetic Network Threats Observation 1865,NETWORK THREATS,URL,https://demo.invalid/threat/1865,Internal SOC,73,INFORMATIONAL,48,MONITORING,2026-04-10,2026-04-19,Global,SYNTHETIC / DEMO ONLY. This record is safe educational data and is not evidence of a real attack.,Initial Access,Phishing,,CAMP-25,2026-04-10
THR-2026-1866,2026-08-20T00:00:00,Synthetic Phishing Observation 1866,PHISHING,EMAIL/SENDER DOMAIN,alerts.example.net,Security Vendor,56,MEDIUM,57,UNDER_REVIEW,2026-07-24,2026-08-20,Demo,SYNTHETIC / DEMO ONLY. This record is safe educational data and is not evidence of a real attack.,Initial Access,Phishing,,CAMP-26,2026-07-24
THR-2026-1867,2026-03-24T00:00:00,Synthetic Social Engineering Observation 1867,SOCIAL ENGINEERING,DOMAIN,example.org,Security Vendor,93,MEDIUM,66,FALSE_POSITIVE,2026-03-24,2026-03-24,US,SYNTHETIC / DEMO ONLY. This record is safe educational data and is not evidence of a real attack.,Impact,Data Encrypted for Impact,,CAMP-27,2026-03-24
THR-2026-1868,2026-06-14T00:00:00,Synthetic Social Engineering Observation 1868,SOCIAL ENGINEERING,EMAIL/SENDER DOMAIN,alerts.example.net,Research Report,94,MEDIUM,54,CLOSED,2026-05-20,2026-06-14,EU,SYNTHETIC / DEMO ONLY. This record is safe educational data and is not evidence of a real attack.,, ,,CAMP-28,2026-05-20
THR-2026-1869,2026-05-05T00:00:00,Synthetic Credential Threats Observation 1869,CREDENTIAL THREATS,URL,https://demo.invalid/threat/1869,Security Vendor,45,MEDIUM,66,UNDER_REVIEW,2026-04-24,2026-05-05,US,SYNTHETIC / DEMO ONLY. This record is safe educational data and is not evidence of a real attack.,Initial Access,Phishing,,CAMP-29,2026-04-24
THR-2026-1870,2026-03-08T00:00:00,Synthetic Credential Threats Observation 1870,CREDENTIAL THREATS,DOMAIN,demo.invalid,Security Vendor,65,HIGH,76,MONITORING,2026-02-17,2026-03-08,Global,SYNTHETIC / DEMO ONLY. This record is safe educational data and is not evidence of a real attack.,Discovery,Network Service Scanning,,CAMP-30,2026-02-17
THR-2026-1871,2026-05-01T00:00:00,Synthetic Social Engineering Observation 1871,SOCIAL ENGINEERING,DOMAIN,example.org,Research Report,72,MEDIUM,61,FALSE_POSITIVE,2026-04-19,2026-05-01,Global,SYNTHETIC / DEMO ONLY. This record is safe educational data and is not evidence of a real attack.,Discovery,Network Service Scanning,,CAMP-31,2026-04-19
THR-2026-1872,2026-02-01T00:00:00,Synthetic Phishing Observation 1872,PHISHING,EMAIL/SENDER DOMAIN,alerts.example.net,Internal SOC,88,MEDIUM,69,UNDER_REVIEW,2026-01-15,2026-02-01,EU,SYNTHETIC / DEMO ONLY. This record is safe educational data and is not evidence of a real attack.,Command and Control,Application Layer Protocol,,CAMP-32,2026-01-15
THR-2026-1873,2026-02-03T00:00:00,Synthetic Web Threats Observation 1873,WEB THREATS,URL,https://demo.invalid/threat/1873,Security Vendor,66,LOW,59,UNDER_REVIEW,2026-01-29,2026-02-03,IN,SYNTHETIC / DEMO ONLY. This record is safe educational data and is not evidence of a real attack.,Credential Access,Valid Accounts,,CAMP-33,2026-01-29
THR-2026-1874,2026-07-26T00:00:00,Synthetic Network Threats Observation 1874,NETWORK THREATS,IP ADDRESS,198.51.100.97,Unknown Source,66,HIGH,60,UNDER_REVIEW,2026-07-09,2026-07-26,US,SYNTHETIC / DEMO ONLY. This record is safe educational data and is not evidence of a real attack.,Exfiltration,Exfiltration Over Web Service,,CAMP-34,2026-07-09
THR-2026-1875,2026-05-15T00:00:00,Synthetic Malware Observation 1875,MALWARE,CVE ID,CVE-2026-2875,Unknown Source,60,LOW,48,MONITORING,2026-04-26,2026-05-15,Demo,SYNTHETIC / DEMO ONLY. This record is safe educational data and is not evidence of a real attack.,Credential Access,Valid Accounts,CVE-2026-2875,CAMP-35,2026-04-26
THR-2026-1876,2026-04-26T00:00:00,Synthetic Account Security Observation 1876,ACCOUNT SECURITY,URL,https://demo.invalid/threat/1876,Security Vendor,71,MEDIUM,56,NEW,2026-04-01,2026-04-26,EU,SYNTHETIC / DEMO ONLY. This record is safe educational data and is not evidence of a real attack.,Impact,Data Encrypted for Impact,,CAMP-36,2026-04-01
THR-2026-1877,2026-05-05T00:00:00,Synthetic Ransomware Observation 1877,RANSOMWARE,DOMAIN,example.net,Internal SOC,78,LOW,60,NEW,2026-04-05,2026-05-05,IN,SYNTHETIC / DEMO ONLY. This record is safe educational data and is not evidence of a real attack.,Initial Access,Phishing,,CAMP-37,2026-04-05
THR-2026-1878,2026-05-23T00:00:00,Synthetic Vulnerability Exposure Observation 1878,VULNERABILITY EXPOSURE,IP ADDRESS,198.51.100.101,Community Submission,71,LOW,61,CLOSED,2026-05-03,2026-05-23,EU,SYNTHETIC / DEMO ONLY. This record is safe educational data and is not evidence of a real attack.,Command and Control,Application Layer Protocol,,CAMP-38,2026-05-03
THR-2026-1879,2026-04-19T00:00:00,Synthetic Account Security Observation 1879,ACCOUNT SECURITY,EMAIL/SENDER DOMAIN,alerts.example.net,Research Report,60,MEDIUM,53,MONITORING,2026-03-31,2026-04-19,EU,SYNTHETIC / DEMO ONLY. This record is safe educational data and is not evidence of a real attack.,, ,,CAMP-39,2026-03-31
THR-2026-1880,2026-03-17T00:00:00,Synthetic Phishing Observation 1880,PHISHING,IP ADDRESS,192.0.2.103,Security Vendor,83,MEDIUM,66,MONITORING,2026-02-21,2026-03-17,EU,SYNTHETIC / DEMO ONLY. This record is safe educational data and is not evidence of a real attack.,, ,,CAMP-00,2026-02-21
THR-2026-1881,2026-05-05T00:00:00,Synthetic Ransomware Observation 1881,RANSOMWARE,EMAIL/SENDER DOMAIN,alerts.example.net,Internal SOC,88,CRITICAL,74,FALSE_POSITIVE,2026-04-30,2026-05-05,Demo,SYNTHETIC / DEMO ONLY. This record is safe educational data and is not evidence of a real attack.,Credential Access,Valid Accounts,,CAMP-01,2026-04-30
THR-2026-1882,2026-04-09T00:00:00,Synthetic Data Exposure Observation 1882,DATA EXPOSURE,IP ADDRESS,192.0.2.105,Community Submission,95,HIGH,71,FALSE_POSITIVE,2026-03-30,2026-04-09,EU,SYNTHETIC / DEMO ONLY. This record is safe educational data and is not evidence of a real attack.,Credential Access,Valid Accounts,,CAMP-02,2026-03-30
THR-2026-1883,2026-02-09T00:00:00,Synthetic Phishing Observation 1883,PHISHING,EMAIL/SENDER DOMAIN,alerts.example.net,Security Vendor,46,MEDIUM,56,CLOSED,2026-01-17,2026-02-09,US,SYNTHETIC / DEMO ONLY. This record is safe educational data and is not evidence of a real attack.,Discovery,Network Service Scanning,,CAMP-03,2026-01-17
THR-2026-1884,2026-01-07T00:00:00,Synthetic Network Threats Observation 1884,NETWORK THREATS,CVE ID,CVE-2026-2884,Unknown Source,94,CRITICAL,80,NEW,2026-01-05,2026-01-07,Global,SYNTHETIC / DEMO ONLY. This record is safe educational data and is not evidence of a real attack.,, ,CVE-2026-2884,CAMP-04,2026-01-05
THR-2026-1885,2026-04-16T00:00:00,Synthetic Network Threats Observation 1885,NETWORK THREATS,FILE HASH,77ca2d825e67568215f192dea3dddf8599aa4ef43a89c4b696725a789e2c8841,Public Threat Feed,45,INFORMATIONAL,44,MONITORING,2026-03-23,2026-04-16,US,SYNTHETIC / DEMO ONLY. This record is safe educational data and is not evidence of a real attack.,Initial Access,Phishing,,CAMP-05,2026-03-23
THR-2026-1886,2026-05-14T00:00:00,Synthetic Account Security Observation 1886,ACCOUNT SECURITY,URL,https://demo.invalid/threat/1886,Internal SOC,50,LOW,44,CLOSED,2026-05-01,2026-05-14,EU,SYNTHETIC / DEMO ONLY. This record is safe educational data and is not evidence of a real attack.,Impact,Data Encrypted for Impact,,CAMP-06,2026-05-01
THR-2026-1887,2026-10-23T00:00:00,Synthetic Account Security Observation 1887,ACCOUNT SECURITY,EMAIL/SENDER DOMAIN,mail.example.org,Community Submission,85,MEDIUM,68,FALSE_POSITIVE,2026-10-08,2026-10-23,Demo,SYNTHETIC / DEMO ONLY. This record is safe educational data and is not evidence of a real attack.,Initial Access,Phishing,,CAMP-07,2026-10-08
THR-2026-1888,2026-03-26T00:00:00,Synthetic Account Security Observation 1888,ACCOUNT SECURITY,EMAIL/SENDER DOMAIN,alerts.example.net,Unknown Source,79,HIGH,68,UNDER_REVIEW,2026-02-27,2026-03-26,Global,SYNTHETIC / DEMO ONLY. This record is safe educational data and is not evidence of a real attack.,Credential Access,Valid Accounts,,CAMP-08,2026-02-27
THR-2026-1889,2026-09-03T00:00:00,Synthetic Network Threats Observation 1889,NETWORK THREATS,FILE HASH,4beb1f1bb3e7846400c07207baeb4205e1aec2d56415c880a1daaab2601292e0,Public Threat Feed,66,LOW,47,CLOSED,2026-08-27,2026-09-03,IN,SYNTHETIC / DEMO ONLY. This record is safe educational data and is not evidence of a real attack.,Credential Access,Valid Accounts,,CAMP-09,2026-08-27
THR-2026-1890,2026-04-21T00:00:00,Synthetic Social Engineering Observation 1890,SOCIAL ENGINEERING,EMAIL/SENDER DOMAIN,alerts.example.net,Research Report,80,LOW,54,NEW,2026-03-31,2026-04-21,EU,SYNTHETIC / DEMO ONLY. This record is safe educational data and is not evidence of a real attack.,Persistence,Account Access Removal,,CAMP-10,2026-03-31
THR-2026-1891,2026-04-13T00:00:00,Synthetic Web Threats Observation 1891,WEB THREATS,EMAIL/SENDER DOMAIN,mail.example.org,Internal SOC,54,CRITICAL,66,CLOSED,2026-04-11,2026-04-13,Demo,SYNTHETIC / DEMO ONLY. This record is safe educational data and is not evidence of a real attack.,Initial Access,Phishing,,CAMP-11,2026-04-11
THR-2026-1892,2026-07-05T00:00:00,Synthetic Account Security Observation 1892,ACCOUNT SECURITY,CVE ID,CVE-2026-2892,Research Report,90,INFORMATIONAL,55,CLOSED,2026-06-13,2026-07-05,EU,SYNTHETIC / DEMO ONLY. This record is safe educational data and is not evidence of a real attack.,Credential Access,Valid Accounts,CVE-2026-2892,CAMP-12,2026-06-13
THR-2026-1893,2026-05-01T00:00:00,Synthetic Network Threats Observation 1893,NETWORK THREATS,DOMAIN,demo.invalid,Research Report,65,LOW,50,UNDER_REVIEW,2026-04-23,2026-05-01,Global,SYNTHETIC / DEMO ONLY. This record is safe educational data and is not evidence of a real attack.,Discovery,Network Service Scanning,,CAMP-13,2026-04-23
THR-2026-1894,2026-09-20T00:00:00,Synthetic Network Threats Observation 1894,NETWORK THREATS,FILE HASH,6a31a60c9c6aba522b9d98fcd2b997536ab1fcb80aaca5753f324e4b133c022a,Research Report,75,HIGH,74,MONITORING,2026-09-05,2026-09-20,Demo,SYNTHETIC / DEMO ONLY. This record is safe educational data and is not evidence of a real attack.,Command and Control,Application Layer Protocol,,CAMP-14,2026-09-05
THR-2026-1895,2026-09-23T00:00:00,Synthetic Web Threats Observation 1895,WEB THREATS,IP ADDRESS,198.51.100.118,Internal SOC,58,LOW,56,NEW,2026-09-18,2026-09-23,Demo,SYNTHETIC / DEMO ONLY. This record is safe educational data and is not evidence of a real attack.,Credential Access,Valid Accounts,,CAMP-15,2026-09-18
THR-2026-1896,2026-06-06T00:00:00,Synthetic Account Security Observation 1896,ACCOUNT SECURITY,EMAIL/SENDER DOMAIN,alerts.example.net,Security Vendor,73,MEDIUM,72,MONITORING,2026-05-12,2026-06-06,Global,SYNTHETIC / DEMO ONLY. This record is safe educational data and is not evidence of a real attack.,Impact,Data Encrypted for Impact,,CAMP-16,2026-05-12
THR-2026-1897,2026-02-10T00:00:00,Synthetic Ransomware Observation 1897,RANSOMWARE,URL,https://demo.invalid/threat/1897,Research Report,98,MEDIUM,66,FALSE_POSITIVE,2026-01-31,2026-02-10,EU,SYNTHETIC / DEMO ONLY. This record is safe educational data and is not evidence of a real attack.,Persistence,Account Access Removal,,CAMP-17,2026-01-31
THR-2026-1898,2026-02-10T00:00:00,Synthetic Credential Threats Observation 1898,CREDENTIAL THREATS,CVE ID,CVE-2026-2898,Public Threat Feed,81,HIGH,71,FALSE_POSITIVE,2026-01-20,2026-02-10,IN,SYNTHETIC / DEMO ONLY. This record is safe educational data and is not evidence of a real attack.,Credential Access,Valid Accounts,CVE-2026-2898,CAMP-18,2026-01-20
THR-2026-1899,2026-09-23T00:00:00,Synthetic Phishing Observation 1899,PHISHING,IP ADDRESS,203.0.113.122,Security Vendor,75,MEDIUM,64,MONITORING,2026-09-22,2026-09-23,Demo,SYNTHETIC / DEMO ONLY. This record is safe educational data and is not evidence of a real attack.,Credential Access,Valid Accounts,,CAMP-19,2026-09-22
THR-2026-1900,2026-07-26T00:00:00,Synthetic Malware Observation 1900,MALWARE,URL,https://demo.invalid/threat/1900,Security Vendor,67,LOW,57,UNDER_REVIEW,2026-07-14,2026-07-26,Global,SYNTHETIC / DEMO ONLY. This record is safe educational data and is not evidence of a real attack.,Impact,Data Encrypted for Impact,,CAMP-20,2026-07-14
THR-2026-1901,2026-04-07T00:00:00,Synthetic Web Threats Observation 1901,WEB THREATS,FILE HASH,e784ffdbcd306e0e6c43ae6b7d89b33bca68945cb58391e7838772c4f28de18b,Security Vendor,50,MEDIUM,62,MONITORING,2026-03-09,2026-04-07,Global,SYNTHETIC / DEMO ONLY. This record is safe educational data and is not evidence of a real attack.,Command and Control,Application Layer Protocol,,CAMP-21,2026-03-09
THR-2026-1902,2026-02-05T00:00:00,Synthetic Malware Observation 1902,MALWARE,FILE HASH,e9253797405d5a01d4ab5973e6ccfbd00074893e8ab144f09480c81f6eeb5fba,Research Report,73,HIGH,59,UNDER_REVIEW,2026-01-30,2026-02-05,Demo,SYNTHETIC / DEMO ONLY. This record is safe educational data and is not evidence of a real attack.,Initial Access,Phishing,,CAMP-22,2026-01-30
THR-2026-1903,2026-07-13T00:00:00,Synthetic Ransomware Observation 1903,RANSOMWARE,FILE HASH,76799e759afe4c144fa8a72a5b45aa63d7df9383a01c53cc8d501e301890574e,Unknown Source,97,LOW,74,UNDER_REVIEW,2026-06-24,2026-07-13,Global,SYNTHETIC / DEMO ONLY. This record is safe educational data and is not evidence of a real attack.,Exfiltration,Exfiltration Over Web Service,,CAMP-23,2026-06-24
THR-2026-1904,2026-09-18T00:00:00,Synthetic Ransomware Observation 1904,RANSOMWARE,CVE ID,CVE-2026-2904,Internal SOC,82,MEDIUM,60,CLOSED,2026-08-22,2026-09-18,US,SYNTHETIC / DEMO ONLY. This record is safe educational data and is not evidence of a real attack.,Credential Access,Valid Accounts,CVE-2026-2904,CAMP-24,2026-08-22
THR-2026-1905,2026-04-18T00:00:00,Synthetic Vulnerability Exposure Observation 1905,VULNERABILITY EXPOSURE,IP ADDRESS,198.51.100.128,Community Submission,86,LOW,71,NEW,2026-04-14,2026-04-18,US,SYNTHETIC / DEMO ONLY. This record is safe educational data and is not evidence of a real attack.,Discovery,Network Service Scanning,,CAMP-25,2026-04-14
THR-2026-1906,2026-09-24T00:00:00,Synthetic Malware Observation 1906,MALWARE,EMAIL/SENDER DOMAIN,mail.example.org,Research Report,64,HIGH,63,NEW,2026-09-22,2026-09-24,IN,SYNTHETIC / DEMO ONLY. This record is safe educational data and is not evidence of a real attack.,Exfiltration,Exfiltration Over Web Service,,CAMP-26,2026-09-22
THR-2026-1907,2026-05-14T00:00:00,Synthetic Vulnerability Exposure Observation 1907,VULNERABILITY EXPOSURE,CVE ID,CVE-2026-2907,Unknown Source,80,MEDIUM,54,MONITORING,2026-05-02,2026-05-14,Global,SYNTHETIC / DEMO ONLY. This record is safe educational data and is not evidence of a real attack.,, ,CVE-2026-2907,CAMP-27,2026-05-02
THR-2026-1908,2026-05-01T00:00:00,Synthetic Credential Threats Observation 1908,CREDENTIAL THREATS,DOMAIN,example.net,Unknown Source,65,HIGH,60,UNDER_REVIEW,2026-05-01,2026-05-01,EU,SYNTHETIC / DEMO ONLY. This record is safe educational data and is not evidence of a real attack.,, ,,CAMP-28,2026-05-01
THR-2026-1909,2026-09-18T00:00:00,Synthetic Social Engineering Observation 1909,SOCIAL ENGINEERING,DOMAIN,example.com,Community Submission,87,LOW,71,FALSE_POSITIVE,2026-08-25,2026-09-18,IN,SYNTHETIC / DEMO ONLY. This record is safe educational data and is not evidence of a real attack.,Impact,Data Encrypted for Impact,,CAMP-29,2026-08-25
THR-2026-1910,2026-08-14T00:00:00,Synthetic Data Exposure Observation 1910,DATA EXPOSURE,CVE ID,CVE-2026-2910,Internal SOC,57,HIGH,70,FALSE_POSITIVE,2026-08-11,2026-08-14,IN,SYNTHETIC / DEMO ONLY. This record is safe educational data and is not evidence of a real attack.,Discovery,Network Service Scanning,CVE-2026-2910,CAMP-30,2026-08-11
THR-2026-1911,2026-09-24T00:00:00,Synthetic Social Engineering Observation 1911,SOCIAL ENGINEERING,FILE HASH,82d0c80abf48cc581b973400c947ff39a8d68e5ef21dc6edb0d780d88140a838,Public Threat Feed,83,LOW,63,MONITORING,2026-09-23,2026-09-24,Demo,SYNTHETIC / DEMO ONLY. This record is safe educational data and is not evidence of a real attack.,Credential Access,Valid Accounts,,CAMP-31,2026-09-23
THR-2026-1912,2026-02-22T00:00:00,Synthetic Credential Threats Observation 1912,CREDENTIAL THREATS,EMAIL/SENDER DOMAIN,alerts.example.net,Internal SOC,76,MEDIUM,68,UNDER_REVIEW,2026-02-02,2026-02-22,EU,SYNTHETIC / DEMO ONLY. This record is safe educational data and is not evidence of a real attack.,Impact,Data Encrypted for Impact,,CAMP-32,2026-02-02
THR-2026-1913,2026-05-11T00:00:00,Synthetic Data Exposure Observation 1913,DATA EXPOSURE,DOMAIN,example.com,Security Vendor,48,MEDIUM,54,NEW,2026-05-06,2026-05-11,US,SYNTHETIC / DEMO ONLY. This record is safe educational data and is not evidence of a real attack.,, ,,CAMP-33,2026-05-06
THR-2026-1914,2026-08-05T00:00:00,Synthetic Credential Threats Observation 1914,CREDENTIAL THREATS,DOMAIN,example.net,Unknown Source,97,HIGH,80,FALSE_POSITIVE,2026-07-25,2026-08-05,Demo,SYNTHETIC / DEMO ONLY. This record is safe educational data and is not evidence of a real attack.,Credential Access,Valid Accounts,,CAMP-34,2026-07-25
THR-2026-1915,2026-06-01T00:00:00,Synthetic Account Security Observation 1915,ACCOUNT SECURITY,CVE ID,CVE-2026-2915,Internal SOC,96,HIGH,72,CLOSED,2026-05-10,2026-06-01,US,SYNTHETIC / DEMO ONLY. This record is safe educational data and is not evidence of a real attack.,Persistence,Account Access Removal,CVE-2026-2915,CAMP-35,2026-05-10
THR-2026-1916,2026-08-01T00:00:00,Synthetic Account Security Observation 1916,ACCOUNT SECURITY,DOMAIN,demo.invalid,Security Vendor,49,HIGH,65,FALSE_POSITIVE,2026-07-06,2026-08-01,Demo,SYNTHETIC / DEMO ONLY. This record is safe educational data and is not evidence of a real attack.,Credential Access,Valid Accounts,,CAMP-36,2026-07-06
THR-2026-1917,2026-05-02T00:00:00,Synthetic Ransomware Observation 1917,RANSOMWARE,CVE ID,CVE-2026-2917,Internal SOC,98,LOW,56,FALSE_POSITIVE,2026-04-06,2026-05-02,Global,SYNTHETIC / DEMO ONLY. This record is safe educational data and is not evidence of a real attack.,Initial Access,Phishing,CVE-2026-2917,CAMP-37,2026-04-06
THR-2026-1918,2026-03-08T00:00:00,Synthetic Web Threats Observation 1918,WEB THREATS,EMAIL/SENDER DOMAIN,alerts.example.net,Community Submission,81,MEDIUM,73,NEW,2026-03-02,2026-03-08,IN,SYNTHETIC / DEMO ONLY. This record is safe educational data and is not evidence of a real attack.,Persistence,Account Access Removal,,CAMP-38,2026-03-02
THR-2026-1919,2026-01-30T00:00:00,Synthetic Ransomware Observation 1919,RANSOMWARE,URL,https://demo.invalid/threat/1919,Community Submission,54,MEDIUM,68,NEW,2026-01-11,2026-01-30,US,SYNTHETIC / DEMO ONLY. This record is safe educational data and is not evidence of a real attack.,Impact,Data Encrypted for Impact,,CAMP-39,2026-01-11
THR-2026-1920,2026-04-07T00:00:00,Synthetic Vulnerability Exposure Observation 1920,VULNERABILITY EXPOSURE,DOMAIN,example.org,Public Threat Feed,46,MEDIUM,56,NEW,2026-03-13,2026-04-07,Global,SYNTHETIC / DEMO ONLY. This record is safe educational data and is not evidence of a real attack.,, ,,CAMP-00,2026-03-13
THR-2026-1921,2026-08-25T00:00:00,Synthetic Phishing Observation 1921,PHISHING,URL,https://demo.invalid/threat/1921,Community Submission,58,HIGH,71,CLOSED,2026-07-30,2026-08-25,US,SYNTHETIC / DEMO ONLY. This record is safe educational data and is not evidence of a real attack.,Impact,Data Encrypted for Impact,,CAMP-01,2026-07-30
THR-2026-1922,2026-08-09T00:00:00,Synthetic Malware Observation 1922,MALWARE,DOMAIN,example.com,Research Report,91,CRITICAL,81,MONITORING,2026-07-16,2026-08-09,Demo,SYNTHETIC / DEMO ONLY. This record is safe educational data and is not evidence of a real attack.,Impact,Data Encrypted for Impact,,CAMP-02,2026-07-16
THR-2026-1923,2026-03-14T00:00:00,Synthetic Account Security Observation 1923,ACCOUNT SECURITY,URL,https://demo.invalid/threat/1923,Internal SOC,74,LOW,58,MONITORING,2026-02-12,2026-03-14,US,SYNTHETIC / DEMO ONLY. This record is safe educational data and is not evidence of a real attack.,, ,,CAMP-03,2026-02-12
THR-2026-1924,2026-10-22T00:00:00,Synthetic Web Threats Observation 1924,WEB THREATS,URL,https://demo.invalid/threat/1924,Internal SOC,86,LOW,59,FALSE_POSITIVE,2026-09-27,2026-10-22,EU,SYNTHETIC / DEMO ONLY. This record is safe educational data and is not evidence of a real attack.,Credential Access,Valid Accounts,,CAMP-04,2026-09-27
THR-2026-1925,2026-06-17T00:00:00,Synthetic Credential Threats Observation 1925,CREDENTIAL THREATS,DOMAIN,example.org,Public Threat Feed,55,INFORMATIONAL,46,NEW,2026-06-05,2026-06-17,US,SYNTHETIC / DEMO ONLY. This record is safe educational data and is not evidence of a real attack.,, ,,CAMP-05,2026-06-05
THR-2026-1926,2026-04-02T00:00:00,Synthetic Data Exposure Observation 1926,DATA EXPOSURE,IP ADDRESS,198.51.100.149,Unknown Source,71,MEDIUM,64,CLOSED,2026-03-08,2026-04-02,US,SYNTHETIC / DEMO ONLY. This record is safe educational data and is not evidence of a real attack.,Impact,Data Encrypted for Impact,,CAMP-06,2026-03-08
THR-2026-1927,2026-08-04T00:00:00,Synthetic Account Security Observation 1927,ACCOUNT SECURITY,CVE ID,CVE-2026-2927,Public Threat Feed,52,MEDIUM,54,CLOSED,2026-07-14,2026-08-04,Demo,SYNTHETIC / DEMO ONLY. This record is safe educational data and is not evidence of a real attack.,, ,CVE-2026-2927,CAMP-07,2026-07-14
THR-2026-1928,2026-05-09T00:00:00,Synthetic Social Engineering Observation 1928,SOCIAL ENGINEERING,EMAIL/SENDER DOMAIN,mail.example.org,Unknown Source,72,HIGH,65,NEW,2026-04-30,2026-05-09,EU,SYNTHETIC / DEMO ONLY. This record is safe educational data and is not evidence of a real attack.,Discovery,Network Service Scanning,,CAMP-08,2026-04-30
THR-2026-1929,2026-06-28T00:00:00,Synthetic Social Engineering Observation 1929,SOCIAL ENGINEERING,EMAIL/SENDER DOMAIN,alerts.example.net,Research Report,76,INFORMATIONAL,57,MONITORING,2026-06-01,2026-06-28,IN,SYNTHETIC / DEMO ONLY. This record is safe educational data and is not evidence of a real attack.,Discovery,Network Service Scanning,,CAMP-09,2026-06-01
THR-2026-1930,2026-10-16T00:00:00,Synthetic Vulnerability Exposure Observation 1930,VULNERABILITY EXPOSURE,CVE ID,CVE-2026-2930,Community Submission,72,MEDIUM,64,UNDER_REVIEW,2026-09-17,2026-10-16,US,SYNTHETIC / DEMO ONLY. This record is safe educational data and is not evidence of a real attack.,, ,CVE-2026-2930,CAMP-10,2026-09-17
THR-2026-1931,2026-01-29T00:00:00,Synthetic Network Threats Observation 1931,NETWORK THREATS,EMAIL/SENDER DOMAIN,alerts.example.net,Public Threat Feed,53,MEDIUM,58,MONITORING,2026-01-17,2026-01-29,Global,SYNTHETIC / DEMO ONLY. This record is safe educational data and is not evidence of a real attack.,Exfiltration,Exfiltration Over Web Service,,CAMP-11,2026-01-17
THR-2026-1932,2026-01-30T00:00:00,Synthetic Malware Observation 1932,MALWARE,FILE HASH,a93da824d97a4dac51755fc960856859b76cb2f3c9ceffd5590e6177a48aa544,Security Vendor,95,LOW,52,MONITORING,2026-01-20,2026-01-30,IN,SYNTHETIC / DEMO ONLY. This record is safe educational data and is not evidence of a real attack.,Persistence,Account Access Removal,,CAMP-12,2026-01-20
THR-2026-1933,2026-08-27T00:00:00,Synthetic Data Exposure Observation 1933,DATA EXPOSURE,URL,https://demo.invalid/threat/1933,Unknown Source,86,HIGH,69,FALSE_POSITIVE,2026-08-27,2026-08-27,US,SYNTHETIC / DEMO ONLY. This record is safe educational data and is not evidence of a real attack.,Initial Access,Phishing,,CAMP-13,2026-08-27
THR-2026-1934,2026-01-11T00:00:00,Synthetic Ransomware Observation 1934,RANSOMWARE,EMAIL/SENDER DOMAIN,alerts.example.net,Security Vendor,53,HIGH,54,NEW,2026-01-02,2026-01-11,US,SYNTHETIC / DEMO ONLY. This record is safe educational data and is not evidence of a real attack.,Initial Access,Phishing,,CAMP-14,2026-01-02
THR-2026-1935,2026-04-23T00:00:00,Synthetic Data Exposure Observation 1935,DATA EXPOSURE,IP ADDRESS,192.0.2.158,Security Vendor,54,MEDIUM,71,NEW,2026-03-25,2026-04-23,EU,SYNTHETIC / DEMO ONLY. This record is safe educational data and is not evidence of a real attack.,Impact,Data Encrypted for Impact,,CAMP-15,2026-03-25
THR-2026-1936,2026-07-23T00:00:00,Synthetic Phishing Observation 1936,PHISHING,URL,https://demo.invalid/threat/1936,Research Report,50,HIGH,63,UNDER_REVIEW,2026-06-24,2026-07-23,IN,SYNTHETIC / DEMO ONLY. This record is safe educational data and is not evidence of a real attack.,Impact,Data Encrypted for Impact,,CAMP-16,2026-06-24
THR-2026-1937,2026-09-05T00:00:00,Synthetic Social Engineering Observation 1937,SOCIAL ENGINEERING,IP ADDRESS,192.0.2.160,Security Vendor,54,HIGH,68,MONITORING,2026-08-16,2026-09-05,IN,SYNTHETIC / DEMO ONLY. This record is safe educational data and is not evidence of a real attack.,Persistence,Account Access Removal,,CAMP-17,2026-08-16
THR-2026-1938,2026-05-16T00:00:00,Synthetic Social Engineering Observation 1938,SOCIAL ENGINEERING,DOMAIN,example.net,Unknown Source,89,MEDIUM,67,CLOSED,2026-05-09,2026-05-16,IN,SYNTHETIC / DEMO ONLY. This record is safe educational data and is not evidence of a real attack.,Exfiltration,Exfiltration Over Web Service,,CAMP-18,2026-05-09
THR-2026-1939,2026-03-10T00:00:00,Synthetic Web Threats Observation 1939,WEB THREATS,IP ADDRESS,192.0.2.162,Internal SOC,71,LOW,55,UNDER_REVIEW,2026-02-20,2026-03-10,EU,SYNTHETIC / DEMO ONLY. This record is safe educational data and is not evidence of a real attack.,Credential Access,Valid Accounts,,CAMP-19,2026-02-20
THR-2026-1940,2026-09-29T00:00:00,Synthetic Phishing Observation 1940,PHISHING,URL,https://demo.invalid/threat/1940,Internal SOC,89,LOW,65,MONITORING,2026-09-01,2026-09-29,EU,SYNTHETIC / DEMO ONLY. This record is safe educational data and is not evidence of a real attack.,Discovery,Network Service Scanning,,CAMP-20,2026-09-01
THR-2026-1941,2026-07-18T00:00:00,Synthetic Phishing Observation 1941,PHISHING,EMAIL/SENDER DOMAIN,alerts.example.net,Security Vendor,95,CRITICAL,88,MONITORING,2026-07-03,2026-07-18,Demo,SYNTHETIC / DEMO ONLY. This record is safe educational data and is not evidence of a real attack.,Exfiltration,Exfiltration Over Web Service,,CAMP-21,2026-07-03
THR-2026-1942,2026-06-15T00:00:00,Synthetic Ransomware Observation 1942,RANSOMWARE,IP ADDRESS,192.0.2.165,Security Vendor,53,HIGH,61,NEW,2026-06-12,2026-06-15,IN,SYNTHETIC / DEMO ONLY. This record is safe educational data and is not evidence of a real attack.,Discovery,Network Service Scanning,,CAMP-22,2026-06-12
THR-2026-1943,2026-10-15T00:00:00,Synthetic Vulnerability Exposure Observation 1943,VULNERABILITY EXPOSURE,CVE ID,CVE-2026-2943,Internal SOC,94,CRITICAL,86,MONITORING,2026-09-19,2026-10-15,Global,SYNTHETIC / DEMO ONLY. This record is safe educational data and is not evidence of a real attack.,Impact,Data Encrypted for Impact,CVE-2026-2943,CAMP-23,2026-09-19
THR-2026-1944,2026-04-13T00:00:00,Synthetic Social Engineering Observation 1944,SOCIAL ENGINEERING,FILE HASH,3cdeec90493c4ca3ae1b087a35aa53eeca7d323671781c5d912bf6482c1bd10e,Research Report,51,LOW,50,MONITORING,2026-03-22,2026-04-13,Global,SYNTHETIC / DEMO ONLY. This record is safe educational data and is not evidence of a real attack.,Initial Access,Phishing,,CAMP-24,2026-03-22
THR-2026-1945,2026-08-10T00:00:00,Synthetic Vulnerability Exposure Observation 1945,VULNERABILITY EXPOSURE,DOMAIN,example.net,Internal SOC,66,HIGH,74,CLOSED,2026-08-08,2026-08-10,EU,SYNTHETIC / DEMO ONLY. This record is safe educational data and is not evidence of a real attack.,Impact,Data Encrypted for Impact,,CAMP-25,2026-08-08
THR-2026-1946,2026-07-01T00:00:00,Synthetic Social Engineering Observation 1946,SOCIAL ENGINEERING,IP ADDRESS,192.0.2.169,Unknown Source,83,MEDIUM,66,CLOSED,2026-06-25,2026-07-01,IN,SYNTHETIC / DEMO ONLY. This record is safe educational data and is not evidence of a real attack.,Credential Access,Valid Accounts,,CAMP-26,2026-06-25
THR-2026-1947,2026-09-01T00:00:00,Synthetic Web Threats Observation 1947,WEB THREATS,FILE HASH,cc3156dd52b29461bfba6ef2799ddfdf2a850fd65772b44ece00951679874918,Public Threat Feed,68,HIGH,79,CLOSED,2026-08-11,2026-09-01,Global,SYNTHETIC / DEMO ONLY. This record is safe educational data and is not evidence of a real attack.,Initial Access,Phishing,,CAMP-27,2026-08-11
THR-2026-1948,2026-05-27T00:00:00,Synthetic Malware Observation 1948,MALWARE,EMAIL/SENDER DOMAIN,alerts.example.net,Security Vendor,89,LOW,51,FALSE_POSITIVE,2026-05-01,2026-05-27,EU,SYNTHETIC / DEMO ONLY. This record is safe educational data and is not evidence of a real attack.,Command and Control,Application Layer Protocol,,CAMP-28,2026-05-01
THR-2026-1949,2026-03-05T00:00:00,Synthetic Malware Observation 1949,MALWARE,DOMAIN,example.net,Unknown Source,76,MEDIUM,59,FALSE_POSITIVE,2026-02-13,2026-03-05,EU,SYNTHETIC / DEMO ONLY. This record is safe educational data and is not evidence of a real attack.,Persistence,Account Access Removal,,CAMP-29,2026-02-13
THR-2026-1950,2026-06-19T00:00:00,Synthetic Network Threats Observation 1950,NETWORK THREATS,EMAIL/SENDER DOMAIN,mail.example.org,Community Submission,76,HIGH,77,UNDER_REVIEW,2026-05-24,2026-06-19,EU,SYNTHETIC / DEMO ONLY. This record is safe educational data and is not evidence of a real attack.,Persistence,Account Access Removal,,CAMP-30,2026-05-24
THR-2026-1951,2026-01-15T00:00:00,Synthetic Social Engineering Observation 1951,SOCIAL ENGINEERING,URL,https://demo.invalid/threat/1951,Internal SOC,90,HIGH,80,NEW,2026-01-03,2026-01-15,Demo,SYNTHETIC / DEMO ONLY. This record is safe educational data and is not evidence of a real attack.,Persistence,Account Access Removal,,CAMP-31,2026-01-03
THR-2026-1952,2026-03-23T00:00:00,Synthetic Data Exposure Observation 1952,DATA EXPOSURE,EMAIL/SENDER DOMAIN,alerts.example.net,Public Threat Feed,96,MEDIUM,69,MONITORING,2026-03-11,2026-03-23,Global,SYNTHETIC / DEMO ONLY. This record is safe educational data and is not evidence of a real attack.,Impact,Data Encrypted for Impact,,CAMP-32,2026-03-11
THR-2026-1953,2026-08-24T00:00:00,Synthetic Credential Threats Observation 1953,CREDENTIAL THREATS,FILE HASH,414c6c67981d2f709f88e061d49a82aee7e4c20dd0ef370e7690f09ee7e22d97,Research Report,53,MEDIUM,59,FALSE_POSITIVE,2026-08-23,2026-08-24,Demo,SYNTHETIC / DEMO ONLY. This record is safe educational data and is not evidence of a real attack.,Impact,Data Encrypted for Impact,,CAMP-33,2026-08-23
THR-2026-1954,2026-07-13T00:00:00,Synthetic Phishing Observation 1954,PHISHING,IP ADDRESS,203.0.113.177,Community Submission,90,HIGH,74,MONITORING,2026-06-30,2026-07-13,US,SYNTHETIC / DEMO ONLY. This record is safe educational data and is not evidence of a real attack.,Credential Access,Valid Accounts,,CAMP-34,2026-06-30
THR-2026-1955,2026-04-24T00:00:00,Synthetic Ransomware Observation 1955,RANSOMWARE,IP ADDRESS,203.0.113.178,Public Threat Feed,74,HIGH,72,FALSE_POSITIVE,2026-04-18,2026-04-24,Demo,SYNTHETIC / DEMO ONLY. This record is safe educational data and is not evidence of a real attack.,Discovery,Network Service Scanning,,CAMP-35,2026-04-18
THR-2026-1956,2026-05-04T00:00:00,Synthetic Malware Observation 1956,MALWARE,FILE HASH,dd84be7e71f1a3a61266fdc16e91b5bdcced40ddaeee4a5181c92af63e4228b4,Research Report,74,HIGH,63,UNDER_REVIEW,2026-04-12,2026-05-04,EU,SYNTHETIC / DEMO ONLY. This record is safe educational data and is not evidence of a real attack.,Credential Access,Valid Accounts,,CAMP-36,2026-04-12
THR-2026-1957,2026-02-21T00:00:00,Synthetic Malware Observation 1957,MALWARE,DOMAIN,example.net,Unknown Source,56,LOW,47,FALSE_POSITIVE,2026-02-14,2026-02-21,Global,SYNTHETIC / DEMO ONLY. This record is safe educational data and is not evidence of a real attack.,Exfiltration,Exfiltration Over Web Service,,CAMP-37,2026-02-14
THR-2026-1958,2026-04-11T00:00:00,Synthetic Web Threats Observation 1958,WEB THREATS,FILE HASH,0fffff6969cf5f60bd4824c104789a1a109961434fad1edc1a9adbb081e0a956,Community Submission,48,HIGH,64,FALSE_POSITIVE,2026-03-27,2026-04-11,IN,SYNTHETIC / DEMO ONLY. This record is safe educational data and is not evidence of a real attack.,Impact,Data Encrypted for Impact,,CAMP-38,2026-03-27
THR-2026-1959,2026-02-22T00:00:00,Synthetic Web Threats Observation 1959,WEB THREATS,DOMAIN,example.org,Internal SOC,59,HIGH,66,MONITORING,2026-02-16,2026-02-22,US,SYNTHETIC / DEMO ONLY. This record is safe educational data and is not evidence of a real attack.,Discovery,Network Service Scanning,,CAMP-39,2026-02-16
THR-2026-1960,2026-09-19T00:00:00,Synthetic Web Threats Observation 1960,WEB THREATS,EMAIL/SENDER DOMAIN,mail.example.org,Community Submission,77,MEDIUM,62,FALSE_POSITIVE,2026-08-24,2026-09-19,EU,SYNTHETIC / DEMO ONLY. This record is safe educational data and is not evidence of a real attack.,Discovery,Network Service Scanning,,CAMP-00,2026-08-24
THR-2026-1961,2026-08-26T00:00:00,Synthetic Vulnerability Exposure Observation 1961,VULNERABILITY EXPOSURE,FILE HASH,4e082e634f574a5f5037ddd5741f86e3adb5b549b2a0331e7916d7cd172e08db,Community Submission,51,HIGH,72,NEW,2026-08-07,2026-08-26,IN,SYNTHETIC / DEMO ONLY. This record is safe educational data and is not evidence of a real attack.,Command and Control,Application Layer Protocol,,CAMP-01,2026-08-07
THR-2026-1962,2026-10-17T00:00:00,Synthetic Web Threats Observation 1962,WEB THREATS,EMAIL/SENDER DOMAIN,alerts.example.net,Community Submission,90,HIGH,73,UNDER_REVIEW,2026-10-05,2026-10-17,US,SYNTHETIC / DEMO ONLY. This record is safe educational data and is not evidence of a real attack.,Initial Access,Phishing,,CAMP-02,2026-10-05
THR-2026-1963,2026-08-06T00:00:00,Synthetic Social Engineering Observation 1963,SOCIAL ENGINEERING,IP ADDRESS,203.0.113.186,Internal SOC,55,MEDIUM,70,FALSE_POSITIVE,2026-07-27,2026-08-06,EU,SYNTHETIC / DEMO ONLY. This record is safe educational data and is not evidence of a real attack.,Credential Access,Valid Accounts,,CAMP-03,2026-07-27
THR-2026-1964,2026-08-10T00:00:00,Synthetic Account Security Observation 1964,ACCOUNT SECURITY,FILE HASH,fbd5b1b46d3422b898ed100235c8e925b46199e96bf501977b72178fcc053295,Research Report,53,MEDIUM,54,NEW,2026-08-08,2026-08-10,Global,SYNTHETIC / DEMO ONLY. This record is safe educational data and is not evidence of a real attack.,, ,,CAMP-04,2026-08-08
THR-2026-1965,2026-10-03T00:00:00,Synthetic Credential Threats Observation 1965,CREDENTIAL THREATS,EMAIL/SENDER DOMAIN,alerts.example.net,Unknown Source,63,MEDIUM,63,MONITORING,2026-09-06,2026-10-03,EU,SYNTHETIC / DEMO ONLY. This record is safe educational data and is not evidence of a real attack.,Discovery,Network Service Scanning,,CAMP-05,2026-09-06
THR-2026-1966,2026-03-19T00:00:00,Synthetic Ransomware Observation 1966,RANSOMWARE,CVE ID,CVE-2026-2966,Community Submission,52,MEDIUM,55,NEW,2026-02-28,2026-03-19,Demo,SYNTHETIC / DEMO ONLY. This record is safe educational data and is not evidence of a real attack.,, ,CVE-2026-2966,CAMP-06,2026-02-28
THR-2026-1967,2026-06-14T00:00:00,Synthetic Malware Observation 1967,MALWARE,DOMAIN,example.com,Research Report,72,LOW,59,MONITORING,2026-06-10,2026-06-14,IN,SYNTHETIC / DEMO ONLY. This record is safe educational data and is not evidence of a real attack.,Credential Access,Valid Accounts,,CAMP-07,2026-06-10
THR-2026-1968,2026-07-23T00:00:00,Synthetic Malware Observation 1968,MALWARE,FILE HASH,3a91c6a1324993993e346d857888e80c5dce8c2637504413302241ac5493b3b5,Security Vendor,73,LOW,56,NEW,2026-07-01,2026-07-23,EU,SYNTHETIC / DEMO ONLY. This record is safe educational data and is not evidence of a real attack.,Persistence,Account Access Removal,,CAMP-08,2026-07-01
THR-2026-1969,2026-03-12T00:00:00,Synthetic Web Threats Observation 1969,WEB THREATS,EMAIL/SENDER DOMAIN,mail.example.org,Internal SOC,84,HIGH,66,NEW,2026-02-10,2026-03-12,US,SYNTHETIC / DEMO ONLY. This record is safe educational data and is not evidence of a real attack.,Exfiltration,Exfiltration Over Web Service,,CAMP-09,2026-02-10
THR-2026-1970,2026-03-02T00:00:00,Synthetic Vulnerability Exposure Observation 1970,VULNERABILITY EXPOSURE,IP ADDRESS,198.51.100.193,Unknown Source,67,HIGH,68,UNDER_REVIEW,2026-02-28,2026-03-02,US,SYNTHETIC / DEMO ONLY. This record is safe educational data and is not evidence of a real attack.,Discovery,Network Service Scanning,,CAMP-10,2026-02-28
THR-2026-1971,2026-05-04T00:00:00,Synthetic Social Engineering Observation 1971,SOCIAL ENGINEERING,IP ADDRESS,203.0.113.194,Research Report,91,CRITICAL,85,UNDER_REVIEW,2026-05-03,2026-05-04,Demo,SYNTHETIC / DEMO ONLY. This record is safe educational data and is not evidence of a real attack.,Discovery,Network Service Scanning,,CAMP-11,2026-05-03
THR-2026-1972,2026-06-18T00:00:00,Synthetic Credential Threats Observation 1972,CREDENTIAL THREATS,URL,https://demo.invalid/threat/1972,Community Submission,95,HIGH,73,FALSE_POSITIVE,2026-06-04,2026-06-18,EU,SYNTHETIC / DEMO ONLY. This record is safe educational data and is not evidence of a real attack.,, ,,CAMP-12,2026-06-04
THR-2026-1973,2026-02-23T00:00:00,Synthetic Phishing Observation 1973,PHISHING,DOMAIN,example.org,Research Report,46,HIGH,68,MONITORING,2026-01-25,2026-02-23,EU,SYNTHETIC / DEMO ONLY. This record is safe educational data and is not evidence of a real attack.,Exfiltration,Exfiltration Over Web Service,,CAMP-13,2026-01-25
THR-2026-1974,2026-01-31T00:00:00,Synthetic Account Security Observation 1974,ACCOUNT SECURITY,FILE HASH,63af576602db3fd9838a8a14d7d6483d498a5dd95d6b68739b5c1d381659213e,Community Submission,56,MEDIUM,57,UNDER_REVIEW,2026-01-23,2026-01-31,EU,SYNTHETIC / DEMO ONLY. This record is safe educational data and is not evidence of a real attack.,Initial Access,Phishing,,CAMP-14,2026-01-23
THR-2026-1975,2026-06-27T00:00:00,Synthetic Web Threats Observation 1975,WEB THREATS,FILE HASH,fce43c6708c123dcb601f1465dc6d82f37d1427ae52aa6233cb6d54e0ea33709,Research Report,85,MEDIUM,72,UNDER_REVIEW,2026-06-16,2026-06-27,EU,SYNTHETIC / DEMO ONLY. This record is safe educational data and is not evidence of a real attack.,Credential Access,Valid Accounts,,CAMP-15,2026-06-16
THR-2026-1976,2026-02-08T00:00:00,Synthetic Credential Threats Observation 1976,CREDENTIAL THREATS,EMAIL/SENDER DOMAIN,mail.example.org,Unknown Source,72,MEDIUM,60,MONITORING,2026-01-17,2026-02-08,EU,SYNTHETIC / DEMO ONLY. This record is safe educational data and is not evidence of a real attack.,Persistence,Account Access Removal,,CAMP-16,2026-01-17
THR-2026-1977,2026-03-19T00:00:00,Synthetic Vulnerability Exposure Observation 1977,VULNERABILITY EXPOSURE,FILE HASH,46c5c9e5476d4b2f0c28e414ed5cd64a076244a059db0aefb3dfcb19fda0c770,Research Report,71,HIGH,72,NEW,2026-03-11,2026-03-19,US,SYNTHETIC / DEMO ONLY. This record is safe educational data and is not evidence of a real attack.,Persistence,Account Access Removal,,CAMP-17,2026-03-11
THR-2026-1978,2026-04-24T00:00:00,Synthetic Vulnerability Exposure Observation 1978,VULNERABILITY EXPOSURE,IP ADDRESS,198.51.100.201,Security Vendor,85,MEDIUM,73,CLOSED,2026-04-17,2026-04-24,Demo,SYNTHETIC / DEMO ONLY. This record is safe educational data and is not evidence of a real attack.,, ,,CAMP-18,2026-04-17
THR-2026-1979,2026-03-10T00:00:00,Synthetic Credential Threats Observation 1979,CREDENTIAL THREATS,DOMAIN,example.net,Unknown Source,72,CRITICAL,72,CLOSED,2026-02-08,2026-03-10,US,SYNTHETIC / DEMO ONLY. This record is safe educational data and is not evidence of a real attack.,, ,,CAMP-19,2026-02-08
THR-2026-1980,2026-05-25T00:00:00,Synthetic Account Security Observation 1980,ACCOUNT SECURITY,DOMAIN,demo.invalid,Community Submission,87,HIGH,70,NEW,2026-05-20,2026-05-25,IN,SYNTHETIC / DEMO ONLY. This record is safe educational data and is not evidence of a real attack.,Persistence,Account Access Removal,,CAMP-20,2026-05-20
THR-2026-1981,2026-08-19T00:00:00,Synthetic Ransomware Observation 1981,RANSOMWARE,URL,https://demo.invalid/threat/1981,Research Report,45,LOW,47,CLOSED,2026-08-18,2026-08-19,IN,SYNTHETIC / DEMO ONLY. This record is safe educational data and is not evidence of a real attack.,Discovery,Network Service Scanning,,CAMP-21,2026-08-18
THR-2026-1982,2026-02-06T00:00:00,Synthetic Social Engineering Observation 1982,SOCIAL ENGINEERING,EMAIL/SENDER DOMAIN,alerts.example.net,Internal SOC,58,LOW,62,FALSE_POSITIVE,2026-01-26,2026-02-06,Demo,SYNTHETIC / DEMO ONLY. This record is safe educational data and is not evidence of a real attack.,Credential Access,Valid Accounts,,CAMP-22,2026-01-26
THR-2026-1983,2026-08-26T00:00:00,Synthetic Social Engineering Observation 1983,SOCIAL ENGINEERING,FILE HASH,f87312d3124f37b1a97ba64729130d80262b144571b986c47247930a902355d8,Internal SOC,92,MEDIUM,65,CLOSED,2026-08-01,2026-08-26,Demo,SYNTHETIC / DEMO ONLY. This record is safe educational data and is not evidence of a real attack.,Command and Control,Application Layer Protocol,,CAMP-23,2026-08-01
THR-2026-1984,2026-01-31T00:00:00,Synthetic Credential Threats Observation 1984,CREDENTIAL THREATS,FILE HASH,244bdaa4d13d4b22b41a42cc679dc40ec9ae8ce58a9339a8e4697f7acad00f58,Security Vendor,63,HIGH,61,CLOSED,2026-01-08,2026-01-31,IN,SYNTHETIC / DEMO ONLY. This record is safe educational data and is not evidence of a real attack.,Persistence,Account Access Removal,,CAMP-24,2026-01-08
THR-2026-1985,2026-06-19T00:00:00,Synthetic Credential Threats Observation 1985,CREDENTIAL THREATS,EMAIL/SENDER DOMAIN,alerts.example.net,Security Vendor,72,MEDIUM,71,MONITORING,2026-05-30,2026-06-19,EU,SYNTHETIC / DEMO ONLY. This record is safe educational data and is not evidence of a real attack.,Command and Control,Application Layer Protocol,,CAMP-25,2026-05-30
THR-2026-1986,2026-01-27T00:00:00,Synthetic Social Engineering Observation 1986,SOCIAL ENGINEERING,IP ADDRESS,198.51.100.209,Research Report,51,LOW,49,CLOSED,2026-01-24,2026-01-27,EU,SYNTHETIC / DEMO ONLY. This record is safe educational data and is not evidence of a real attack.,Initial Access,Phishing,,CAMP-26,2026-01-24
THR-2026-1987,2026-08-11T00:00:00,Synthetic Data Exposure Observation 1987,DATA EXPOSURE,DOMAIN,demo.invalid,Security Vendor,95,HIGH,81,NEW,2026-08-09,2026-08-11,Global,SYNTHETIC / DEMO ONLY. This record is safe educational data and is not evidence of a real attack.,Impact,Data Encrypted for Impact,,CAMP-27,2026-08-09
THR-2026-1988,2026-07-19T00:00:00,Synthetic Web Threats Observation 1988,WEB THREATS,CVE ID,CVE-2026-2988,Security Vendor,45,MEDIUM,57,CLOSED,2026-07-14,2026-07-19,Global,SYNTHETIC / DEMO ONLY. This record is safe educational data and is not evidence of a real attack.,Discovery,Network Service Scanning,CVE-2026-2988,CAMP-28,2026-07-14
THR-2026-1989,2026-10-06T00:00:00,Synthetic Phishing Observation 1989,PHISHING,CVE ID,CVE-2026-2989,Community Submission,64,INFORMATIONAL,51,MONITORING,2026-10-03,2026-10-06,IN,SYNTHETIC / DEMO ONLY. This record is safe educational data and is not evidence of a real attack.,Impact,Data Encrypted for Impact,CVE-2026-2989,CAMP-29,2026-10-03
THR-2026-1990,2026-05-04T00:00:00,Synthetic Ransomware Observation 1990,RANSOMWARE,URL,https://demo.invalid/threat/1990,Internal SOC,90,HIGH,70,NEW,2026-04-24,2026-05-04,IN,SYNTHETIC / DEMO ONLY. This record is safe educational data and is not evidence of a real attack.,Persistence,Account Access Removal,,CAMP-30,2026-04-24
THR-2026-1991,2026-02-09T00:00:00,Synthetic Vulnerability Exposure Observation 1991,VULNERABILITY EXPOSURE,IP ADDRESS,192.0.2.214,Research Report,91,HIGH,80,FALSE_POSITIVE,2026-01-13,2026-02-09,Demo,SYNTHETIC / DEMO ONLY. This record is safe educational data and is not evidence of a real attack.,Discovery,Network Service Scanning,,CAMP-31,2026-01-13
THR-2026-1992,2026-08-08T00:00:00,Synthetic Phishing Observation 1992,PHISHING,FILE HASH,935c2375f83c577f30ac5eefad31703401e12aa34185e9296df221a896be7708,Research Report,75,LOW,60,CLOSED,2026-07-12,2026-08-08,EU,SYNTHETIC / DEMO ONLY. This record is safe educational data and is not evidence of a real attack.,Initial Access,Phishing,,CAMP-32,2026-07-12
THR-2026-1993,2026-03-10T00:00:00,Synthetic Network Threats Observation 1993,NETWORK THREATS,IP ADDRESS,198.51.100.216,Community Submission,94,LOW,63,FALSE_POSITIVE,2026-03-04,2026-03-10,EU,SYNTHETIC / DEMO ONLY. This record is safe educational data and is not evidence of a real attack.,Impact,Data Encrypted for Impact,,CAMP-33,2026-03-04
THR-2026-1994,2026-08-30T00:00:00,Synthetic Data Exposure Observation 1994,DATA EXPOSURE,IP ADDRESS,198.51.100.217,Community Submission,75,MEDIUM,47,FALSE_POSITIVE,2026-08-03,2026-08-30,Demo,SYNTHETIC / DEMO ONLY. This record is safe educational data and is not evidence of a real attack.,Discovery,Network Service Scanning,,CAMP-34,2026-08-03
THR-2026-1995,2026-09-10T00:00:00,Synthetic Phishing Observation 1995,PHISHING,CVE ID,CVE-2026-2995,Unknown Source,57,MEDIUM,66,MONITORING,2026-08-27,2026-09-10,Global,SYNTHETIC / DEMO ONLY. This record is safe educational data and is not evidence of a real attack.,Credential Access,Valid Accounts,CVE-2026-2995,CAMP-35,2026-08-27
THR-2026-1996,2026-08-12T00:00:00,Synthetic Phishing Observation 1996,PHISHING,DOMAIN,example.net,Internal SOC,90,HIGH,80,FALSE_POSITIVE,2026-08-04,2026-08-12,Demo,SYNTHETIC / DEMO ONLY. This record is safe educational data and is not evidence of a real attack.,Exfiltration,Exfiltration Over Web Service,,CAMP-36,2026-08-04
THR-2026-1997,2026-10-01T00:00:00,Synthetic Network Threats Observation 1997,NETWORK THREATS,EMAIL/SENDER DOMAIN,mail.example.org,Community Submission,53,CRITICAL,68,NEW,2026-09-02,2026-10-01,Global,SYNTHETIC / DEMO ONLY. This record is safe educational data and is not evidence of a real attack.,Credential Access,Valid Accounts,,CAMP-37,2026-09-02
THR-2026-1998,2026-01-13T00:00:00,Synthetic Malware Observation 1998,MALWARE,URL,https://demo.invalid/threat/1998,Unknown Source,65,MEDIUM,57,UNDER_REVIEW,2026-01-13,2026-01-13,US,SYNTHETIC / DEMO ONLY. This record is safe educational data and is not evidence of a real attack.,Impact,Data Encrypted for Impact,,CAMP-38,2026-01-13
THR-2026-1999,2026-07-09T00:00:00,Synthetic Data Exposure Observation 1999,DATA EXPOSURE,URL,https://demo.invalid/threat/1999,Public Threat Feed,52,MEDIUM,63,NEW,2026-06-10,2026-07-09,Demo,SYNTHETIC / DEMO ONLY. This record is safe educational data and is not evidence of a real attack.,Credential Access,Valid Accounts,,CAMP-39,2026-06-10
THR-2026-2000,2026-06-18T00:00:00,Synthetic Phishing Observation 2000,PHISHING,FILE HASH,d3aeef98f9133e3cfdcab8385586c10e57e01808e2cc4b4acaf7beea8dd66c3b,Community Submission,94,LOW,61,MONITORING,2026-05-31,2026-06-18,EU,SYNTHETIC / DEMO ONLY. This record is safe educational data and is not evidence of a real attack.,Impact,Data Encrypted for Impact,,CAMP-00,2026-05-31
